Temperature;Pressure;Theta;Velocity;Power
7.26;1029.41;180.46;8.76;653.35
-1.83;1031.73;240.14;2.22;8.28
0.44;994.38;322.17;16.56;2002.14
7.57;1022.33;123.87;10.53;900.39
1.51;984.67;304.34;13.47;1846.71
4.47;1014.73;318.24;1.97;4.16
4.19;1023.72;198.6;6.29;153.12
3.3;1027.67;276.03;6.6;246.53
6.45;1017.01;204.86;10.9;1151.88
2.68;1029.03;188.99;3.99;7.71
5.09;1009.94;266.04;10.82;1171.22
3.19;1035.26;314.05;4.25;8.46
4.71;1009.78;238.48;9.06;669.18
1.16;984.06;291.86;15.16;1929.95
4.8;1025.91;308.76;8.32;642.72
2.52;981.15;304.64;14.14;1750.88
5.37;1028.69;240.31;4.9;44.68
5.28;1023.4;229.82;9.79;792.33
4.49;1025.19;213.38;13.28;1760.37
6.72;1014.89;287.14;14.97;1874.62
5.1;1009.53;250.19;12.38;1530.85
4.64;1026.15;178.37;12.45;1577.61
3.58;1025.28;131.97;6.61;194.51
3.61;1029.1;218.21;6.23;193.15
2.6;1027.46;165.35;7.44;338.8
5.11;1025.43;186.73;12.94;1628.58
1.4;1027.83;137.69;5.38;66.31
3.8;1029.19;296.19;5.82;124.95
1.89;1032.85;320.08;4.95;124.76
6.57;990.43;251.48;15.12;1995.2
7.67;1017.36;298.51;17.75;1466.81
5.88;998.27;270.91;18.56;2021.39
6.44;1025.86;291.66;5.38;108.56
4.09;1016.46;229.75;17.03;2015.91
6.39;1010.04;269.11;16.17;2010.64
4.77;1025.53;275.64;4.11;5.81
4.83;1028.5;188.94;9.86;892.91
2.73;1029.84;256.04;5.26;7.12
-4.37;1032.27;343.35;1.3;7.79
5.0;998.56;226.86;7.74;390.97
5.65;999.11;247.7;13.89;1870.25
6.13;1027.79;222.1;5.57;102.64
1.76;1033.09;304.91;6.7;274.47
3.57;1004.56;294.84;14.25;1952.22
5.61;1028.54;314.37;8.65;522.78
4.88;1029.93;189.81;7.32;6.24
4.37;1014.22;283.28;2.82;4.23
3.56;1035.14;319.85;5.32;8.36
4.17;1022.6;218.45;5.29;3.75
4.0;1022.74;218.93;4.75;3.74
8.49;1029.41;142.6;2.42;7.78
1.45;1027.83;139.25;5.6;78.17
5.11;1028.79;248.97;5.04;56.6
5.18;1029.74;175.72;8.94;619.77
3.24;1034.99;305.31;3.6;8.4
5.88;998.11;267.15;17.65;2021.19
3.9;1008.44;169.14;5.51;3.76
-1.9;996.57;335.85;16.72;2000.85
4.97;1020.72;226.96;16.66;2020.71
2.22;1033.86;116.72;2.42;8.21
6.15;1029.72;191.73;7.08;284.96
3.81;1027.96;294.89;6.49;265.35
3.39;1027.82;159.52;9.46;710.73
4.59;1024.61;219.58;13.43;1821.34
3.8;1028.93;246.56;6.78;257.13
3.94;1029.13;220.38;6.39;221.7
5.4;1014.25;271.8;16.31;2014.74
4.9;1015.03;259.86;14.97;2001.56
4.88;999.65;220.54;8.85;581.74
0.2;994.85;324.41;17.47;2017.64
3.93;1006.38;315.99;14.1;1781.3
6.27;1017.49;208.89;10.02;878.28
4.55;1023.7;237.47;9.36;733.42
-4.27;1032.35;338.01;1.4;8.09
2.63;1010.93;237.55;6.32;3.67
4.4;1027.9;209.8;5.18;7.17
1.79;1030.56;317.98;7.27;330.4
3.59;1028.89;281.84;7.7;380.09
5.25;1028.27;211.99;5.36;62.81
2.34;1029.47;308.48;7.12;368.93
6.03;1018.31;180.61;10.6;1007.31
4.26;1029.12;307.63;4.83;6.74
6.15;1023.53;301.8;12.95;1613.93
4.09;1013.97;231.41;18.05;2019.47
2.72;1033.8;296.6;4.38;8.71
7.81;1023.17;111.06;9.48;636.69
4.1;1023.45;188.01;5.24;85.91
-5.05;1001.78;334.32;0.96;7.73
4.38;1027.96;207.55;5.45;7.22
7.55;1034.57;223.91;3.33;8.22
4.89;1025.81;219.84;7.36;357.53
3.44;1005.26;308.45;14.63;1995.83
4.62;983.05;270.58;15.27;1991.66
5.35;997.88;244.85;9.25;694.53
1.8;1007.52;328.52;7.74;300.36
-0.2;1032.42;317.29;6.37;172.59
3.58;1032.56;357.69;6.23;191.17
4.09;1016.74;228.4;17.44;369.19
2.65;1010.88;258.79;6.17;3.65
7.97;1034.51;207.01;3.02;8.21
6.84;1015.53;209.81;17.85;2020.82
3.15;980.32;293.94;17.53;2007.11
6.14;1017.6;206.46;10.1;916.78
3.55;1029.54;181.55;5.86;113.08
6.46;1029.77;114.2;5.34;63.07
-0.56;1002.55;329.48;5.11;63.2
4.02;1032.13;335.58;2.85;8.11
5.59;1028.53;189.64;8.48;567.67
4.41;1007.36;165.2;6.78;3.74
3.25;980.33;262.55;18.65;2022.69
4.57;1025.31;266.6;6.02;156.88
4.07;1029.59;321.16;5.06;68.78
5.25;1028.14;178.3;8.22;499.41
6.11;1008.32;251.77;16.5;2014.12
4.02;1022.86;214.49;14.02;1953.46
4.58;1026.25;228.07;6.79;264.56
3.09;1032.17;268.46;6.02;8.29
6.32;1012.54;215.68;12.43;1568.17
3.49;1029.81;231.85;4.65;25.44
3.81;1028.3;287.39;6.66;268.61
1.36;1032.63;314.58;5.25;8.39
2.64;1034.51;292.61;4.07;8.54
6.33;1018.5;161.31;10.72;949.27
3.73;1010.77;294.24;9.7;871.28
2.7;1027.68;156.28;8.72;540.18
6.6;989.34;251.0;14.63;1952.74
3.22;1003.96;301.57;13.6;1898.68
2.69;1031.81;274.85;12.06;1471.55
5.61;999.1;261.49;15.41;2012.65
2.27;1027.69;142.61;6.15;127.13
3.9;1022.98;235.85;4.91;3.69
4.54;1016.62;268.22;14.07;1974.68
2.53;1010.92;221.91;4.78;3.74
5.3;1028.21;213.36;4.12;7.26
2.03;1032.86;317.8;6.17;192.99
3.87;1006.47;314.51;12.54;1397.71
4.26;1023.34;222.22;6.43;3.71
1.68;1023.51;130.81;8.41;472.77
-2.06;1031.8;244.96;2.34;8.26
4.64;1029.2;288.41;5.41;8.43
4.68;1027.62;188.44;7.65;390.1
4.06;1034.01;207.69;5.33;86.09
5.23;1015.27;193.59;7.53;354.59
5.38;1028.59;313.7;8.81;562.38
2.62;1034.97;229.26;1.91;8.14
5.45;1016.75;266.32;11.89;1403.93
4.32;1010.03;284.58;9.54;815.26
5.32;1029.66;177.66;9.87;825.37
4.03;1026.45;121.29;2.52;8.03
4.94;1024.88;223.11;6.93;293.95
3.55;1029.39;268.76;6.89;290.31
4.48;1027.79;212.46;6.16;176.08
1.3;984.04;291.4;17.22;2008.94
4.17;1013.57;229.61;17.59;2016.25
7.4;1016.49;293.64;12.98;1548.15
5.45;1008.69;250.55;10.72;1064.8
3.95;1026.46;138.77;4.65;7.55
1.43;1000.96;312.6;11.93;1532.53
-2.49;1002.36;294.3;8.76;593.13
3.98;1032.06;329.41;3.12;8.14
5.35;1025.56;261.63;4.75;6.61
1.42;999.35;271.53;18.72;2021.97
2.37;980.44;303.87;13.99;1814.94
7.24;1028.49;326.77;5.89;169.75
4.6;1014.86;295.7;2.53;4.18
5.64;1011.72;214.76;15.61;2002.24
3.52;1029.62;184.31;5.14;7.34
4.39;1028.28;214.79;6.23;169.65
3.3;981.82;273.47;14.2;1721.38
1.91;1029.54;275.49;5.37;7.45
4.84;1012.69;321.27;1.39;3.91
4.37;1028.58;231.42;5.12;58.99
1.68;983.34;298.23;13.5;1570.53
0.91;1005.16;348.79;6.27;160.62
4.58;982.98;278.96;14.3;1794.08
4.88;1027.82;200.15;7.34;392.66
3.92;1021.66;193.02;7.96;455.19
2.22;1032.52;269.64;5.3;8.33
3.13;1029.33;273.38;7.36;375.26
1.99;992.73;313.19;15.31;1883.34
2.71;1010.88;231.91;6.66;3.63
1.88;1030.7;324.65;8.09;423.91
2.44;1010.92;220.69;6.21;3.71
4.67;1002.19;189.22;9.67;723.92
-3.84;1000.71;356.74;2.7;7.31
6.16;1020.54;215.27;7.6;167.52
4.49;1028.67;295.04;3.82;8.47
5.02;1027.8;293.92;6.91;286.64
3.35;1026.84;178.85;7.73;421.85
3.82;1021.43;180.73;6.18;3.81
1.92;1032.81;316.94;4.97;61.3
5.45;1034.13;233.64;2.17;7.78
6.13;1017.98;204.97;10.11;913.43
2.99;1031.57;175.8;8.75;578.91
0.04;1003.92;330.43;5.45;106.92
5.58;1015.61;277.82;13.45;1841.96
2.54;1032.55;265.78;5.75;8.31
5.77;1023.33;295.33;12.17;1527.34
4.04;1026.27;288.97;0.38;7.65
4.95;1035.28;241.22;0.98;8.14
2.17;1033.01;289.3;7.25;377.47
1.76;1023.6;128.35;7.88;441.19
2.91;1027.69;157.23;9.2;640.2
4.43;1025.37;209.19;12.8;1681.7
-0.58;995.58;324.91;12.62;1363.16
4.56;1028.27;220.86;5.28;7.16
1.97;982.99;296.19;15.11;1936.62
4.91;1006.27;244.42;7.82;5.96
3.04;1029.81;256.15;5.32;42.0
5.02;1030.19;178.21;8.85;593.11
4.85;1030.17;177.71;8.88;608.29
2.54;1027.58;162.17;8.02;404.63
3.29;1003.99;304.88;15.27;1967.91
-1.2;1031.93;265.2;0.94;8.28
4.12;1029.65;202.51;4.81;6.93
4.09;1025.71;281.39;7.51;365.68
0.19;999.7;350.41;6.81;284.48
2.45;980.33;299.34;12.49;1507.42
5.37;1008.86;248.34;12.27;1495.25
5.8;1028.04;142.68;4.96;20.02
3.69;1006.39;206.61;12.93;1643.29
4.85;995.13;208.25;19.36;2022.05
4.27;1008.01;257.59;11.02;1175.93
0.46;1001.44;284.17;15.43;1844.21
4.59;1023.6;239.99;7.57;384.6
7.07;1028.64;336.79;5.29;105.45
2.19;1032.58;268.52;5.71;8.4
5.38;1015.43;242.44;12.16;1437.81
2.67;1034.55;303.71;3.85;8.64
3.31;981.2;262.63;12.78;1706.05
-3.29;1031.99;246.63;2.03;8.17
6.24;1008.28;254.61;17.41;2015.46
4.14;1027.37;240.33;6.96;290.97
2.38;1032.53;266.86;5.43;8.32
6.11;1019.21;200.7;9.23;707.02
4.1;1025.26;216.36;7.22;339.76
5.8;1013.66;208.69;10.8;1076.93
2.75;981.15;280.82;15.31;1900.55
5.86;1016.26;209.13;10.53;1036.75
3.45;1029.12;238.54;5.39;92.22
3.58;1029.51;265.9;7.01;365.12
4.51;1025.17;212.32;6.93;281.29
4.37;1028.34;220.72;5.15;58.35
3.55;1026.89;214.14;9.45;743.59
3.55;1026.76;271.26;7.84;439.47
3.99;1028.08;291.9;8.22;519.09
5.68;1015.61;206.4;10.01;883.52
5.35;1011.36;314.86;6.38;3.37
4.42;1019.8;207.2;9.29;717.67
4.59;1025.87;179.72;12.01;1427.13
3.27;1029.53;258.71;4.25;11.62
6.28;1018.75;205.98;9.92;845.19
-3.38;998.83;135.88;4.05;7.67
-4.04;1000.71;199.49;1.02;7.66
7.56;1018.6;301.84;19.26;614.24
5.27;1007.55;208.35;14.0;1870.2
3.29;1030.27;311.32;8.35;550.61
4.84;1009.59;310.93;6.9;3.56
4.73;1023.58;227.33;8.56;564.8
5.43;1015.8;273.08;13.36;1811.07
4.95;1025.44;260.92;4.85;6.94
4.55;1028.62;186.14;4.21;7.06
4.34;1007.49;168.73;6.52;3.72
5.55;1019.42;212.61;7.75;404.66
3.54;1035.48;322.75;5.13;8.74
2.62;1024.64;130.52;7.66;355.11
4.85;1030.12;175.18;8.11;429.81
6.5;1023.15;272.35;7.1;325.78
3.29;1030.41;255.41;5.57;8.49
3.87;1032.12;330.0;4.1;8.19
1.62;1023.53;133.59;8.59;521.6
5.06;1008.13;251.45;10.95;1155.6
6.34;1016.77;207.62;10.89;1105.69
3.16;1007.7;245.9;6.85;3.49
5.41;1014.91;273.79;15.69;2013.06
5.29;1025.18;188.21;12.65;1574.96
2.58;1011.16;264.24;5.88;3.65
4.3;1026.58;227.67;6.82;279.39
5.3;1023.35;227.08;9.76;802.88
4.67;1014.97;291.05;3.12;4.15
5.2;1030.42;200.26;4.19;7.09
5.74;1027.22;295.67;6.73;233.39
4.53;1019.74;204.69;9.25;715.57
1.95;1023.58;134.44;7.09;295.14
4.98;1015.7;248.55;13.52;1837.67
4.63;1008.27;225.35;9.36;730.67
4.06;1026.74;230.3;6.67;266.66
4.03;1030.85;114.95;4.47;7.28
4.95;1023.6;230.34;9.6;790.25
5.63;1026.13;249.1;3.2;7.07
1.92;1033.0;308.73;5.89;162.86
2.52;1033.24;298.0;5.36;8.4
4.84;1010.15;268.83;9.22;700.59
6.41;1021.52;308.61;15.26;1960.26
6.41;1034.8;176.45;2.99;8.21
4.77;1028.23;312.5;5.54;81.54
5.2;1011.67;284.12;16.7;2016.06
2.08;1029.44;274.07;4.26;7.25
5.47;1019.49;197.91;9.24;696.8
3.54;1004.12;294.52;12.94;1905.04
3.47;1035.12;310.23;4.73;8.28
6.05;1018.86;201.96;10.5;962.48
2.02;992.0;319.48;13.19;1673.72
2.07;1030.44;305.3;7.13;277.48
2.18;1029.72;305.7;4.65;6.58
2.0;1033.05;285.45;7.14;305.12
-3.16;1002.26;271.48;5.39;7.75
3.65;1011.81;270.85;9.31;769.1
6.06;1019.79;286.4;6.17;3.9
6.35;1021.07;130.45;8.67;323.83
5.23;999.22;255.25;15.11;2007.69
4.12;1025.08;224.4;13.12;1744.09
4.4;1016.48;268.19;12.22;1481.34
5.4;1028.85;188.72;9.26;720.01
6.07;1016.63;201.47;9.91;847.28
-4.55;1002.24;272.81;3.32;7.55
3.47;1012.93;278.34;12.2;1370.62
3.85;1025.89;269.89;8.81;611.56
3.88;1025.95;264.16;9.33;724.91
4.61;1026.06;221.16;7.68;401.86
4.62;1033.95;207.94;4.84;8.04
4.62;1019.8;204.62;9.37;739.43
4.23;1027.87;291.34;5.79;162.26
3.78;1035.63;340.11;5.13;8.56
4.84;1025.39;225.49;6.33;204.56
5.07;1026.55;287.98;7.88;507.03
-0.45;1001.7;339.85;6.69;250.86
3.8;1028.49;284.6;8.51;510.71
4.65;983.8;257.69;12.96;160.03
3.83;1023.09;229.85;4.88;3.69
1.71;1028.34;140.11;4.79;23.99
5.65;1030.08;204.28;4.23;7.04
0.14;1032.3;307.04;1.66;8.31
4.67;1011.07;235.18;17.5;2018.82
4.4;1029.03;322.91;5.43;76.39
6.2;1018.32;197.08;11.31;1165.08
5.38;1014.17;265.45;16.98;2013.63
1.28;1027.9;172.05;5.82;127.54
3.67;1026.15;262.26;8.4;539.25
2.07;1033.02;295.96;6.89;286.83
2.53;1031.9;277.8;9.6;796.98
4.38;1028.52;234.3;5.36;84.35
7.77;1029.3;158.67;2.1;7.12
4.18;1024.57;219.65;6.22;154.87
6.08;1013.17;218.93;11.64;1296.21
5.48;1016.0;251.5;12.72;1627.74
1.95;1030.07;311.83;8.53;590.31
4.22;1010.14;269.83;11.28;1186.6
2.66;1029.13;197.05;4.11;7.72
5.83;999.81;246.6;11.64;1280.62
5.38;1014.26;267.41;16.45;2014.01
5.71;1024.75;307.16;11.16;1218.37
4.02;1027.47;191.15;7.56;378.11
3.29;1030.4;315.7;8.7;591.37
4.69;1025.47;225.24;6.45;217.18
4.5;1012.21;235.81;17.38;2014.95
4.73;1009.95;276.92;9.03;647.03
5.58;1016.09;206.11;10.39;981.64
5.13;1019.69;227.08;17.29;2018.4
5.11;998.42;239.81;9.3;706.58
3.56;1026.85;270.57;7.83;437.51
4.25;1029.15;203.08;3.95;7.32
5.54;984.21;253.18;15.06;1935.4
4.44;1027.74;213.74;7.08;303.31
4.46;1005.56;205.06;9.31;692.37
3.8;1029.4;165.43;9.16;675.75
4.34;1028.97;239.45;5.62;132.42
4.13;1028.95;229.33;7.56;374.38
4.68;1023.53;249.65;8.75;612.81
4.81;1009.78;243.62;10.68;1036.44
7.65;1017.29;197.25;17.5;571.94
6.22;992.62;244.59;16.26;2014.18
3.66;1028.73;129.09;4.53;7.25
4.62;1024.0;231.78;9.66;791.65
0.41;1000.53;323.81;11.8;1742.19
3.64;1027.12;274.83;7.52;398.83
7.45;1014.25;290.11;17.81;2018.69
4.69;1007.9;224.89;9.45;723.09
4.75;1025.25;220.0;6.06;170.22
4.33;1034.03;214.58;5.31;36.1
7.06;1019.0;150.22;12.54;1428.6
3.08;1029.31;298.52;6.09;196.48
3.96;1026.88;226.56;5.78;143.33
4.77;1025.72;219.88;5.88;163.55
1.79;1007.47;323.48;9.18;7.79
1.36;984.24;300.49;14.27;1932.31
5.61;1016.17;208.09;10.77;1058.15
3.37;1027.05;276.11;4.98;35.81
5.17;1025.06;306.24;10.13;916.69
4.27;1028.76;228.14;6.58;234.92
2.56;980.99;298.87;14.81;1923.57
5.97;1028.63;313.16;6.07;153.22
-3.84;1000.7;351.14;1.44;7.35
4.41;1009.89;276.62;8.87;659.04
3.3;1035.27;312.65;3.6;8.24
4.22;998.15;195.38;19.22;2023.07
4.69;1010.17;267.76;9.27;735.07
6.22;1017.49;207.5;9.38;764.9
3.06;1035.25;310.18;4.45;8.53
3.25;1035.23;311.79;3.83;8.36
4.43;1027.84;222.05;6.55;241.94
5.41;1015.96;271.45;13.03;1699.66
4.5;1029.22;289.52;5.52;8.41
3.77;1027.94;289.62;6.34;310.09
7.3;1029.17;163.58;2.79;7.03
6.43;988.96;253.97;13.7;1873.84
-0.37;1032.2;252.38;2.0;8.38
3.99;1025.77;280.67;8.11;435.5
4.82;1029.05;194.39;11.3;1209.59
5.33;1029.58;185.55;8.12;477.85
6.67;1029.59;109.87;5.1;56.19
2.59;1032.31;287.14;8.03;555.1
4.73;1006.77;165.57;7.39;3.81
4.54;1026.14;222.46;7.72;409.03
4.28;1028.35;152.7;9.79;771.94
3.87;1025.87;269.85;8.54;539.07
3.4;1007.97;272.18;6.98;3.26
2.78;1029.07;190.14;3.9;7.77
4.28;1029.14;206.35;4.16;7.25
5.13;1020.53;227.82;17.12;2017.55
6.37;1018.23;289.5;14.81;2004.19
5.54;1015.08;277.55;15.29;1997.02
3.87;1012.41;271.75;13.11;1781.04
1.45;1032.79;324.55;5.58;103.2
6.48;1011.06;276.05;16.16;2013.14
5.42;998.1;248.07;8.69;593.37
4.27;1028.47;233.04;6.22;176.33
3.36;1032.13;271.42;6.79;8.26
3.03;1003.93;298.75;14.26;1970.59
4.24;1030.13;183.75;10.8;1112.83
3.3;980.47;288.13;14.65;1961.89
-2.05;996.75;338.34;13.92;1740.79
4.94;1018.78;226.4;18.06;2022.23
5.91;1034.3;276.33;4.9;8.17
5.81;1021.24;301.49;13.59;1819.63
3.94;1025.49;221.79;12.41;1555.31
5.71;1019.62;216.93;8.58;557.0
2.74;1029.28;297.64;7.32;373.2
1.88;991.75;322.94;13.06;1495.65
2.81;1010.71;249.61;6.69;3.67
2.61;1033.05;179.18;6.38;214.7
2.52;1033.9;289.9;4.43;8.66
1.49;1032.26;147.79;1.8;7.78
5.43;1009.24;252.72;13.08;1713.64
-0.1;1003.83;325.04;4.99;22.38
5.6;1014.25;195.22;8.42;519.46
5.78;986.59;243.72;14.45;1977.2
5.23;998.43;257.25;20.2;150.04
5.44;1016.47;266.77;12.68;1623.09
9.84;1025.23;129.28;6.62;171.1
2.42;1029.11;189.71;6.07;122.48
2.91;1028.55;130.28;4.84;47.59
5.76;1011.83;199.72;11.67;1308.34
5.08;1019.44;227.54;17.55;2015.38
1.52;982.68;291.93;11.08;1253.06
1.34;984.18;298.89;14.95;1876.78
3.57;1029.33;263.06;6.35;232.02
4.95;1019.88;202.69;8.58;561.77
3.78;1028.31;161.19;10.36;874.65
4.4;1009.96;281.24;9.47;750.53
2.16;1030.3;313.59;8.5;559.04
4.14;1026.34;247.73;0.94;7.35
3.95;1015.22;232.15;17.62;2023.61
5.31;1008.78;249.3;10.98;1148.52
0.87;982.58;291.06;9.64;800.66
2.01;1032.87;292.29;6.63;242.37
3.96;1022.5;217.11;6.0;3.84
3.92;1010.74;269.92;11.76;1417.33
4.45;1015.65;274.15;15.03;2009.69
4.25;1029.11;200.79;5.96;7.26
2.75;1031.94;170.35;7.68;384.64
4.48;1009.93;275.02;10.01;863.01
5.04;1015.76;251.95;13.9;1932.51
-1.21;1001.81;283.42;10.71;969.17
4.0;1021.67;191.8;6.96;3.86
5.61;1012.12;209.87;15.32;1995.21
4.98;999.2;257.97;17.51;2019.13
2.47;1011.06;265.35;6.04;3.67
5.52;1027.97;217.83;5.63;7.7
1.49;1029.58;278.71;5.2;25.16
5.52;998.03;244.71;10.31;960.73
0.71;1015.79;139.83;6.91;3.6
4.94;1019.94;204.11;8.51;557.46
5.91;1020.61;292.39;12.54;1674.32
4.26;1017.92;227.88;17.76;2017.82
5.54;992.83;224.84;16.83;2015.11
-3.9;1001.05;264.37;2.35;7.36
3.07;979.94;281.14;14.87;1844.22
5.38;1028.19;215.87;4.72;7.19
3.17;1004.08;296.61;12.3;1588.73
6.34;1016.77;209.33;11.13;1157.99
2.69;1033.47;188.49;6.43;228.34
6.16;1019.17;203.97;9.31;742.93
2.13;998.33;269.49;15.28;2008.29
6.45;1021.59;131.0;9.19;596.5
6.04;988.16;255.88;13.46;1748.79
3.4;1007.24;315.77;11.62;1275.94
3.07;1029.54;308.05;4.47;6.88
4.34;1022.94;177.2;5.94;7.27
0.81;1016.08;142.57;6.13;3.66
6.49;988.99;253.65;14.07;1930.89
3.06;1032.4;274.79;6.66;8.28
3.27;1035.15;308.64;3.03;8.56
3.4;1031.41;125.19;3.64;7.34
4.2;1028.99;234.68;7.16;324.68
3.05;1035.19;315.85;3.92;8.46
4.95;1024.66;305.73;9.82;906.41
4.4;1025.23;211.82;13.13;1704.82
5.45;1011.83;322.81;5.81;3.74
5.49;1015.63;201.72;9.95;865.81
2.74;998.03;276.9;12.89;1725.12
3.91;1028.5;284.91;4.48;8.6
2.69;1032.51;256.21;6.32;8.21
7.62;1017.7;193.29;16.52;2015.04
4.19;1022.57;217.61;5.23;3.78
3.66;1027.44;283.88;6.12;169.1
3.55;1030.97;291.07;5.78;8.29
5.34;1023.71;233.88;9.75;490.15
5.46;1016.08;252.22;12.72;1634.45
3.99;1026.83;229.66;6.3;197.98
4.55;1034.03;210.65;4.93;7.96
3.19;1013.08;288.38;15.5;1667.37
2.93;1028.62;238.75;4.08;6.93
5.18;997.98;239.79;9.04;650.81
6.26;1010.12;270.98;15.88;2011.4
7.45;1014.55;291.73;17.2;2018.52
2.11;1029.85;287.47;4.24;6.54
4.42;1025.35;207.86;12.62;1588.43
6.04;1014.22;212.57;15.18;2011.92
4.57;1015.62;278.91;15.67;2008.46
4.52;1024.96;264.79;6.63;234.41
2.8;1030.42;281.76;9.88;867.73
4.25;1002.19;316.27;13.4;1614.11
5.87;1008.53;247.92;17.87;2019.51
5.27;1011.63;314.11;5.42;3.73
4.97;1029.99;190.83;7.22;6.35
5.7;1013.72;208.59;10.23;923.79
4.44;1027.76;215.05;5.07;15.1
2.6;1029.85;321.33;4.95;45.79
5.56;1019.45;215.93;7.66;365.88
2.72;1007.27;305.89;9.61;867.44
7.69;1017.76;192.55;16.77;2016.91
4.2;1029.52;166.54;9.43;683.43
4.23;1027.91;286.89;6.03;165.24
3.65;1029.05;248.88;5.7;124.73
7.29;1028.0;176.02;11.59;1221.03
4.53;1003.47;175.93;8.43;493.2
3.21;1004.03;298.65;12.87;1854.18
4.64;1025.46;221.48;6.55;248.19
5.26;1007.73;242.32;13.06;1739.32
3.56;1032.08;325.69;4.03;8.2
4.32;1026.36;209.11;8.57;569.47
4.28;1028.67;233.3;6.4;199.97
3.2;1030.51;319.95;8.11;490.76
2.07;1027.54;163.68;7.28;281.12
2.68;1029.14;199.4;4.14;7.75
5.0;1027.89;193.73;8.86;629.67
4.05;1027.92;290.38;8.6;631.96
4.55;1024.7;217.54;11.9;310.56
4.38;1024.33;256.65;6.47;215.71
3.49;1030.13;267.56;6.04;8.39
1.5;985.96;297.88;14.21;1969.76
0.06;999.82;354.92;7.25;256.59
3.12;1008.44;302.78;6.57;7.1
4.0;1025.86;207.7;11.77;1361.07
4.39;1024.97;218.55;7.44;342.29
4.21;1029.52;320.31;5.2;80.53
-3.51;999.12;146.88;4.25;7.96
4.11;1029.63;169.13;9.69;785.14
4.93;1008.65;261.05;6.8;3.6
2.26;1027.72;141.14;5.51;74.58
3.98;1028.02;292.58;7.84;421.8
3.98;1028.61;277.29;6.44;169.84
4.76;1029.79;184.27;9.79;794.1
5.85;1023.5;299.42;12.22;1513.63
7.69;1034.31;200.83;3.11;8.25
5.49;1015.21;277.04;14.16;1943.68
-4.42;1032.32;346.27;0.98;8.08
4.68;1021.37;200.4;8.86;631.66
2.16;1032.04;183.86;1.91;7.86
4.17;1029.03;236.2;6.7;259.59
5.34;1029.1;183.44;8.75;598.11
3.36;1027.47;203.07;7.51;335.93
2.05;1023.54;139.72;7.48;343.32
5.85;1020.29;207.35;7.29;326.09
3.79;1025.87;138.4;6.81;231.57
4.34;1024.17;259.06;6.47;214.38
4.9;1012.46;332.7;3.63;3.76
4.19;1024.43;218.21;5.34;115.27
2.67;980.65;280.21;16.09;1985.59
-4.0;1000.61;210.46;0.75;7.77
1.3;1031.69;302.06;5.19;89.84
4.24;1022.39;210.72;6.22;3.8
-0.18;999.84;333.52;12.53;1395.68
3.64;1006.14;307.11;14.77;1992.48
4.79;1014.97;274.77;15.16;2006.4
4.75;1006.61;220.85;10.41;976.09
2.51;1010.73;224.44;6.41;3.71
4.58;1013.2;303.95;1.57;3.93
7.53;1015.72;296.89;14.3;1962.92
4.0;1028.09;293.09;8.1;448.68
7.8;1015.22;298.69;18.98;1098.22
3.2;1027.19;266.84;3.64;7.36
3.88;1027.08;274.88;5.28;8.52
3.56;1012.34;261.43;8.98;707.99
2.5;982.88;287.36;13.71;1731.54
2.87;1028.94;221.79;3.06;7.73
5.52;1008.74;240.31;18.05;2022.3
0.82;1016.16;138.32;6.09;3.65
4.03;1026.56;139.52;3.98;7.95
3.77;1025.96;286.47;7.28;368.7
5.08;1010.43;267.16;9.17;746.21
3.63;1012.56;285.29;10.46;1105.36
1.92;996.0;313.73;5.16;76.44
6.66;1029.36;182.53;7.67;382.5
4.01;1014.48;231.13;17.58;2017.51
2.6;1032.38;260.76;6.28;8.23
5.2;1020.31;218.16;9.16;706.82
2.15;1029.56;310.28;6.08;215.83
5.07;1029.65;175.95;10.18;896.21
3.82;1006.41;317.04;13.04;1639.68
4.68;1026.58;178.93;12.44;1511.81
3.68;1026.24;262.95;7.89;444.73
-0.35;1001.18;340.16;6.99;372.43
2.1;1027.33;162.94;5.49;86.9
6.04;1008.45;249.11;18.14;2019.85
4.16;1026.48;216.08;3.68;7.06
4.21;1026.51;207.1;8.66;593.41
2.96;1023.55;151.37;8.88;564.97
4.74;1029.08;308.31;6.58;188.38
3.66;1029.44;226.62;7.42;381.29
4.02;1030.89;119.31;5.03;7.25
3.87;1024.49;216.9;13.19;1760.45
4.17;999.15;194.79;18.04;2021.5
7.6;1022.48;120.53;10.33;834.5
4.72;1019.94;208.48;9.93;846.3
4.75;995.51;205.43;19.3;2019.09
2.48;1032.43;335.75;4.07;8.53
6.25;1028.64;311.23;6.12;206.78
7.61;1022.36;121.0;10.57;955.15
4.55;1002.92;179.28;10.21;860.69
1.89;1032.06;187.53;2.44;7.72
4.65;1008.09;224.92;9.31;707.42
3.87;1025.89;268.9;8.66;594.16
4.66;1029.0;290.56;4.77;8.5
1.17;993.91;322.28;16.23;1930.7
4.07;1004.6;302.17;16.21;2014.22
4.89;1024.52;216.01;7.75;406.61
1.75;1032.74;328.01;5.88;38.01
4.63;1026.13;179.19;12.5;1635.59
5.52;1019.42;203.54;9.18;693.08
4.96;1018.95;226.88;17.88;2020.05
8.8;1025.7;140.42;3.74;7.2
4.51;1025.09;268.6;6.62;242.44
2.25;1032.34;346.89;6.78;174.34
5.46;1009.27;249.29;12.85;1653.02
0.9;1032.08;343.08;6.13;171.92
6.64;1011.67;285.15;13.49;1892.56
5.35;1028.1;228.24;4.48;7.32
7.2;1029.31;178.54;9.56;804.94
3.75;1026.97;268.77;6.29;8.52
3.73;1005.46;308.89;12.94;1808.19
2.57;1034.37;100.67;0.33;8.16
5.84;1024.58;308.8;11.72;1489.43
5.43;1028.09;292.96;8.19;596.14
7.56;1022.1;122.78;10.9;980.23
5.37;1008.94;251.29;12.55;1539.53
4.55;1016.37;261.9;13.61;1894.95
3.67;1026.2;263.8;8.11;484.14
3.23;1032.37;174.02;7.66;398.7
4.91;1015.17;200.52;5.86;158.69
5.37;1015.97;269.75;12.53;1599.93
5.16;1007.94;232.9;11.09;1155.74
5.01;998.91;228.32;8.16;459.6
3.12;1029.42;174.59;6.66;238.54
7.34;1028.21;231.21;5.72;137.2
4.56;1006.0;212.28;9.23;739.73
8.09;1026.72;171.39;6.51;175.81
2.65;1034.56;299.67;3.2;8.69
5.27;1010.43;264.49;8.98;635.57
3.0;1010.84;322.28;6.61;3.85
4.86;1027.46;181.34;12.13;1446.29
4.95;1015.51;249.71;14.32;1919.6
5.98;997.75;259.77;15.58;2012.15
3.85;1025.87;265.6;9.16;702.13
8.32;1026.27;169.24;5.06;7.95
3.9;1027.15;233.72;6.0;173.65
4.32;1028.27;211.96;5.07;55.32
1.69;1033.03;296.26;5.58;142.56
7.08;1027.66;187.68;5.81;140.0
4.62;1027.71;244.72;7.03;308.5
2.75;998.05;278.54;13.41;1725.92
7.69;1029.43;172.5;2.06;7.2
4.66;1009.88;278.82;7.66;439.57
5.42;1023.38;301.45;13.4;1557.54
4.39;1005.14;196.83;8.68;572.92
4.17;1028.37;286.4;6.1;186.87
3.83;1012.37;290.61;12.36;1509.52
4.51;1025.14;270.78;6.58;229.48
4.58;1023.69;239.4;9.46;770.6
5.66;1014.18;206.05;8.84;610.2
2.71;1032.55;267.42;4.63;8.28
3.49;1031.01;294.63;5.08;8.25
3.38;1032.64;356.86;6.01;134.63
3.58;1006.74;314.36;12.69;1760.36
5.37;1009.19;252.3;12.41;1528.99
2.72;1027.58;155.76;9.1;623.17
5.29;1019.98;275.51;6.89;3.89
3.93;1034.0;207.96;5.51;104.55
5.84;987.47;255.41;13.62;1825.09
5.84;1028.47;165.2;9.21;641.51
4.58;1027.76;250.49;6.67;245.51
3.3;1028.86;274.48;7.83;431.5
6.86;1012.32;284.5;14.53;1953.54
2.11;1032.8;317.93;5.39;7.4
4.46;1016.41;261.57;14.03;1967.41
5.5;1014.55;249.74;13.39;1060.49
3.96;1021.92;196.92;5.89;3.87
6.12;1034.74;164.17;2.89;8.15
4.33;1030.57;116.46;3.92;7.03
5.42;1010.06;215.51;13.87;1880.57
5.04;999.3;258.54;17.63;2020.04
-0.46;1002.93;319.21;4.38;7.93
4.57;1023.57;250.21;7.33;326.15
-0.32;1032.87;336.21;5.27;69.27
3.14;1029.69;255.25;4.64;7.21
3.45;1026.51;274.44;8.27;512.14
6.61;1009.77;197.53;13.42;1754.98
-0.37;1028.43;161.05;3.59;7.85
5.06;1008.61;251.55;11.22;1140.99
7.59;1018.36;303.52;19.83;2023.54
3.7;1008.46;262.88;6.49;3.43
3.2;1028.91;193.75;6.35;187.12
3.12;981.09;268.06;15.13;1907.77
4.96;1009.59;249.67;12.93;1672.51
4.56;1023.59;237.4;6.81;3.69
5.39;1029.4;103.53;5.15;53.12
5.4;1015.96;273.74;13.29;1770.84
1.79;1033.08;301.48;6.46;226.65
3.85;1032.3;352.76;4.77;7.88
2.33;1024.33;125.77;7.98;398.04
1.25;1029.76;284.68;4.01;7.62
4.86;1012.75;329.56;2.06;3.85
0.61;1016.81;144.27;6.65;3.65
2.49;1029.53;300.47;6.06;154.23
3.69;1026.9;276.32;8.46;529.8
5.05;1024.23;208.11;8.21;494.66
6.79;1019.01;153.34;12.18;1317.43
1.76;1029.74;283.1;4.26;7.5
2.03;1030.19;309.79;7.57;413.94
4.73;1023.64;230.15;9.22;719.75
8.25;1029.46;161.96;2.88;7.88
4.45;1027.49;227.6;5.18;59.82
3.23;1028.64;132.04;5.16;77.54
3.82;1025.75;138.32;7.52;308.92
3.98;1015.49;231.37;17.53;2015.4
2.23;1027.6;145.57;6.81;208.9
1.82;1033.1;294.06;6.98;286.16
5.4;1015.07;305.25;4.38;4.2
3.65;1029.1;226.59;5.61;112.16
5.23;1028.52;154.49;8.31;462.28
4.18;1023.82;201.6;6.28;177.36
4.58;1023.61;241.87;9.32;747.29
2.92;980.73;278.65;18.15;365.88
1.51;1029.69;270.61;3.88;7.61
4.46;1030.44;123.47;4.39;7.03
4.64;1024.76;228.51;6.54;226.27
3.3;1029.59;182.11;5.98;153.01
4.45;1012.66;234.61;17.27;2014.93
4.3;1023.38;224.13;6.12;3.75
4.29;1022.44;218.78;6.23;3.79
4.46;1028.67;322.26;5.62;106.96
4.65;1024.0;234.32;9.38;759.87
5.26;1011.7;316.46;4.06;3.73
7.83;1028.82;179.43;9.53;735.34
5.3;1008.52;182.43;12.15;1436.77
4.27;1002.66;309.5;10.51;878.85
4.49;1014.78;313.98;2.13;4.23
3.57;1027.98;162.35;9.91;806.1
5.53;1015.05;276.55;15.83;2014.29
4.16;999.99;196.7;17.83;2020.54
5.23;1028.51;179.52;3.87;7.14
4.82;1023.47;230.13;9.74;803.4
2.16;1012.71;272.63;8.84;705.18
4.39;1015.97;273.14;14.66;2001.27
7.32;1015.22;289.89;14.3;1909.25
6.42;1018.01;286.84;13.79;1715.67
6.25;1028.33;150.98;4.24;6.94
4.58;1029.94;195.52;6.43;148.77
4.65;1019.77;204.36;9.38;748.38
4.67;1023.87;234.67;9.8;857.98
5.25;1028.27;209.17;4.85;35.54
1.47;985.4;301.97;13.24;1673.55
-2.16;997.08;333.7;12.51;1356.82
5.09;1009.45;250.66;12.45;1534.63
4.19;1013.35;229.64;17.57;2020.75
6.54;991.01;251.54;15.3;1999.7
3.49;1011.22;245.59;8.79;640.35
4.21;1009.52;253.9;6.64;3.67
2.11;1032.79;314.93;5.4;98.85
7.22;1016.3;196.59;17.39;2016.32
6.13;1018.92;290.57;14.98;2000.32
4.92;1015.07;212.0;5.35;101.78
4.74;1029.81;189.3;9.41;727.91
4.43;1027.65;245.33;5.43;93.02
1.74;999.52;268.13;16.42;2012.28
3.41;1027.27;274.27;6.66;263.17
3.44;1027.88;158.78;9.36;696.34
6.32;988.86;251.38;13.29;1761.32
4.01;1032.3;336.58;3.04;8.05
5.39;1010.02;244.58;11.6;1280.77
2.19;1024.16;124.11;7.7;396.6
2.84;980.25;289.67;12.23;1638.7
2.89;1029.89;272.86;5.55;99.89
-2.03;997.17;330.05;9.81;786.41
3.93;1027.6;189.35;7.19;307.48
2.71;1010.88;232.68;5.35;3.72
3.68;1035.57;322.07;5.33;8.72
3.32;1029.81;263.74;6.92;302.97
2.0;992.34;315.7;13.96;1746.61
5.16;1028.31;146.62;9.74;707.06
4.53;1028.49;319.34;5.4;95.09
3.04;981.45;269.34;13.25;1843.31
4.1;1030.79;108.43;3.73;7.16
3.27;1028.93;264.43;5.76;137.19
4.66;1025.72;215.3;6.92;255.69
5.77;1026.17;258.58;3.16;7.07
4.38;1016.35;266.76;13.55;1857.51
5.78;1021.15;286.68;13.36;1760.03
5.42;1009.89;229.27;13.36;1731.56
-0.05;1032.86;331.22;6.07;149.26
2.49;1032.41;289.29;8.13;535.65
3.85;1026.36;119.17;1.94;7.86
2.75;1032.37;266.12;6.95;8.28
1.55;985.8;297.26;14.78;1969.51
6.16;1019.38;292.95;14.8;1954.99
6.05;1019.29;202.36;8.99;649.21
4.16;1001.99;199.58;16.41;2013.57
3.39;1027.36;213.56;7.3;354.6
2.48;982.96;291.57;16.06;2014.74
4.28;1019.96;203.2;7.72;413.74
7.82;1026.99;173.01;5.93;112.63
6.18;992.77;240.85;16.86;2015.03
4.5;1028.01;216.47;6.47;211.21
-1.87;997.32;324.01;9.42;765.13
1.95;1029.99;318.77;4.68;26.49
3.27;1027.43;272.82;6.32;194.96
4.47;1028.61;321.98;5.78;120.69
5.77;1034.35;270.59;4.35;8.23
0.53;1028.74;179.7;4.33;8.17
4.69;1023.19;234.7;7.43;363.42
3.92;1026.35;123.36;1.52;7.7
7.45;1028.34;178.41;9.91;820.32
0.97;1001.6;285.61;14.68;1727.37
3.83;1028.07;273.07;5.56;8.64
4.34;1028.33;212.78;5.0;40.36
-2.28;1001.94;284.92;7.02;345.76
6.03;1008.54;247.57;17.19;2019.18
-4.47;1001.05;316.03;1.42;7.63
2.57;1033.78;297.19;3.48;8.48
6.52;989.02;253.14;14.68;1989.19
3.7;1029.52;245.17;6.3;194.31
2.7;1031.74;171.21;8.01;436.48
5.03;1008.08;243.34;10.86;1096.05
2.12;1029.65;307.39;6.42;261.06
2.57;1010.64;219.31;5.22;3.73
2.2;1010.9;234.52;4.44;3.73
4.46;1028.39;219.95;6.33;179.79
4.18;999.52;195.42;17.94;2016.62
4.27;1027.44;288.01;8.5;605.44
0.91;994.22;338.75;5.83;137.95
2.35;987.33;316.13;14.47;729.44
7.48;1029.3;180.93;8.43;539.55
4.12;1026.5;139.32;4.23;5.25
2.87;1023.46;148.79;9.32;669.48
5.99;1029.88;198.97;6.98;257.56
0.56;1006.31;292.13;19.53;2027.22
2.81;1032.3;336.43;3.82;8.25
0.45;1004.16;336.31;4.54;34.82
6.07;1020.97;228.66;7.38;270.88
3.61;1029.24;233.16;6.64;226.85
4.22;1026.54;215.74;2.37;7.28
2.4;1009.76;166.63;4.13;3.72
1.92;998.55;252.62;16.62;1957.32
3.59;1027.89;239.89;9.16;697.87
5.51;1025.9;259.79;4.54;6.59
5.5;998.27;238.82;9.53;751.55
4.47;1027.99;287.68;6.71;230.99
2.56;1010.55;214.33;4.97;3.77
3.11;1007.81;249.14;6.68;3.51
4.68;1030.34;124.01;4.7;9.08
4.61;1023.37;244.14;7.79;412.1
2.66;980.6;295.26;12.0;1492.94
-4.12;1001.1;268.28;1.78;7.65
3.25;980.55;296.22;11.95;1589.57
1.91;1032.96;300.93;5.06;89.87
3.2;1009.76;265.27;5.36;3.65
5.15;1023.8;180.8;8.22;531.05
5.64;1012.32;209.76;15.42;2013.08
5.33;1029.02;189.9;8.88;614.21
5.4;1009.07;249.37;13.39;1796.44
5.2;1030.39;193.22;4.34;7.02
3.35;1030.43;256.69;5.42;8.51
5.37;1008.94;251.36;12.0;1421.5
5.66;999.18;243.33;12.91;1690.15
3.67;1029.2;295.0;5.65;93.98
3.63;1026.96;277.13;8.18;484.82
2.34;998.21;270.99;15.33;2007.36
3.49;1026.52;271.44;7.77;419.85
5.96;992.67;235.03;16.93;2019.73
4.51;1007.25;159.31;6.9;3.74
2.79;980.18;277.04;17.26;2014.81
4.69;1008.48;229.34;10.02;874.12
4.05;1028.0;291.51;8.02;378.39
1.92;1010.16;204.73;5.39;3.74
6.34;1029.75;182.5;9.77;868.33
4.12;1002.58;314.59;10.77;1189.87
4.91;1024.48;216.35;7.99;450.28
-2.05;1030.39;356.8;7.09;295.58
2.44;1030.72;258.26;9.21;705.14
2.31;1009.83;169.92;4.24;3.72
4.61;1019.77;204.7;9.36;714.77
2.34;1010.75;225.5;5.98;3.73
2.32;1011.01;303.97;7.06;421.15
2.64;1024.64;130.47;7.69;345.88
5.66;999.11;242.35;13.33;1800.53
6.2;1029.86;101.05;5.6;52.14
3.01;980.3;285.56;13.94;1761.4
5.57;1014.08;209.05;9.03;649.3
4.83;1024.76;223.35;7.99;445.41
6.28;1016.4;199.53;9.96;882.05
1.54;1012.74;279.54;9.21;811.35
1.66;1033.87;101.01;2.29;8.1
5.02;1028.46;150.41;9.45;674.68
3.9;1026.56;144.69;5.38;7.61
3.93;1015.46;231.23;17.11;2019.01
1.91;1029.86;290.52;4.1;6.48
8.94;1024.74;117.24;6.41;152.65
7.36;1028.52;180.26;10.28;903.61
4.96;1029.66;173.76;9.39;719.66
3.09;1029.07;272.84;5.53;109.86
5.3;1014.15;265.62;16.45;2014.98
5.46;1008.16;191.04;12.63;1519.27
2.51;1010.7;222.22;6.21;3.73
6.23;988.73;254.15;13.81;160.0
2.99;980.35;284.23;13.63;1795.75
4.68;1026.28;289.91;7.2;446.31
4.23;1025.65;126.85;5.94;138.15
4.65;1023.63;248.69;7.47;358.4
4.1;1023.53;191.44;5.34;78.64
2.97;1011.27;278.7;7.93;454.95
2.7;980.76;274.4;14.41;1965.37
5.08;1013.88;284.29;15.17;1965.16
4.33;1009.93;279.14;9.07;594.83
4.92;1008.84;258.98;7.06;3.55
5.72;1019.4;205.36;9.06;662.81
5.91;1021.55;296.81;13.03;1683.27
-0.2;1028.62;173.94;4.22;8.07
4.83;1025.75;181.45;11.99;1431.83
4.1;1023.33;184.14;4.79;7.33
2.8;1029.03;251.09;1.84;7.74
5.23;998.38;244.62;8.91;621.76
4.31;1009.95;282.73;9.31;698.0
2.74;1029.08;190.42;4.55;7.79
7.97;1026.81;167.67;6.34;147.05
4.33;1012.28;286.72;14.34;1953.18
3.85;1029.41;281.54;6.24;8.31
4.11;1017.22;228.65;17.46;2019.12
4.91;1024.38;216.62;8.38;483.47
2.87;1033.6;188.28;6.8;203.16
2.51;981.3;264.89;12.02;1427.2
2.63;1028.92;263.01;4.99;6.78
5.45;1025.84;263.54;4.31;7.02
3.61;1028.81;266.0;5.9;118.32
4.88;1028.37;243.18;6.11;135.75
3.62;1010.75;294.34;10.15;948.11
3.92;1027.89;267.95;6.71;8.54
5.79;983.0;255.68;15.96;2012.24
2.43;1010.75;222.56;5.4;3.68
2.79;1033.68;192.19;6.95;280.4
5.01;1015.88;253.84;14.44;1979.02
-3.97;1032.2;285.24;1.29;8.3
4.04;1023.37;185.45;4.62;29.51
4.35;1028.82;233.81;6.34;221.91
4.2;1025.69;127.85;5.32;89.78
4.07;1025.85;206.4;12.45;1538.58
5.47;1012.9;208.62;14.39;1963.28
5.05;1030.25;187.43;7.05;6.82
7.26;1028.21;174.92;10.64;1008.14
5.34;1016.02;272.82;12.61;1649.31
3.5;981.81;276.21;17.68;2013.04
6.33;991.95;249.15;16.47;2013.5
4.44;1027.6;240.46;5.13;68.15
8.65;1026.15;170.0;4.81;7.17
0.35;999.3;341.6;6.05;139.86
5.6;1019.54;218.1;8.4;505.85
4.7;1011.08;235.42;18.12;2018.66
4.93;1024.95;222.3;6.58;239.62
3.97;1025.99;209.42;12.04;1474.25
7.25;1028.1;168.35;9.45;716.21
3.49;1027.96;160.87;9.09;628.77
1.23;1027.95;141.31;5.52;65.02
5.11;1023.43;226.93;9.61;794.35
6.23;1029.82;105.19;4.58;7.74
-4.0;1000.73;211.59;1.19;7.7
5.3;1016.0;269.14;12.43;1553.88
0.97;1012.72;273.08;7.49;444.81
1.99;1030.42;303.57;7.38;300.87
6.53;1021.68;131.91;9.05;561.42
5.88;1019.3;204.2;9.11;656.84
5.65;1022.34;295.77;9.95;845.83
-1.37;1031.85;242.01;1.91;8.31
3.92;1026.08;224.12;11.82;1363.29
6.08;1020.2;292.91;13.88;1883.81
4.72;1015.4;277.42;16.74;2019.86
4.29;1023.33;224.33;6.02;3.73
3.51;1028.47;245.07;8.41;548.94
4.88;1024.1;228.73;11.8;155.31
4.72;1007.11;159.54;5.96;3.73
5.33;998.14;245.35;9.38;720.22
2.57;1032.66;290.3;7.93;458.17
2.19;1032.81;284.03;6.97;252.13
2.35;981.14;303.65;19.03;1426.03
4.08;1002.49;198.8;16.01;2014.07
5.47;985.25;250.21;14.21;1937.4
3.93;1011.03;292.41;8.31;499.47
5.28;1028.24;294.69;6.91;328.78
4.16;1026.51;153.18;4.86;31.24
4.45;1013.71;274.49;3.1;4.05
4.67;1029.94;197.05;5.8;48.57
4.45;1027.86;215.78;6.42;197.02
4.42;1027.75;216.61;7.41;348.75
0.91;1031.37;335.07;7.19;335.81
6.39;1023.64;274.84;7.33;354.48
5.21;1008.61;255.87;12.21;1191.33
6.48;1025.09;288.88;6.57;215.66
1.99;1033.14;290.76;7.91;446.51
4.06;1029.14;295.99;5.57;110.33
5.06;1026.63;289.3;7.01;422.98
6.32;1017.44;208.1;10.09;937.39
4.04;1030.85;109.72;3.84;7.18
-0.42;1028.62;167.46;3.92;7.98
4.54;1034.97;155.5;1.94;8.13
5.97;1010.88;197.12;12.65;1530.5
4.21;1012.33;286.51;12.5;1612.73
6.59;1022.87;267.37;6.91;271.02
3.78;1027.13;230.1;10.62;1026.37
5.03;1008.12;243.63;10.05;889.99
1.05;981.51;294.84;17.64;727.65
4.73;1034.08;214.9;3.93;8.04
4.19;998.68;194.58;18.43;2018.53
2.88;1011.91;249.9;7.51;410.13
7.33;1027.97;176.85;11.49;1203.96
3.45;1030.26;266.44;5.9;8.35
-4.57;1032.52;355.28;3.26;7.75
5.29;1035.19;171.09;2.68;8.24
5.06;1023.98;228.42;12.01;1418.18
1.09;1001.47;306.68;10.64;1160.04
3.14;980.64;281.4;17.91;2022.29
5.9;1028.12;313.26;8.3;461.19
5.79;1009.14;188.2;10.03;851.59
5.32;1014.21;271.22;15.94;2014.08
4.12;1025.31;224.18;12.75;1639.44
5.49;1034.2;260.97;3.47;7.66
2.58;1031.45;269.3;10.14;943.5
1.38;1028.19;139.45;5.2;43.53
5.42;1030.13;205.96;4.42;7.58
3.69;1032.71;358.19;4.73;55.9
7.22;1027.5;184.82;6.69;210.47
2.08;1023.96;125.78;8.37;468.62
7.17;1015.72;200.12;17.44;2016.64
4.68;1027.67;190.24;7.35;359.71
4.4;1030.01;191.73;5.94;6.8
6.13;1019.8;292.12;6.26;3.87
6.77;1029.5;115.28;5.4;74.45
4.31;1026.31;213.13;9.11;659.53
4.09;1028.79;134.64;4.44;7.23
4.53;1028.53;239.58;5.93;149.84
5.54;984.14;238.66;14.37;1949.4
4.79;1007.17;227.46;10.7;1000.77
3.11;1011.2;284.78;8.84;636.5
6.5;1010.87;276.74;16.67;2016.18
4.13;1027.28;282.17;5.58;8.46
4.57;1023.47;235.0;8.78;605.57
6.46;1026.01;288.03;5.98;187.48
5.42;1007.85;201.84;14.71;2005.95
3.92;1027.34;190.21;7.79;408.11
3.81;1027.98;292.47;6.96;307.4
3.29;1030.62;261.69;5.18;8.38
2.79;1029.86;276.49;4.93;39.63
3.94;1029.37;280.89;6.29;8.34
6.06;1029.78;194.47;7.66;388.83
3.51;1031.62;269.97;6.95;8.26
6.61;989.5;249.93;14.25;1963.1
2.52;1033.28;286.49;5.78;8.39
2.73;1032.43;348.87;7.12;263.02
4.73;1009.66;239.72;9.72;823.87
3.29;1035.21;319.98;4.01;8.32
5.23;1011.72;320.65;4.09;3.67
7.4;1019.95;145.92;11.97;1181.91
4.42;1027.73;193.59;7.41;334.66
5.91;1034.56;274.26;3.93;8.34
2.51;980.31;293.6;11.98;1359.69
4.3;1012.21;286.86;13.55;1728.39
2.3;1027.48;164.05;7.59;331.99
-0.25;1003.49;309.51;4.72;7.76
4.87;1008.93;261.33;7.01;3.61
5.53;1016.35;255.03;12.82;1642.87
7.04;1029.5;180.72;8.58;599.74
4.44;1015.81;274.79;15.13;2004.06
5.71;1019.8;283.24;6.05;3.92
4.85;1034.05;210.83;3.78;8.01
6.13;1016.41;201.94;10.64;992.34
3.95;1014.95;232.01;17.42;2016.2
-0.49;1028.5;161.93;3.52;7.9
5.41;1014.82;273.44;16.0;2012.51
4.93;1027.98;200.25;7.78;442.94
4.95;1034.1;211.44;2.65;8.11
5.62;1011.94;212.41;14.93;1999.1
5.45;993.22;223.35;16.79;2020.47
1.87;1027.58;155.57;6.38;199.81
5.08;999.08;257.09;17.79;2018.66
6.31;1017.55;209.57;10.04;895.64
2.8;1008.48;307.92;6.16;7.16
5.64;1013.94;206.59;9.66;798.56
3.71;1025.59;297.64;6.72;273.48
1.76;1030.03;306.02;7.71;460.26
4.31;1028.25;287.5;6.15;190.98
2.56;1033.8;296.43;4.65;8.46
4.54;1027.76;234.77;7.22;355.07
0.6;982.44;296.79;7.86;454.05
4.02;1016.63;230.88;17.04;2016.11
2.2;997.36;307.77;8.39;210.81
2.64;1029.09;193.29;4.02;7.69
5.45;999.16;258.03;15.15;1993.56
4.05;1021.5;194.07;8.2;504.04
1.39;984.35;297.83;13.23;1590.84
3.8;1027.25;233.24;10.94;1124.4
3.32;1009.73;259.67;10.02;887.25
5.3;1030.29;201.82;4.78;7.0
2.76;1029.49;177.85;6.17;185.82
2.45;1033.21;282.81;3.67;8.57
0.55;1028.21;165.86;4.48;7.96
5.13;1030.45;200.94;4.91;38.42
3.44;1012.29;258.57;12.01;1483.51
0.37;999.13;340.1;6.04;159.75
2.58;1011.12;313.47;6.08;4.01
4.32;1028.24;248.12;7.27;327.71
3.8;1025.2;213.75;6.92;281.33
5.75;1023.0;296.48;11.46;1361.34
4.58;1034.07;212.68;4.21;8.05
-0.11;1032.57;152.44;2.04;8.09
1.17;1031.19;338.85;7.67;379.81
3.24;1011.39;266.46;9.19;739.8
5.58;1007.92;198.23;14.72;1945.19
4.53;1011.61;280.17;13.16;1403.55
3.62;1030.2;208.89;5.23;6.94
7.4;1028.48;179.49;9.61;777.25
4.35;1019.95;200.53;7.35;346.68
2.62;1035.25;302.79;3.33;8.54
7.56;1016.0;296.83;13.48;1771.27
5.73;1029.4;179.35;7.8;416.65
-3.6;999.88;171.39;1.3;7.89
2.9;1024.88;131.65;7.09;257.36
6.53;1021.9;247.78;6.12;163.81
3.26;1035.06;308.72;3.35;8.48
8.15;1029.34;143.86;2.95;7.75
3.28;1030.67;265.24;5.34;8.42
6.24;988.72;261.18;15.02;131.19
5.03;998.55;260.54;20.73;1395.56
4.26;1034.96;204.58;2.43;8.14
3.12;1032.46;173.89;7.14;315.34
0.99;1032.55;305.62;3.2;8.31
2.63;1027.68;160.54;8.56;511.64
2.66;1010.82;229.46;6.4;3.61
5.59;1026.34;236.66;3.2;7.54
2.52;1033.26;282.82;5.19;8.36
5.42;1016.04;273.45;13.43;1813.18
8.59;1024.5;117.52;7.09;269.24
-3.33;1032.15;256.92;2.23;8.21
1.92;1032.85;316.93;4.95;44.64
4.69;1000.33;212.75;8.71;550.97
5.24;1028.34;215.84;4.46;3.48
0.45;1032.56;163.26;1.46;7.9
3.96;1026.69;141.32;4.57;7.78
6.31;1029.44;179.55;7.83;395.44
4.14;1028.95;228.44;7.37;350.6
6.28;1017.5;209.01;9.88;832.23
4.48;1027.75;226.75;7.6;394.81
5.32;1029.65;119.85;5.18;56.56
4.12;1025.99;141.42;6.1;127.33
4.22;1023.19;221.91;6.33;3.75
4.67;1028.06;199.67;3.07;8.06
1.85;996.23;306.37;6.56;7.39
3.48;1029.46;259.57;5.13;90.19
4.91;1025.66;183.32;12.07;1373.44
4.01;1029.16;225.42;6.31;206.38
2.79;1010.76;296.59;16.37;2022.26
5.01;1012.34;336.23;3.7;3.8
5.17;1007.54;212.54;13.53;1817.2
5.18;1023.72;180.86;7.28;341.5
3.63;1026.89;273.53;8.24;512.77
2.91;1029.28;162.58;7.56;354.48
4.36;1027.67;209.63;7.14;314.97
4.17;1025.88;142.85;6.44;180.92
0.4;1001.5;282.53;11.95;1301.05
5.29;1028.29;218.25;5.1;7.17
3.69;1009.64;248.53;9.96;849.32
3.05;1031.32;175.94;8.46;546.8
2.94;981.79;272.89;11.25;1210.51
6.35;1029.78;103.01;4.75;7.1
4.42;1012.54;233.2;17.88;245.52
5.1;1020.79;204.52;9.54;783.32
5.87;1020.02;217.27;7.43;337.02
1.77;998.11;245.1;15.26;1994.43
5.34;1029.61;176.34;10.04;852.0
3.37;1035.19;310.79;4.36;8.31
6.41;1018.61;158.5;10.87;989.75
5.41;1019.51;200.23;9.52;762.85
4.21;1029.18;284.89;5.96;8.38
2.6;1035.12;304.76;3.86;8.47
4.21;1022.3;217.99;15.18;2008.89
3.85;1025.86;272.29;8.5;540.62
4.64;1023.56;251.61;7.3;332.4
5.22;998.86;256.39;18.67;2022.12
5.25;1007.86;243.16;12.0;1410.92
6.5;1024.03;283.16;6.66;187.31
-0.04;1028.55;170.99;4.3;8.11
2.44;1010.81;217.88;6.01;3.73
3.93;1026.42;123.4;2.53;7.89
5.62;1011.28;213.69;14.94;2007.99
3.59;1005.83;305.94;13.44;1930.63
3.44;1026.96;275.71;5.35;72.18
7.08;1015.58;287.98;13.95;1944.4
7.64;1022.86;114.38;9.41;650.59
3.68;1010.4;233.82;9.4;771.92
2.5;1010.87;263.25;5.8;3.63
1.87;1032.93;304.13;5.46;146.59
4.37;1004.94;194.42;8.83;614.67
0.41;1032.18;315.56;4.98;42.21
3.09;1009.75;263.19;9.5;750.88
3.5;982.23;272.45;14.99;1973.7
4.6;1001.1;205.53;9.41;701.35
5.65;1015.96;206.73;10.18;933.31
2.76;1029.14;184.68;4.29;7.94
0.76;1032.02;307.36;5.53;107.46
1.74;995.84;326.77;6.07;7.36
2.64;1032.38;350.6;6.71;329.89
6.19;1017.71;207.82;10.32;945.61
3.37;980.05;275.42;12.87;1523.61
5.19;1011.78;331.47;3.14;3.71
2.7;1031.74;270.34;10.99;1160.9
-4.38;1032.33;343.9;1.25;8.09
5.28;1028.43;233.59;5.91;155.92
5.08;1026.79;291.32;7.97;522.15
4.45;1016.31;265.59;12.7;1564.88
4.62;1025.38;260.23;5.74;127.72
-2.48;1030.47;354.28;6.21;201.57
4.08;1008.14;164.56;6.17;3.71
0.8;998.07;286.7;16.26;1645.2
4.41;1028.05;200.31;3.01;7.99
5.51;1028.38;222.02;4.83;6.04
2.92;1028.38;240.33;5.47;27.17
4.22;1027.95;294.56;6.86;271.91
4.5;1028.43;244.74;4.77;39.78
3.44;1007.27;314.14;11.3;1228.88
-0.35;1003.3;306.32;4.35;7.86
4.29;1001.79;322.01;17.45;1681.9
-3.43;1032.16;259.32;1.61;8.2
4.87;1016.15;256.34;14.4;1979.09
4.23;1023.66;160.49;7.49;304.84
2.67;1029.4;296.39;7.02;313.4
4.55;1023.9;236.97;9.6;789.82
4.89;1030.07;125.03;5.46;71.86
4.67;1026.28;180.33;11.95;1402.81
6.57;1021.2;304.54;17.6;2019.87
3.97;1025.78;280.23;7.78;397.54
3.47;1026.69;270.09;8.04;467.85
6.02;1029.94;199.85;6.2;173.05
2.74;1024.52;127.03;7.25;325.67
4.39;1029.11;322.08;5.05;54.97
-0.35;995.42;325.59;13.91;1840.82
4.21;1026.38;237.33;2.34;7.26
2.1;1011.03;258.93;3.44;3.69
4.48;1028.66;289.37;3.57;8.6
4.44;1026.36;206.66;8.63;590.94
4.21;1026.42;235.0;1.69;7.31
4.97;998.8;227.23;7.85;406.28
5.23;1020.22;227.28;16.67;2020.24
5.44;1020.44;213.39;9.97;873.21
5.45;983.31;249.69;15.06;1963.52
3.48;1030.1;265.8;6.29;8.35
8.96;1025.59;138.58;4.32;7.21
3.3;1007.03;311.99;11.52;1267.72
4.17;1030.32;183.11;10.61;1060.59
4.14;1023.18;175.34;3.83;7.27
-4.72;1032.5;358.1;3.38;7.74
2.96;1032.08;172.9;7.63;389.46
4.51;1028.87;293.52;3.88;8.5
5.5;1026.35;208.94;3.83;7.47
5.62;1019.51;220.16;8.3;484.69
5.86;1023.72;307.99;13.15;1835.7
1.47;1030.82;334.85;8.26;491.95
6.09;1008.53;247.84;17.62;2020.66
4.98;1009.65;261.78;9.53;814.7
2.55;1034.32;303.0;3.46;8.69
0.52;984.3;290.27;14.24;1983.31
4.5;1023.26;230.49;9.57;765.97
5.48;1034.14;249.4;2.47;7.75
6.72;1015.02;286.1;15.85;2011.81
3.01;980.76;280.65;12.48;1590.51
4.86;1025.65;229.52;6.28;218.51
4.79;1007.73;226.75;9.51;765.73
6.47;1009.67;268.35;16.67;1133.1
6.07;1019.76;290.19;14.07;1902.46
5.1;1014.84;206.92;6.0;163.54
4.95;999.27;225.6;8.86;579.72
3.3;1011.28;272.62;8.48;556.74
3.42;1029.85;234.41;4.49;12.36
2.43;1008.45;307.98;6.28;7.21
7.48;1015.52;295.7;14.82;1950.36
5.3;1008.8;250.83;11.06;1116.09
6.58;1022.16;252.07;6.65;226.66
8.23;1026.46;170.71;5.64;72.14
4.28;1028.56;206.14;3.83;7.21
6.84;1034.65;196.68;2.29;8.22
0.95;982.6;301.86;12.0;1302.06
1.77;1033.02;300.03;5.68;168.63
4.4;1028.15;242.57;7.35;337.18
4.01;1010.94;271.38;9.99;901.6
3.75;1029.43;241.56;6.96;276.82
4.82;1025.39;234.5;6.57;238.31
4.6;1027.94;305.36;4.32;6.72
1.84;1029.91;321.98;4.68;20.02
5.03;1027.8;189.59;9.59;785.18
2.13;1028.68;177.02;2.0;8.04
1.21;1032.58;312.32;4.02;8.4
3.83;1025.87;287.01;7.42;347.75
7.4;1013.56;288.82;17.51;2016.56
4.54;1023.78;237.02;9.4;785.4
5.18;1009.47;251.45;12.82;1645.03
4.9;1018.73;227.64;18.45;2020.93
4.46;1034.01;213.08;5.48;7.99
4.96;1010.33;267.05;9.4;795.35
4.33;1028.51;255.31;5.91;152.12
-0.29;1000.91;342.54;7.81;408.27
5.89;1020.1;212.93;7.45;361.27
4.53;1028.04;209.82;6.24;182.05
4.43;1024.79;219.04;13.06;1712.87
2.48;1032.34;347.86;6.17;139.36
5.6;992.73;227.83;16.23;1995.35
-0.26;1000.46;344.26;8.35;432.9
6.32;991.6;248.33;16.46;2013.52
3.92;1025.7;276.9;8.03;477.54
4.13;1023.08;220.95;6.31;3.72
2.49;1032.74;287.07;8.24;480.47
-0.57;998.16;335.36;16.04;2001.72
5.51;1012.38;282.52;15.81;1987.15
4.74;1028.31;187.57;10.66;1055.97
3.06;1008.01;270.17;6.98;3.47
3.36;1012.88;280.72;10.81;1042.13
5.53;1034.15;236.49;2.34;7.74
2.75;1003.84;296.97;14.02;1883.63
1.58;1032.24;144.37;1.61;7.79
3.59;1029.09;220.57;6.65;240.54
4.41;1022.77;182.01;7.12;312.93
2.79;1010.77;230.7;6.0;3.67
-4.04;1000.82;355.35;2.92;7.26
3.74;1028.62;275.89;5.75;95.93
1.69;1029.63;276.64;4.53;7.54
6.12;1013.47;214.3;11.7;1321.78
6.35;1018.48;291.06;15.05;1981.9
-0.62;1032.73;339.84;5.51;7.84
4.17;1026.03;128.21;6.11;134.7
4.1;982.21;274.33;13.96;1747.69
3.23;1029.14;244.79;4.26;7.35
3.8;1029.72;198.18;4.13;6.83
4.36;1028.32;216.21;4.88;36.18
5.23;1028.29;235.44;4.66;7.42
7.43;1028.1;228.8;6.86;259.38
3.89;1032.25;355.04;4.55;7.88
3.98;1022.46;207.86;5.76;3.8
4.92;1020.72;225.0;16.37;2012.97
4.68;1008.62;232.4;10.08;920.6
4.91;1019.98;212.52;9.63;779.56
1.68;1027.76;141.99;5.82;132.09
2.08;1011.01;239.9;3.54;3.68
6.4;1023.93;281.66;6.87;259.68
3.83;1009.8;262.1;10.36;1006.37
4.64;1000.9;206.4;9.29;670.79
1.84;1031.32;311.37;5.16;82.07
3.35;1029.37;164.33;8.28;459.98
5.95;1023.77;305.51;13.33;1923.02
3.09;1029.77;253.47;5.16;59.73
4.92;1015.16;260.09;15.08;2002.17
4.68;1026.45;178.79;12.27;1513.53
4.15;1026.48;157.38;5.4;33.76
3.54;1028.34;237.96;8.58;598.02
4.27;997.67;197.67;19.02;2021.79
2.04;1032.99;287.68;7.3;365.38
5.66;1019.11;215.6;10.71;965.38
-0.58;1032.15;269.68;1.26;8.28
4.69;1015.03;291.94;3.38;4.28
5.15;1014.09;262.56;16.24;2015.14
3.72;1029.27;226.68;7.22;304.97
1.87;1032.83;291.32;5.45;105.26
3.74;1027.49;237.44;10.68;1070.27
2.35;1032.92;277.79;6.04;8.29
5.54;1011.69;321.45;4.45;3.68
5.02;1023.62;231.27;9.65;775.32
4.07;1025.39;226.51;13.06;1758.98
5.62;1015.54;206.0;10.45;975.49
1.41;983.22;299.45;17.04;2018.82
3.3;1007.19;308.85;11.75;1424.92
5.88;1020.16;206.58;7.32;332.73
7.77;1023.29;110.92;9.13;592.29
5.53;1011.7;322.12;5.55;3.68
4.0;1026.36;131.85;0.99;7.57
4.95;1030.19;174.1;8.84;583.24
3.52;1011.31;249.41;9.44;778.76
6.66;989.58;252.0;14.4;1962.96
3.01;1032.37;264.34;6.71;8.23
5.65;992.94;230.79;15.53;2005.6
-0.51;998.3;328.99;14.05;1868.75
5.45;1025.06;188.25;12.79;1533.65
2.58;1029.97;270.49;5.39;72.46
5.66;983.18;250.07;15.16;2006.3
2.66;1034.84;293.4;3.86;8.47
6.92;1028.17;312.83;7.28;355.62
3.23;982.06;280.13;14.12;1796.68
5.1;1029.91;121.53;4.79;20.95
3.48;1009.88;255.21;10.0;924.57
3.62;1035.11;317.44;3.66;8.31
4.75;1030.09;180.66;8.86;609.84
5.7;1026.01;242.91;3.85;7.01
5.16;1028.39;212.09;4.49;17.27
7.43;1021.97;123.44;10.91;1173.33
5.53;1026.46;220.66;2.83;7.51
4.08;1025.22;216.9;7.15;303.47
5.09;1010.47;260.77;9.8;777.8
3.72;1029.34;237.82;6.98;300.4
3.01;1031.24;178.84;8.5;545.97
3.78;1006.62;312.55;12.46;1668.24
4.75;1006.72;221.88;9.5;739.63
4.59;1008.92;238.48;10.93;1124.44
4.65;1018.6;228.09;18.24;2022.38
5.58;1009.14;248.74;13.03;1718.89
5.24;1028.38;213.23;4.39;16.63
7.67;1018.02;193.38;17.16;2013.94
4.22;1012.35;283.35;11.9;1428.61
4.96;1016.06;256.03;14.77;1996.29
2.52;1010.33;267.93;4.86;3.63
4.39;1013.62;269.86;3.46;4.05
3.44;1012.59;269.21;9.02;718.74
2.21;1029.24;277.56;3.72;7.35
5.05;1020.71;228.02;16.67;2015.95
6.21;1008.49;259.79;15.8;2014.47
3.61;1026.81;283.36;5.5;106.57
1.99;1033.07;284.55;7.12;304.18
4.28;1026.01;287.67;6.62;290.61
5.6;998.99;243.06;12.93;1674.33
5.61;985.72;251.82;16.96;2015.55
5.88;1029.37;182.71;8.15;455.09
1.19;985.21;305.08;15.39;1970.26
3.43;1009.85;265.19;11.32;772.66
4.6;1023.91;236.07;9.92;861.08
2.9;1029.02;266.94;4.57;10.84
3.67;1007.17;212.88;11.48;1274.16
4.69;1000.49;210.55;9.02;667.55
4.12;1028.32;154.81;10.06;803.97
1.68;1029.82;288.67;3.95;7.44
2.05;1029.83;309.38;7.04;344.42
5.13;1009.47;250.78;13.12;1729.32
1.81;1032.97;301.71;5.49;140.74
1.6;983.65;287.96;14.25;1747.99
2.59;1030.04;263.54;5.6;6.08
3.56;1029.17;231.58;6.49;219.37
-3.91;1000.66;220.24;1.43;7.65
4.06;1008.01;262.87;6.96;3.56
4.03;1021.76;196.13;6.47;3.83
4.79;1028.62;179.41;3.52;7.13
6.0;1022.54;303.99;14.53;1934.67
5.17;1011.58;316.92;5.8;3.56
3.81;1028.18;161.6;10.43;928.32
5.09;1009.64;250.88;12.59;1566.47
4.28;1030.09;188.76;4.44;6.92
8.03;1034.68;220.64;3.78;8.21
2.64;1034.66;318.97;2.92;8.67
4.42;1027.59;222.8;5.0;40.6
5.8;1008.61;246.02;17.54;2021.47
3.06;1035.18;308.34;2.37;8.63
6.04;1008.38;247.69;17.83;440.37
7.34;1028.27;326.66;6.3;141.68
7.59;1016.35;295.47;12.85;1541.56
5.4;1028.45;230.76;4.95;7.16
1.39;1028.7;186.74;3.05;7.99
6.86;1018.81;157.23;11.29;1104.57
5.4;1028.31;220.85;5.06;7.29
0.95;1032.49;250.14;1.31;8.1
4.57;1022.05;220.52;15.73;2013.19
4.78;1030.17;174.75;8.58;526.25
4.89;1025.35;301.29;9.23;672.47
6.94;1016.8;289.97;13.22;1704.61
4.89;1012.51;330.28;3.15;3.81
2.52;1010.71;222.06;5.62;3.71
2.71;1010.34;261.53;5.09;3.67
1.82;1007.53;306.52;9.97;888.21
5.35;1029.48;177.92;9.64;727.39
2.82;1035.13;302.91;4.48;8.49
2.91;1012.76;271.81;12.81;1673.59
3.83;1028.83;196.27;6.76;235.82
6.99;1034.66;210.94;2.41;8.32
1.03;1013.34;281.62;12.85;1293.47
1.81;1031.38;304.12;5.42;92.4
0.46;1032.13;311.64;5.25;78.43
5.15;1008.46;265.54;6.54;3.45
4.34;1010.08;270.08;10.88;1126.64
3.04;1010.77;232.05;4.75;3.66
5.54;1023.1;303.46;12.9;1749.91
8.84;1025.97;162.71;4.93;7.23
0.9;1031.79;307.01;5.55;114.07
4.75;1023.63;171.43;7.51;379.38
5.23;1020.21;219.92;9.59;758.25
5.04;1019.98;218.18;9.42;743.13
5.24;1023.87;231.16;11.53;1302.02
-1.26;1031.85;226.16;0.94;8.19
3.86;1024.95;206.6;6.12;187.63
3.37;1028.99;239.32;4.74;35.94
1.96;1010.29;198.73;5.94;3.72
2.77;1032.26;252.78;5.9;8.23
6.43;1025.6;290.11;5.93;174.71
5.54;1008.05;195.81;14.01;1840.07
1.25;985.24;298.51;12.53;1654.53
0.69;1032.62;228.38;1.96;7.97
2.48;1033.73;304.78;4.16;8.42
3.49;1029.78;253.21;6.43;172.02
7.06;1016.6;291.37;13.36;1736.16
4.14;1025.88;135.48;6.17;154.83
2.55;1032.9;277.72;6.03;8.35
2.62;1010.33;272.91;5.26;3.7
5.35;1008.93;179.92;10.54;1035.88
5.17;1020.73;204.82;9.2;696.82
2.84;980.47;258.18;14.92;2006.33
0.3;1028.53;174.63;4.12;8.09
6.11;1016.62;202.14;9.88;863.85
0.59;1015.64;140.05;6.48;3.51
4.68;1023.74;234.04;9.52;781.95
5.65;1013.83;205.55;10.06;898.49
-2.23;1030.42;353.38;6.4;216.25
4.2;1028.5;277.61;6.36;203.41
7.22;1034.56;202.95;2.37;8.29
3.7;1026.66;206.58;9.41;732.89
4.59;1029.2;290.69;6.02;8.44
6.24;1029.78;110.52;4.85;7.13
4.47;1024.74;264.7;6.78;263.57
2.35;1029.49;309.39;6.96;293.85
1.68;1023.59;130.83;8.17;429.68
4.41;1014.38;294.15;2.8;4.2
3.56;1029.42;262.1;6.02;180.12
4.46;1014.6;319.01;2.32;4.25
-2.97;1031.87;250.16;2.27;8.14
6.0;1011.96;204.45;12.0;1421.26
5.45;1014.33;191.55;8.25;504.01
5.68;1029.73;179.2;10.08;895.15
3.19;1028.92;271.79;5.83;176.28
4.32;1007.73;169.98;6.68;3.72
7.7;1034.37;225.53;2.23;8.15
2.64;1007.17;306.45;10.0;983.73
1.59;999.87;271.75;16.19;2012.26
5.47;1028.34;217.86;4.71;7.33
2.88;1010.77;234.72;5.76;3.63
2.88;1029.5;171.01;7.78;372.05
1.99;986.59;302.32;16.01;2016.74
3.2;1009.47;166.28;4.96;3.7
5.41;1011.78;283.55;16.43;2019.01
5.25;1029.56;190.67;9.96;855.08
4.18;1010.85;294.57;9.32;860.09
2.85;1030.56;320.73;7.87;437.31
2.68;1027.54;162.47;8.89;548.95
5.51;1026.38;252.35;2.34;7.25
3.48;1030.99;289.01;5.8;8.25
4.46;1009.44;235.63;10.66;1058.16
6.07;1019.85;204.43;8.38;496.69
4.61;1024.77;234.84;7.11;332.66
2.92;1010.84;237.02;4.71;3.69
5.53;1029.72;180.83;10.03;879.46
2.12;1010.3;208.28;5.19;3.73
5.94;1028.19;181.7;5.61;7.31
3.73;1026.39;262.46;6.47;8.4
5.74;1027.86;290.4;7.21;417.42
4.06;1029.29;281.33;6.42;8.4
3.99;1032.23;349.22;4.58;7.87
5.04;1030.08;188.5;7.07;6.37
6.11;1019.91;204.52;8.27;515.1
2.07;1032.94;314.5;5.63;108.26
2.91;980.44;301.31;13.45;1722.07
5.77;1015.41;306.97;6.49;4.22
2.59;1010.85;233.31;6.3;3.66
3.64;1004.93;305.87;15.87;2014.09
4.06;1027.54;189.25;7.86;409.15
4.19;1009.96;270.92;9.09;729.56
2.05;981.1;298.32;14.37;1902.19
4.07;1023.5;216.79;14.45;1987.97
5.46;1016.17;252.91;12.64;1610.47
5.19;1019.71;199.04;9.11;660.43
6.18;1019.79;297.27;6.63;3.85
1.48;1027.79;164.1;5.54;89.47
2.61;1032.57;270.71;4.78;8.33
5.56;1028.7;189.93;8.87;616.51
-3.87;1000.81;218.84;0.99;7.75
4.21;1029.34;200.67;5.55;86.2
7.04;1015.41;201.89;16.87;2016.04
3.49;1029.95;268.84;5.7;8.39
7.31;1028.06;176.33;10.89;1067.5
3.14;1034.98;258.19;2.19;8.1
3.98;1022.85;225.39;4.51;3.68
4.87;1010.71;271.77;11.32;1236.28
4.27;1029.22;199.55;4.66;7.4
4.72;1016.23;258.64;15.16;2001.36
2.71;1034.57;310.45;4.29;8.61
2.27;1031.21;261.56;10.11;929.2
3.61;1009.94;278.63;11.73;1260.58
2.48;1032.45;256.58;5.15;8.38
5.58;1011.01;212.39;14.68;1981.74
2.12;1030.24;312.27;7.78;427.1
4.23;1027.59;201.12;7.51;349.73
0.86;980.88;290.79;14.35;1893.44
4.88;1012.85;330.57;2.36;3.77
4.35;1007.96;252.47;10.25;944.23
4.84;1025.59;218.19;7.8;435.37
3.62;1026.73;280.05;6.12;161.84
5.9;1010.71;195.19;12.17;1414.77
0.71;1032.0;339.66;6.82;238.39
1.57;1023.52;134.01;8.71;540.19
4.8;1026.1;310.31;8.43;610.81
2.83;1029.25;295.04;7.33;305.31
2.55;1033.39;185.9;6.94;288.47
3.57;1008.94;151.1;4.61;3.78
1.2;1032.26;342.11;6.19;178.61
4.52;1023.68;241.21;9.61;792.59
6.88;1027.75;185.44;6.06;146.35
4.34;1023.72;163.03;7.35;331.88
4.22;1028.71;201.46;4.56;7.24
4.17;1001.5;198.69;17.2;2018.2
2.88;1028.74;227.6;2.11;7.75
4.75;1029.53;188.86;10.79;1073.68
4.67;1023.48;248.67;9.03;663.46
7.18;1016.54;293.42;13.51;1797.36
3.27;981.01;268.02;16.8;2015.84
2.22;1008.63;282.35;16.5;2009.38
4.19;1022.48;218.25;5.36;3.8
4.12;1025.75;203.85;12.47;1501.27
5.99;1029.8;201.18;7.17;292.66
0.52;1015.57;137.84;6.57;3.54
4.92;1021.04;195.95;7.55;403.29
2.18;1023.49;142.95;7.34;301.17
6.71;1029.5;116.77;5.43;76.88
4.82;1023.57;230.97;8.85;630.84
3.27;1004.06;298.23;13.46;1932.29
3.96;1031.21;117.51;3.71;7.66
1.94;1032.93;313.99;5.64;151.65
-3.96;1000.6;212.57;0.97;7.69
3.36;1032.05;270.78;6.36;8.21
2.78;1024.68;128.39;6.5;216.69
5.09;1023.66;172.37;7.6;291.52
5.78;998.48;250.98;14.56;1980.01
6.0;1020.43;291.53;13.5;1702.58
1.32;1011.29;305.47;10.52;537.54
4.31;1012.96;232.18;17.39;2018.09
4.4;1016.43;259.1;14.06;1983.21
4.64;1029.61;164.01;9.08;710.01
6.97;1021.81;128.42;9.53;748.08
7.48;1027.7;309.92;6.59;251.72
7.01;1029.48;181.23;8.68;619.97
2.53;1033.19;276.48;5.36;8.53
6.08;1008.38;248.96;18.0;2019.13
5.97;1010.62;195.49;12.03;1376.94
2.18;981.19;295.28;11.76;1496.14
3.38;1029.5;258.74;4.68;37.53
2.41;1030.59;321.56;7.68;367.83
2.62;1032.84;268.32;5.34;8.4
4.47;1019.82;205.9;9.42;747.35
1.15;1028.8;192.22;3.31;8.02
2.43;1033.26;291.88;3.84;8.62
3.13;1029.43;163.1;7.87;371.72
6.62;1022.83;264.4;6.51;231.93
4.08;1026.16;263.25;0.92;7.47
5.82;1024.84;189.55;12.91;1666.82
3.52;1011.39;249.47;9.67;821.52
5.78;1018.63;206.4;9.64;762.98
5.13;1010.02;266.15;10.63;1110.29
2.6;1029.5;299.28;6.0;207.3
6.18;1018.82;203.53;9.87;851.59
8.82;1026.07;170.07;5.69;7.18
3.58;1010.53;232.09;8.49;545.49
4.18;1026.47;229.39;3.01;7.12
2.09;1032.78;312.67;6.01;127.18
1.36;1031.09;309.09;5.98;164.65
6.79;1018.81;156.08;12.07;1271.76
3.48;1029.66;253.48;6.33;149.72
-0.13;1000.12;348.75;6.98;333.73
4.2;1010.89;273.95;9.28;809.57
5.66;1016.9;261.24;12.62;1607.51
1.8;1027.55;162.62;5.36;7.34
6.92;1012.6;285.19;14.73;1946.43
5.36;1009.22;251.16;12.73;1616.66
4.17;1025.9;151.17;8.05;449.43
1.64;1001.12;314.98;12.43;1465.61
1.9;1033.1;302.03;7.13;314.09
3.06;1030.15;297.29;8.95;788.75
1.99;1030.03;316.6;4.59;9.0
5.17;993.63;213.13;18.55;2017.03
3.73;1026.07;284.83;6.88;252.99
4.63;1008.02;249.03;10.06;892.69
5.19;1030.38;192.87;6.52;6.92
2.27;1009.7;186.46;4.93;3.71
1.31;984.28;286.65;17.11;2017.01
2.92;1029.12;241.33;3.87;7.78
4.7;995.73;203.47;20.22;2027.78
6.33;1017.53;210.04;9.99;874.19
-1.05;1031.84;331.27;0.4;8.28
4.25;1028.84;212.8;4.65;7.19
4.73;1027.82;197.47;7.0;339.39
4.99;1030.04;181.96;7.99;433.6
1.52;1011.63;295.73;8.84;650.86
5.08;1024.1;201.59;8.33;418.09
2.79;1010.7;253.92;6.36;3.66
5.06;1028.61;175.74;4.23;7.11
4.95;1024.31;217.86;8.72;579.73
2.47;1029.36;281.43;4.88;7.34
5.13;1007.5;220.15;13.2;1720.04
1.93;1030.11;311.74;7.91;494.65
4.16;1023.12;221.95;6.83;3.71
5.17;1028.51;151.03;9.04;600.82
6.43;1016.76;208.54;11.32;1214.03
3.49;1030.15;268.97;5.91;8.42
4.73;1025.69;221.22;6.84;280.32
2.5;1029.61;302.45;5.23;75.14
2.03;1030.33;310.58;7.57;455.63
5.03;1025.53;186.43;12.6;1558.92
4.81;999.98;219.09;8.77;559.22
3.69;1028.82;252.58;7.96;462.72
1.54;1032.71;316.22;5.29;8.37
3.24;1027.73;162.23;9.37;695.96
1.83;1029.85;310.8;7.86;466.76
2.45;1011.15;262.15;5.61;3.71
5.33;1028.49;233.17;5.66;118.4
5.54;1025.93;254.6;4.5;6.81
1.96;998.11;246.76;14.91;1971.41
6.24;1008.43;261.95;16.22;2013.11
3.87;1025.85;268.05;8.77;598.8
5.99;992.69;234.52;17.78;2019.85
3.78;1005.99;203.37;13.35;1725.02
6.6;1016.94;205.88;11.05;1158.32
4.43;1025.41;210.59;13.01;1733.17
3.37;1031.1;266.04;6.38;8.22
3.32;1032.15;328.48;3.88;8.21
6.07;1023.65;303.41;12.78;1526.44
6.11;1021.62;241.34;5.94;150.54
4.53;1028.11;207.8;6.0;149.42
3.19;1030.18;310.87;8.89;659.78
3.28;1028.95;275.71;6.85;265.79
6.39;1018.35;163.81;10.8;988.56
1.77;983.13;299.83;17.73;2013.17
2.46;1033.13;178.91;6.7;241.87
0.02;1032.26;318.41;5.34;64.0
2.66;1010.28;271.92;5.63;3.68
5.08;1012.3;335.03;3.51;3.77
2.24;1032.45;259.38;4.6;8.5
4.6;1021.45;221.15;15.57;2009.59
6.15;1014.46;209.49;15.54;2007.84
4.77;1009.74;240.12;9.79;820.76
3.31;1012.77;275.92;10.09;911.29
3.71;1008.73;224.26;12.56;1539.31
5.22;1025.08;308.06;9.76;878.22
1.99;1029.8;311.06;7.39;378.53
5.78;1030.12;208.49;5.12;7.03
4.42;1024.75;218.82;5.92;159.8
3.95;1031.03;116.38;4.89;7.36
4.59;1002.48;185.52;9.25;647.0
2.86;980.5;295.89;16.41;2008.01
3.38;1029.89;245.34;5.14;58.28
5.07;1009.94;239.53;18.42;936.42
2.2;1011.28;261.36;5.49;3.68
4.85;1029.34;189.2;11.08;1183.66
10.0;1025.27;130.53;5.58;7.29
2.29;1032.52;269.32;6.51;8.37
2.77;1010.85;247.03;6.37;3.65
2.26;981.98;281.7;14.73;1923.03
3.89;1023.0;222.59;5.67;3.72
4.5;1010.19;266.44;9.17;713.82
1.83;1032.17;155.23;1.53;7.85
7.45;1028.85;178.54;10.08;861.53
4.41;1027.94;284.99;6.22;193.58
4.27;1029.21;208.23;4.2;7.34
3.93;1026.36;207.91;10.15;915.93
5.81;982.8;253.05;15.8;2009.04
4.37;1024.71;219.32;6.3;197.79
5.48;1012.52;209.04;14.57;1982.77
5.72;1019.78;218.86;8.25;486.57
4.89;1029.08;311.45;7.19;403.02
3.79;1030.81;183.61;9.85;826.07
-3.93;1000.4;156.1;0.42;7.84
4.1;1022.23;179.91;5.62;124.53
3.36;1023.48;155.11;8.61;513.15
3.82;1035.49;341.43;4.34;8.71
3.68;1028.05;159.85;9.72;765.25
6.51;1021.36;306.64;16.61;2002.04
5.64;1018.95;212.24;9.03;631.1
3.73;1028.91;241.82;6.51;234.9
5.2;1027.6;292.63;7.37;349.66
4.15;1029.01;244.0;5.85;141.18
3.15;1029.81;247.72;5.73;118.44
3.86;1034.9;226.15;2.24;8.12
1.48;1027.81;147.37;6.23;135.56
4.95;1029.71;191.27;9.55;768.46
5.51;1010.59;212.03;14.48;1973.88
4.53;1028.03;210.63;6.8;259.42
4.99;1028.07;293.21;6.03;211.46
3.45;1031.03;181.96;9.34;719.41
2.66;1027.74;158.4;8.48;502.34
0.67;1016.68;141.52;6.81;3.62
4.01;1014.49;230.44;17.31;2016.09
4.08;1014.35;231.09;18.04;2017.6
3.87;1025.75;271.17;8.51;542.8
2.76;1010.81;256.99;6.08;3.67
1.44;1028.19;141.66;5.37;66.12
5.55;1015.53;278.95;13.62;1848.65
0.72;1028.13;164.83;5.03;7.94
0.75;1031.66;339.9;7.37;313.53
6.29;1008.4;258.02;16.48;2016.4
4.14;1026.05;141.5;6.14;160.21
8.77;1029.47;152.16;2.57;7.86
4.22;1026.63;229.63;7.03;320.67
0.73;1031.54;336.63;7.37;311.34
4.88;1014.84;278.27;15.24;2010.77
4.26;1028.61;205.79;4.42;7.21
4.45;1026.6;304.98;8.41;514.88
5.39;1029.51;175.35;9.09;596.75
5.39;984.58;238.01;15.17;1996.47
3.1;1027.06;275.52;4.57;7.38
3.4;1027.73;278.92;7.94;470.98
2.9;1032.23;171.18;7.66;382.91
7.14;1015.53;199.52;17.16;2015.68
5.27;1024.97;306.86;9.29;779.66
2.91;1029.83;262.92;7.05;347.43
4.95;1008.76;260.62;6.92;3.57
4.83;1030.11;181.76;7.97;430.78
5.57;1028.25;315.33;8.7;550.53
4.59;1019.79;205.94;9.9;839.29
4.29;1023.92;203.33;6.66;220.84
5.7;1034.29;277.67;4.5;14.09
2.16;1008.36;308.27;5.34;7.22
3.94;1026.37;125.94;4.29;7.19
5.86;1016.32;209.91;11.11;1188.82
6.99;1028.26;168.11;9.24;670.0
1.82;1007.35;310.78;9.63;351.03
5.29;1028.35;145.25;9.38;652.99
4.09;1030.87;113.07;4.04;7.23
6.12;1008.4;247.61;17.96;2017.73
2.42;998.4;269.41;16.46;884.72
7.32;1027.66;313.64;7.08;359.03
3.29;1012.94;277.37;11.08;1255.45
4.65;1023.4;249.14;7.61;386.7
3.13;1011.32;299.32;17.09;2016.6
3.61;1029.15;223.73;6.52;214.08
2.54;1033.12;288.5;6.25;8.29
-4.25;1000.8;334.34;0.86;7.52
5.9;998.6;258.11;15.46;2012.42
2.04;1011.0;253.22;4.83;3.71
4.57;1027.74;240.43;7.36;361.87
3.78;1029.27;220.71;7.06;337.27
4.13;1022.37;212.4;5.98;3.78
4.85;1029.69;189.97;9.98;850.91
4.03;1026.46;130.27;4.83;7.21
6.01;1023.63;304.16;13.61;1796.22
3.18;1009.57;170.22;4.49;3.66
5.69;1022.9;292.49;10.49;877.8
3.62;1027.0;275.41;7.53;408.97
0.77;1004.48;343.81;6.34;155.52
5.47;1010.26;213.54;14.24;1948.02
2.59;1011.13;248.03;6.8;3.7
5.0;1024.38;217.58;8.56;525.69
4.27;1022.5;188.05;5.91;133.19
6.4;1028.4;152.97;4.13;6.91
4.89;1028.74;196.25;11.17;1219.16
2.72;1031.75;276.26;11.26;1187.41
2.83;1010.97;251.11;7.35;3.69
3.83;1007.98;270.68;6.51;3.42
3.92;1008.14;261.87;12.52;1594.05
1.14;1031.01;332.32;7.89;425.49
4.18;1025.77;126.52;5.87;111.56
4.35;1029.07;302.63;5.05;84.49
5.68;1022.9;304.14;13.97;1916.9
4.71;1016.56;268.0;14.28;1976.04
3.98;1023.17;213.73;14.06;1980.58
2.57;1033.54;298.56;4.13;8.48
3.16;1029.48;171.71;6.61;218.35
2.66;1032.12;281.9;9.18;658.34
3.89;1026.54;141.85;5.02;8.07
4.46;1009.75;290.5;9.27;703.13
4.57;1029.03;292.78;4.69;8.49
1.41;1029.96;312.33;4.75;7.4
6.22;1018.62;292.76;14.66;1988.35
5.88;998.48;261.25;15.02;2007.32
4.36;1026.36;206.82;5.36;73.01
4.17;1022.4;185.72;5.42;99.01
-0.71;1032.67;336.89;4.99;21.82
0.96;1031.87;307.54;5.46;108.41
5.43;1020.06;219.53;9.84;828.09
4.6;1024.85;229.63;6.52;246.5
5.07;1019.79;199.27;8.68;586.86
5.99;1021.79;238.61;6.51;230.55
5.2;998.36;254.74;19.79;2030.17
2.58;1011.0;245.86;6.68;3.67
4.14;1012.3;279.17;11.28;1290.21
4.39;1012.75;233.56;18.07;2019.07
4.45;1009.54;233.38;9.76;825.13
7.04;1019.06;148.65;12.48;653.87
3.26;1011.44;293.49;14.37;886.2
2.86;1028.73;247.74;3.67;7.19
4.65;1028.03;290.09;6.08;203.86
3.17;980.62;281.53;18.4;179.7
3.33;1026.95;184.78;7.21;326.12
4.56;1023.85;236.98;9.74;863.56
2.62;1027.15;161.7;5.44;81.43
4.05;1035.36;316.92;4.76;7.73
2.74;1003.95;314.39;11.69;1457.15
4.6;1026.13;225.89;7.08;315.05
3.38;1030.45;260.66;5.6;8.38
5.5;1015.74;275.08;13.1;1739.75
2.62;1031.84;277.12;9.67;826.99
5.07;1030.27;192.14;7.27;42.09
2.7;1009.63;166.1;5.04;3.71
0.19;1032.63;152.33;1.22;7.85
3.92;1027.2;236.03;6.76;279.45
4.41;1024.56;265.12;6.95;288.29
3.95;1026.45;130.6;4.76;7.16
4.49;996.8;202.13;19.09;2021.29
2.29;1033.95;117.29;1.65;8.17
2.72;1032.66;271.3;6.88;8.26
4.92;1012.32;330.98;3.56;3.79
4.67;1023.61;255.92;7.82;420.98
4.45;1011.87;283.52;13.67;1727.91
5.73;1013.59;208.29;15.17;2009.7
3.86;1028.91;281.66;7.1;294.26
4.62;1023.52;241.32;9.71;797.15
1.47;1028.27;140.11;5.05;43.05
3.07;1035.2;314.54;2.56;8.66
0.19;1032.6;113.19;0.42;8.11
5.23;1011.76;325.85;3.39;3.7
4.75;1015.09;274.11;16.12;2015.9
5.16;1008.16;240.04;10.35;968.92
4.85;999.86;220.62;8.83;571.87
3.54;1030.99;295.5;5.89;8.23
4.99;1030.0;178.57;8.39;508.36
1.55;980.58;289.42;14.22;1832.5
4.19;1025.87;144.61;6.99;265.39
6.08;1029.46;181.98;7.99;422.29
4.75;1029.8;188.0;9.7;815.8
3.25;1035.09;311.38;3.28;8.38
5.3;1023.83;302.74;12.95;1486.26
5.04;1024.48;305.72;9.23;762.56
5.1;998.42;237.32;9.16;671.45
3.49;1026.88;187.32;6.92;314.09
4.52;1028.97;292.92;4.06;8.47
4.93;1010.28;239.03;18.33;2019.27
6.57;1022.19;263.41;6.8;253.28
1.93;1032.92;319.51;5.55;96.19
5.32;1008.73;250.31;11.22;1188.68
1.9;1032.92;317.9;4.94;66.63
1.94;986.22;306.48;16.68;2020.35
3.52;1027.36;272.39;6.77;268.8
4.2;1029.41;205.62;5.13;55.85
3.49;1030.98;286.92;5.1;8.22
4.79;1025.9;219.78;7.39;373.37
4.64;1021.36;199.06;8.87;629.54
3.36;1029.55;256.56;4.21;6.08
4.62;1023.36;243.73;8.44;533.55
-0.07;1001.72;280.53;10.12;999.52
4.41;1009.12;237.7;11.65;1286.09
5.96;1021.22;236.39;7.58;373.24
4.7;1023.44;250.0;7.85;430.82
2.34;987.1;310.97;16.61;2017.32
6.4;1018.3;166.86;10.9;1027.89
-0.45;1032.73;344.34;4.94;7.86
3.15;1026.94;172.06;6.91;237.88
5.47;984.37;236.58;14.4;1943.66
6.55;988.99;250.05;14.65;1211.15
5.23;1014.07;264.64;16.79;2019.36
4.61;1016.3;260.65;13.99;1931.46
5.89;1020.13;209.92;7.15;300.15
3.88;1035.49;342.52;3.73;8.75
4.54;1023.73;238.22;9.28;732.29
5.04;1025.75;216.8;7.75;388.48
2.1;1029.9;327.88;4.86;32.87
5.01;1023.61;174.44;8.32;506.95
5.12;1026.32;209.13;4.87;7.45
4.49;1009.74;279.1;6.43;234.4
1.26;1027.91;140.47;5.29;67.52
2.22;1033.07;293.48;7.26;383.11
3.62;1029.61;273.34;6.18;8.32
4.85;1023.65;231.7;9.42;780.78
5.13;998.76;262.26;20.29;527.05
5.81;999.54;247.89;12.83;1633.65
2.27;1011.61;298.45;11.74;1184.58
3.69;1028.9;249.5;7.59;394.69
2.32;1029.15;268.19;3.35;7.4
4.28;1024.17;211.24;6.31;211.99
3.6;1028.88;197.94;6.76;237.03
2.0;990.76;325.43;14.19;1870.39
5.56;1022.81;295.9;9.78;785.87
2.39;1033.33;299.47;4.47;8.53
5.04;1008.55;262.3;6.72;3.53
4.64;1008.41;225.29;9.74;771.09
4.58;1023.82;172.72;7.8;394.14
3.61;1029.3;240.86;5.91;160.91
2.98;1008.14;282.56;6.68;3.28
5.18;1030.39;194.8;6.63;63.96
2.54;1011.11;261.06;6.34;3.67
2.45;1011.07;246.31;4.39;3.7
4.27;1028.9;235.54;6.94;294.62
3.26;1032.72;357.48;6.01;75.74
3.01;1029.35;297.72;6.53;246.17
3.57;1029.44;274.24;6.74;264.13
2.42;1033.2;273.54;6.0;8.41
4.38;1016.09;272.23;14.2;1983.66
3.85;1028.79;133.2;4.22;7.27
2.5;1010.31;202.63;5.56;3.75
4.61;1008.72;236.85;11.53;1270.51
4.23;1009.94;277.85;7.78;460.74
4.95;1015.57;246.89;13.34;1781.78
5.13;1027.91;186.48;9.61;790.57
1.09;1001.53;283.28;13.45;1771.93
-3.52;999.74;161.45;1.79;7.9
5.51;1015.26;277.68;14.02;1916.98
6.38;992.05;250.86;14.8;1983.6
3.69;1028.93;194.7;6.57;244.88
5.19;1004.83;237.87;7.84;5.76
4.43;1028.26;235.87;5.17;67.72
6.02;1024.68;187.63;12.82;1743.42
3.76;1027.39;277.82;5.68;142.79
4.59;1001.6;201.71;9.49;734.55
2.72;1034.6;193.71;0.87;8.17
2.66;1010.94;237.29;4.96;3.71
4.47;1009.65;290.67;7.76;418.67
5.63;1025.93;251.66;4.66;6.67
3.52;1029.79;244.07;5.6;76.64
7.09;1028.27;228.88;7.1;309.32
5.56;1015.42;200.56;10.17;913.92
8.01;1034.44;204.28;2.74;8.2
1.02;1000.88;319.17;12.3;1484.26
3.49;1028.17;240.55;7.83;438.52
1.93;1033.11;295.76;7.74;443.47
1.96;980.32;289.14;13.0;1566.2
5.35;1028.19;211.63;5.21;7.14
6.79;1021.73;131.11;9.16;654.94
4.61;1027.88;198.76;7.07;362.01
3.32;1009.26;163.94;4.99;3.72
2.47;1011.0;247.48;3.85;3.62
4.35;1026.74;308.11;8.02;501.76
2.75;1027.75;159.31;8.61;529.18
5.72;998.73;265.75;17.18;2016.17
2.77;1010.84;316.45;6.22;3.87
5.65;1015.27;307.47;5.36;4.19
2.34;1009.77;165.9;4.1;3.75
-3.98;1000.57;195.36;1.0;7.77
4.53;1028.36;151.69;10.12;853.58
5.37;999.07;252.64;15.81;2010.81
3.48;1032.63;355.77;6.84;190.8
5.26;1025.38;259.0;4.59;6.81
4.61;1025.38;263.55;5.89;143.99
3.27;1030.57;262.82;5.01;8.39
2.14;1029.23;268.1;3.24;7.42
-0.33;1028.59;175.24;4.11;8.03
3.79;1032.39;351.61;5.05;7.9
3.31;1029.16;232.75;4.85;43.27
3.54;1026.44;275.12;8.3;508.65
6.49;1018.65;157.46;10.49;928.08
5.46;1016.41;273.42;12.91;1707.01
3.41;1025.62;293.19;6.29;197.4
1.07;1032.74;315.5;4.6;7.77
7.52;1029.48;185.41;1.92;7.74
5.34;997.89;242.23;10.11;878.61
7.1;1020.15;306.06;18.58;2018.86
5.53;1016.9;265.42;12.32;1549.97
1.73;1029.98;308.72;7.53;492.19
5.65;1028.52;316.45;8.05;413.43
2.4;1032.46;258.87;5.81;8.34
4.28;1026.46;205.41;9.23;713.84
5.88;1024.26;310.61;12.2;1407.09
3.87;1025.83;269.25;8.74;601.23
2.74;1006.98;309.08;10.48;1177.38
7.05;1028.71;323.36;6.41;176.85
2.39;1032.71;274.9;3.23;8.36
4.65;1023.42;249.59;8.43;522.66
4.12;1017.45;228.32;17.41;2018.61
3.21;980.93;265.23;17.27;2017.32
3.74;1027.78;282.43;7.48;333.93
5.52;1015.11;275.8;15.28;2013.51
0.25;1004.04;336.51;5.61;114.36
4.92;1034.1;209.77;3.1;8.11
7.45;1028.36;176.73;9.78;780.95
6.28;1021.74;306.74;14.06;1952.85
2.61;1010.82;229.0;5.5;3.68
0.27;1028.52;171.62;3.77;8.1
4.4;1027.76;212.16;6.88;294.01
4.52;1028.3;220.59;6.47;196.8
1.69;1011.51;287.71;7.37;388.26
7.75;1027.11;177.18;5.35;62.54
5.53;1026.34;261.74;2.19;7.25
4.7;1025.94;178.92;12.41;1526.03
0.56;1032.52;247.76;0.91;8.13
4.64;1023.58;250.07;7.93;447.48
4.01;1025.66;280.84;7.64;412.82
4.99;999.03;258.17;17.74;2022.6
5.02;1009.52;251.82;12.15;1456.96
6.78;1028.54;157.02;2.94;6.97
-3.67;999.26;144.0;3.61;7.9
6.31;1024.24;281.98;6.68;238.38
2.55;1034.43;281.84;3.38;8.78
2.29;981.64;277.57;12.52;1477.99
2.65;1028.94;188.77;5.3;87.92
6.35;1009.43;266.35;16.84;2018.86
3.8;1023.16;232.45;5.66;3.71
5.77;1026.25;261.06;3.35;7.22
2.45;1032.59;279.35;4.73;8.35
3.2;1029.38;279.97;6.82;282.79
3.55;1006.91;316.0;13.17;1670.06
4.21;1025.76;127.93;5.85;113.84
3.51;1029.83;197.71;4.05;7.31
-0.46;1032.61;316.12;5.38;102.26
7.39;1027.65;310.22;6.76;314.31
4.16;1028.52;278.45;6.27;190.69
4.11;1029.15;305.43;4.64;6.68
5.35;1008.89;249.87;12.79;1659.41
5.35;1029.73;190.73;8.12;494.0
3.75;1008.16;220.6;12.15;1454.34
6.27;1012.79;217.08;12.25;1495.19
1.54;1001.36;317.87;12.62;1548.16
2.42;1009.69;161.73;4.25;3.7
4.8;1034.08;214.81;3.97;8.05
5.48;1015.52;241.49;12.35;1530.48
7.1;1034.54;258.04;4.56;8.24
2.92;1011.32;268.82;12.74;1540.32
4.19;1029.21;198.26;5.51;82.17
3.25;1027.45;274.89;6.55;221.19
4.6;1024.79;228.24;6.13;218.54
5.44;1015.09;273.41;14.44;1995.17
4.51;1026.07;289.0;6.52;271.87
2.76;1027.43;164.55;8.1;466.35
3.97;1032.33;343.48;3.96;8.03
2.75;1032.49;353.16;6.29;278.98
4.58;1009.2;256.43;6.53;3.68
4.62;1023.86;231.87;10.02;885.2
2.34;1029.77;308.07;4.89;6.77
4.72;1023.44;252.51;8.36;526.83
4.65;1027.82;196.5;7.73;425.92
3.24;1025.01;129.32;6.66;206.54
5.63;1014.25;254.52;14.31;1062.22
2.76;997.86;278.6;11.84;1315.44
5.22;1027.86;184.11;9.99;877.33
3.61;1026.32;266.58;7.78;421.64
5.44;1014.79;246.22;12.98;896.59
3.93;1026.21;210.01;11.08;1149.8
0.8;1032.52;152.69;1.73;7.89
2.08;998.09;250.21;17.13;2015.26
4.4;1024.63;215.11;13.5;1839.99
3.91;1028.37;157.87;9.52;705.52
2.43;1032.63;275.69;5.5;8.34
1.95;1023.74;125.5;7.48;340.74
2.66;1010.69;228.61;6.21;3.64
6.35;1018.46;208.52;9.67;782.06
6.4;1021.49;132.24;7.73;362.57
4.62;1011.72;235.97;17.82;2019.84
6.84;1020.5;303.98;18.18;668.75
-1.92;1030.39;359.78;7.24;319.72
5.74;999.62;242.84;12.42;1468.12
4.26;1010.04;265.49;10.86;1122.55
2.36;1011.11;306.25;6.4;3.93
3.9;1032.3;351.65;4.96;7.86
5.47;1023.17;306.05;12.37;1682.21
3.87;1026.66;273.74;6.71;8.4
2.07;991.05;326.67;14.58;1873.19
3.5;1030.08;268.95;5.91;8.35
4.08;1010.94;296.09;8.28;506.89
4.46;1028.24;289.26;5.98;189.12
5.17;1008.14;239.55;10.82;1120.83
5.45;1014.49;272.15;16.06;2011.77
6.68;990.07;252.52;15.7;2013.67
2.93;1029.48;179.72;5.52;88.39
6.21;1008.53;262.25;16.73;2016.92
5.22;1028.95;316.02;4.67;45.11
3.52;1029.23;243.02;5.87;141.53
1.95;986.43;305.68;17.46;2018.6
2.8;981.28;303.94;12.73;1688.08
4.24;1023.26;225.54;6.14;3.75
7.24;1021.99;125.58;10.57;993.34
5.48;1011.98;283.08;16.85;2011.08
-1.78;1031.82;250.75;2.21;8.32
3.86;1026.74;277.65;6.99;8.47
4.82;1029.91;192.72;6.6;6.27
4.14;1024.53;218.71;5.37;89.29
5.27;1007.9;239.0;10.82;1114.83
6.49;1008.78;264.25;17.77;2020.24
4.42;1005.35;201.02;9.01;630.01
2.85;1010.94;248.2;6.7;3.66
4.69;1007.15;158.3;6.32;3.68
2.38;1023.55;144.36;7.2;371.94
2.48;1029.74;308.15;4.72;6.88
-0.5;1001.92;340.1;6.33;262.84
3.79;1028.08;277.67;5.23;8.62
2.55;1010.99;245.91;4.26;3.61
7.35;1028.6;181.72;10.72;976.05
7.4;1029.66;118.16;5.74;7.96
4.24;1028.32;244.07;6.31;198.07
4.9;1028.63;195.3;11.08;1182.54
4.57;1021.97;222.3;16.01;2011.32
5.64;1016.85;264.41;12.3;1495.83
3.7;1008.73;156.13;4.74;3.83
2.97;1033.86;196.69;6.32;220.5
1.84;1033.12;289.46;7.04;351.27
5.49;1027.93;207.52;5.36;7.69
2.65;1027.63;156.03;8.68;562.5
4.43;1030.68;110.33;2.89;6.98
2.89;1029.52;173.02;5.87;143.26
2.6;1030.59;271.53;9.85;862.34
5.45;1028.28;284.74;7.42;300.45
6.27;1029.8;181.56;9.41;757.33
0.99;1031.41;340.77;7.42;330.46
4.65;1023.65;171.5;7.85;384.16
4.15;1028.46;281.32;5.8;142.27
4.66;1023.53;253.44;7.54;381.21
6.28;1010.25;271.45;15.97;2013.19
5.4;1016.36;271.17;11.71;1358.32
4.74;1023.6;226.41;9.05;660.15
4.28;1028.79;190.05;4.61;13.43
5.24;1020.32;226.87;17.7;2015.17
5.5;985.49;250.09;16.14;2014.11
3.81;1025.98;261.71;9.02;641.67
6.2;1018.35;203.64;11.06;1118.62
7.4;1034.43;201.38;2.53;8.28
4.8;1027.94;183.98;11.53;1309.16
4.23;1025.89;285.26;7.25;290.2
3.8;1005.13;301.52;14.16;1870.02
5.11;1010.41;267.79;8.97;656.14
4.26;1026.39;212.57;4.23;7.16
2.63;1028.93;181.87;5.03;7.81
4.57;1028.99;289.97;4.2;8.47
2.27;1032.53;327.87;4.49;8.69
5.22;1020.35;218.43;9.35;749.61
4.58;1002.66;308.02;14.84;388.09
4.37;997.24;199.95;19.08;2022.55
2.41;1010.23;204.84;5.23;3.74
5.45;1028.72;235.96;7.44;374.86
6.54;1025.34;291.67;6.44;239.17
6.67;1027.92;316.36;7.3;181.27
2.28;1032.83;285.6;6.59;271.82
3.82;1028.4;287.06;4.58;8.6
7.27;1028.21;310.75;6.63;231.55
0.16;1032.65;117.32;0.77;8.05
4.42;1014.47;311.26;2.58;4.2
5.42;1029.69;193.38;8.73;602.59
4.12;1029.04;226.08;5.83;134.9
2.76;1029.14;191.83;5.07;7.98
5.12;993.9;212.12;19.48;2023.74
4.96;1028.0;190.42;4.29;8.1
5.26;1008.38;182.48;12.25;1456.83
6.45;1026.45;296.56;7.32;400.98
3.89;1023.12;225.67;6.42;3.71
2.75;1029.05;186.68;4.32;7.84
1.88;1030.63;322.11;8.29;483.14
4.42;1028.31;219.51;6.42;194.27
5.56;1011.71;317.72;4.35;3.71
4.25;1025.69;205.95;11.96;1349.29
3.92;1026.52;133.55;4.15;7.64
4.84;1010.51;237.16;18.55;2020.24
4.45;1009.98;271.2;10.0;841.42
5.36;1023.55;303.7;12.99;1641.43
5.65;1028.08;312.28;8.35;550.4
5.05;1014.46;262.79;15.95;2013.28
3.89;1027.82;271.33;6.8;8.54
3.76;1011.9;292.62;11.09;183.27
2.44;1028.99;203.84;3.87;7.93
3.07;1007.22;305.91;11.77;240.95
2.45;1032.47;269.19;5.75;8.38
3.86;1005.27;305.56;17.23;2008.17
2.98;1032.8;354.24;7.01;228.42
4.35;1022.86;180.75;6.87;241.89
3.49;1028.89;196.41;6.35;175.68
3.23;980.38;282.16;16.98;2014.83
5.46;1029.52;178.72;10.36;908.5
1.72;1030.8;332.39;8.0;478.13
5.54;1020.48;211.37;10.06;888.8
2.69;1029.47;170.54;7.65;350.58
4.82;1013.0;319.37;2.12;3.88
5.74;1028.76;313.62;6.18;220.91
4.67;1009.76;235.16;8.63;562.72
4.45;1009.29;235.22;11.4;1257.79
4.44;1026.33;203.46;8.55;591.67
2.24;1011.03;252.49;4.26;3.72
3.74;1026.23;256.98;6.32;8.39
7.29;1028.03;176.9;11.18;1131.19
1.17;1032.79;317.26;4.9;43.43
4.49;1028.54;319.8;5.32;129.98
3.67;1026.24;264.65;8.47;532.04
5.97;1016.49;201.29;10.01;884.35
3.43;1031.27;271.41;6.34;8.27
6.67;1022.39;257.62;7.25;330.63
3.42;1027.17;211.99;8.47;551.83
5.8;1013.84;211.59;15.02;2006.07
1.8;1033.08;300.08;7.23;303.13
5.55;1011.83;316.37;6.85;3.72
4.43;1023.7;164.31;6.74;205.81
5.34;1028.17;228.09;4.42;7.27
5.35;1029.68;190.46;9.06;663.76
5.13;1007.96;237.22;11.54;1314.33
6.44;1009.84;268.19;15.8;2011.18
6.03;1008.34;249.11;17.11;2016.16
3.79;1008.58;172.08;5.21;3.83
9.55;1025.11;126.49;6.2;126.76
0.29;1032.83;325.12;5.37;65.78
5.12;1007.5;228.79;12.66;1623.33
4.0;1027.84;289.74;7.51;503.0
3.39;1031.98;290.53;5.88;8.25
3.45;1027.49;216.16;7.48;357.13
4.55;1026.2;289.56;6.92;336.15
6.22;1018.66;207.59;9.58;785.16
0.07;1032.86;330.03;5.78;112.64
5.76;986.93;242.66;13.82;1798.75
4.87;1029.89;180.03;10.06;875.52
4.87;1025.36;232.16;6.24;199.9
5.82;1021.35;290.61;12.8;1685.21
5.74;1023.47;295.96;11.65;1541.4
3.33;1030.57;265.33;5.26;8.31
2.56;1003.92;300.84;14.96;1905.34
4.02;1026.86;231.23;6.33;200.92
2.48;980.96;277.72;16.67;2009.33
3.59;1035.03;313.52;3.31;8.45
4.47;1027.73;222.34;7.58;380.4
4.02;1023.3;214.49;14.21;1956.15
2.0;1033.11;302.42;7.04;386.91
6.0;1029.85;180.24;9.67;864.34
4.27;1028.99;216.59;3.9;7.2
4.7;1021.34;201.31;9.05;674.0
3.86;1025.94;264.79;9.5;770.12
1.56;993.4;321.21;14.99;1944.61
5.09;1030.17;173.18;8.65;549.72
2.09;1008.26;310.42;5.06;7.22
7.69;1018.42;195.25;17.28;669.36
4.4;1007.97;246.95;9.89;861.8
3.65;1028.8;263.21;5.7;126.25
5.36;1028.54;229.81;5.34;42.84
2.74;1028.94;177.88;5.35;7.86
4.81;1008.08;245.21;9.65;810.73
3.51;1011.48;251.66;8.97;665.34
1.3;1032.32;338.84;6.35;173.95
4.6;1019.94;204.08;8.77;631.23
1.79;1029.86;289.42;3.93;7.38
6.08;1023.54;301.64;13.01;1850.36
4.33;1030.61;119.85;3.54;7.08
4.92;1019.94;218.49;9.1;667.62
5.33;1030.18;201.97;4.86;7.0
4.78;1029.8;187.86;9.68;823.41
6.59;1017.55;287.64;13.33;1845.64
5.9;1021.45;235.0;6.49;210.6
2.38;980.83;275.08;18.23;2015.74
2.58;998.19;274.34;14.79;1951.79
2.44;1029.03;182.19;5.17;7.72
6.28;991.68;245.76;16.08;2015.48
6.71;989.65;252.6;15.04;1996.03
-1.85;1001.93;285.48;10.25;1049.07
2.54;1033.16;270.09;5.54;8.46
3.84;1031.31;118.6;2.9;7.29
4.91;1025.31;305.15;6.83;375.13
3.59;1029.48;240.83;6.03;161.31
4.27;1013.51;231.28;17.61;2018.76
-2.32;1002.31;286.64;7.07;321.65
4.11;1028.96;236.39;6.4;217.88
3.56;1029.41;165.38;8.99;566.09
2.1;989.09;319.56;15.83;1502.87
5.71;1021.07;290.3;14.16;1906.1
6.49;1011.45;281.98;14.21;1815.25
3.3;1023.56;154.22;8.79;551.31
4.62;983.34;267.86;18.08;2014.89
4.41;1028.38;217.95;5.74;118.53
4.51;1028.01;209.66;6.37;202.48
6.71;1029.63;116.44;5.38;80.5
-2.33;1030.45;353.47;6.47;224.07
6.0;1008.52;247.42;17.15;2018.89
7.59;1027.22;185.33;5.91;122.2
5.88;1020.66;290.27;12.52;1690.66
5.21;1028.16;296.46;6.91;267.67
4.18;1027.87;292.33;5.32;90.31
1.01;1032.56;248.03;1.59;8.11
5.44;1009.34;252.29;13.11;1719.34
4.68;1028.03;285.75;5.95;149.87
2.33;1032.51;263.75;5.19;8.43
5.62;1015.85;204.81;9.85;842.66
4.61;1027.78;193.65;7.28;298.89
4.52;1003.78;182.7;8.72;585.93
6.35;1017.36;208.53;10.45;1007.26
4.01;1003.38;198.49;15.95;2014.0
2.74;1031.87;277.34;9.95;861.65
3.15;1031.43;176.46;8.33;525.46
6.39;992.22;253.0;15.55;2011.19
5.29;984.95;243.59;14.33;1953.62
3.59;1029.17;225.25;6.65;244.65
4.53;1023.62;242.55;8.22;495.31
4.22;1027.9;294.73;6.15;148.52
4.53;1024.94;220.86;7.33;344.52
3.25;1029.42;162.08;8.24;470.67
1.98;1029.8;306.42;6.62;273.47
6.35;1026.75;295.27;6.6;196.2
5.45;1012.69;208.99;14.44;1997.07
3.71;1025.05;207.94;6.48;207.39
5.42;1016.38;264.25;12.8;1637.59
3.38;1031.53;273.7;6.88;8.23
0.41;1000.29;326.23;14.49;1754.82
2.94;1029.91;266.22;5.56;126.82
-3.2;1002.38;272.36;4.86;10.0
4.2;1027.41;244.72;7.15;325.48
5.5;997.86;246.65;10.9;1090.05
2.26;1032.48;266.61;5.16;8.37
5.47;1015.11;274.62;14.16;1971.01
6.21;1019.06;291.53;15.5;1993.67
4.38;1004.67;192.87;8.65;579.23
2.07;991.35;323.48;14.08;1834.6
4.28;1024.03;208.68;5.96;170.19
6.61;1022.98;270.45;7.33;341.52
4.03;1029.32;281.87;6.35;8.39
5.48;1034.23;254.59;2.78;7.69
4.66;1025.38;301.93;6.58;276.51
1.23;1031.15;333.59;8.39;526.94
0.5;1032.37;319.45;2.65;8.41
4.64;1001.9;197.29;9.56;768.46
4.35;1026.42;213.25;4.44;14.85
5.29;1028.51;148.54;8.58;516.14
0.81;1016.15;142.58;6.66;3.64
3.88;1021.77;187.66;7.59;384.66
7.3;1015.47;289.17;13.94;1847.38
3.86;1030.09;207.97;4.53;7.1
6.69;1020.99;304.35;18.0;2021.74
4.87;1028.81;194.81;11.6;1275.93
2.5;1033.86;295.97;3.33;8.59
3.52;1008.69;278.16;15.98;1991.68
3.35;1029.86;240.7;4.59;26.22
5.04;1025.35;260.32;5.22;6.53
3.56;1026.84;271.6;7.75;415.94
2.65;1010.73;234.57;6.14;3.67
6.97;1012.7;287.88;14.39;1914.21
9.52;1025.42;136.29;5.38;7.19
3.82;1025.9;288.32;7.05;313.46
4.55;1023.85;236.14;9.99;883.53
4.83;1035.3;187.98;1.02;8.16
3.81;1004.66;298.13;15.4;1985.86
5.22;1013.67;284.02;16.57;2008.08
2.21;1008.37;313.22;6.0;7.21
3.5;1028.6;247.62;9.09;703.04
4.61;1026.46;309.54;7.78;413.39
4.54;1009.62;234.25;9.41;725.98
4.54;1028.22;212.06;6.03;51.14
3.61;1004.0;300.46;13.69;1820.75
4.08;1028.02;291.3;7.65;364.29
2.5;1031.94;277.62;9.25;716.69
4.96;1029.62;170.12;9.44;665.81
3.86;1025.63;138.23;8.52;459.31
5.73;1011.48;198.75;12.09;1401.29
4.39;1016.58;266.43;12.88;1708.74
4.84;1028.21;194.74;10.81;1082.02
4.65;1011.63;236.1;17.94;2019.58
0.59;1000.41;326.72;13.94;1711.41
4.86;1015.24;258.03;14.54;1978.25
7.28;1027.89;177.09;11.53;1223.69
7.25;1019.44;304.07;17.53;2022.28
3.02;1029.42;169.54;7.01;259.02
3.91;1010.48;279.74;6.4;178.73
3.13;1023.58;152.06;9.26;559.11
4.57;1023.89;234.19;9.65;795.25
4.24;1026.46;220.17;1.79;7.34
3.34;1027.4;274.42;6.58;222.36
3.52;1005.39;310.17;16.02;2018.29
3.38;1006.99;316.19;12.0;1492.66
6.01;997.9;267.55;16.85;2016.9
5.19;1029.34;184.85;8.38;524.28
5.03;1035.28;172.14;2.6;8.27
3.89;1035.55;326.26;5.13;8.47
3.67;1029.96;204.73;3.25;7.23
3.29;1029.36;172.91;7.62;355.32
4.55;1011.84;235.81;17.49;2016.31
5.67;1015.73;208.36;9.71;809.3
4.98;1028.91;254.16;6.24;196.8
4.51;1028.13;290.07;5.76;185.94
7.48;1013.19;290.67;16.94;2019.09
6.32;1020.95;130.91;8.46;471.58
5.74;999.09;264.63;16.65;2016.79
4.75;1030.11;180.24;8.95;630.53
1.71;1029.81;286.3;4.03;7.39
5.4;1030.13;200.77;4.62;6.97
5.29;998.04;241.55;8.39;528.18
5.02;1014.7;263.67;16.1;2015.26
5.01;998.58;232.07;8.15;478.58
3.7;1009.24;227.9;11.35;1235.48
3.39;981.32;261.54;13.43;1823.72
5.58;1027.95;219.41;5.34;19.04
4.88;1027.66;183.14;12.36;1510.01
3.47;1030.06;266.77;6.39;8.35
4.76;1029.94;190.68;6.01;6.35
-3.59;1032.2;268.28;2.05;8.23
-1.87;1030.39;359.11;7.16;298.67
1.25;1000.89;317.05;10.67;1232.6
3.96;1004.51;296.69;15.4;1980.05
5.48;999.15;258.8;15.44;2007.03
4.39;1027.75;213.9;7.22;298.75
0.76;1028.75;179.25;3.59;8.05
4.77;1029.79;188.38;9.7;767.87
3.87;1028.04;293.82;7.4;305.48
3.43;1027.35;274.56;6.73;254.25
6.12;1029.89;181.15;9.37;709.33
6.11;1012.1;209.18;12.17;1448.32
6.65;1014.77;282.31;15.51;2009.21
4.4;1028.27;209.03;6.01;136.22
4.04;1023.83;165.76;6.59;220.41
2.46;1029.08;270.05;3.1;7.61
4.52;1029.65;187.06;10.35;973.58
5.78;1018.63;210.64;9.69;780.48
2.17;1027.5;152.23;7.7;341.63
3.61;1027.15;277.07;8.05;446.94
3.94;1021.55;186.19;5.94;3.87
1.55;983.22;298.51;13.89;1720.4
4.52;1014.79;306.6;2.38;4.19
3.08;1029.09;237.61;4.79;7.86
4.01;1026.62;139.98;5.02;7.83
4.39;1022.58;186.75;6.15;172.74
2.9;1032.57;172.5;7.16;308.71
4.39;1027.58;248.69;5.55;116.97
-3.28;998.7;127.14;4.25;7.65
4.71;1010.84;279.09;12.88;1672.82
6.07;1023.69;306.16;13.69;1880.32
3.58;1027.08;274.34;7.76;439.96
5.3;1023.68;235.26;11.6;723.0
3.8;1025.87;289.37;7.38;393.25
3.06;1028.83;195.54;5.49;77.73
4.6;1024.03;232.33;9.57;813.84
5.22;1010.38;259.38;8.39;555.16
4.43;1028.48;223.89;3.6;7.2
6.51;1016.91;206.22;11.35;1233.66
5.09;1028.7;235.89;6.75;256.37
4.27;1026.5;227.48;1.7;7.41
6.76;989.73;252.43;15.52;2004.66
2.09;1027.72;140.95;5.36;83.64
2.02;1032.97;284.73;7.74;335.32
3.86;982.16;267.73;13.99;1905.52
5.41;1016.54;272.64;11.69;1398.66
7.34;1027.98;311.84;5.49;104.23
1.25;984.17;290.75;15.93;2010.39
8.06;1023.86;109.55;7.72;315.55
1.97;990.02;328.69;12.93;1799.2
3.88;1026.05;210.96;11.81;1362.74
4.4;1027.72;222.54;4.86;31.9
3.67;1031.28;124.45;3.66;7.38
6.06;1018.34;193.11;11.14;1143.36
6.82;1012.12;284.94;13.89;1886.62
2.01;1030.0;281.24;5.35;6.65
3.76;1029.5;280.62;6.24;8.38
1.39;999.41;285.34;17.5;2007.16
3.65;1029.18;220.38;7.02;299.42
2.32;1032.65;265.26;6.25;8.43
4.85;1023.44;225.68;9.5;746.48
3.76;1026.79;200.11;7.4;389.74
5.25;1029.44;184.43;8.1;509.87
5.4;1016.28;272.82;12.77;1693.03
4.41;1030.69;114.29;2.74;6.99
7.36;1028.4;323.29;5.78;162.53
5.99;1019.87;290.55;6.21;3.89
6.34;1009.41;197.49;12.85;1615.23
6.01;1029.75;200.64;8.87;624.74
4.06;1016.14;231.12;17.28;2021.96
4.35;1016.2;267.64;13.12;1774.09
2.66;1031.99;279.25;9.01;674.09
6.21;1017.56;207.59;9.6;792.54
2.89;980.71;298.82;15.66;1918.75
4.63;1008.69;235.04;10.97;1139.83
5.51;1028.7;190.77;8.48;574.27
0.18;1028.51;170.5;3.85;8.13
5.02;1019.17;226.59;18.08;2019.8
5.48;1028.88;315.65;5.34;125.62
3.16;1029.44;180.01;6.09;135.87
-4.34;1032.15;309.9;0.83;8.27
3.48;1029.63;256.68;7.56;377.56
2.07;989.75;326.68;14.54;1831.43
5.46;1014.89;273.52;14.92;2009.83
2.31;1029.47;308.77;6.93;320.02
5.56;999.09;259.45;15.9;2012.44
5.63;998.78;244.85;11.43;1244.37
3.38;1011.6;249.21;8.47;547.11
6.17;1028.08;183.65;6.45;186.86
4.17;1027.64;191.56;7.7;400.96
3.31;1029.99;204.03;3.27;7.16
5.35;1009.04;251.11;12.99;1705.65
3.64;1006.75;208.81;12.11;1461.34
3.26;1035.13;307.65;3.11;8.6
1.92;1032.76;322.2;5.12;78.25
3.39;1012.85;275.62;10.67;1176.53
4.65;1019.79;206.85;9.73;817.03
2.54;1031.84;169.82;7.97;436.58
4.61;1024.92;227.89;6.9;293.47
4.51;1023.38;242.71;9.68;805.25
4.8;1023.49;232.31;8.79;629.93
5.78;1021.68;296.63;11.56;1183.58
4.82;1030.04;180.96;8.48;509.35
5.2;1007.94;234.84;11.03;1192.47
7.32;1029.65;188.25;2.27;7.54
1.48;1030.81;332.71;8.02;462.21
4.11;1026.43;153.66;5.06;7.47
0.29;999.48;343.15;5.97;169.0
3.06;1035.18;306.93;3.31;8.35
3.95;1025.56;222.29;12.4;1521.23
5.34;1028.93;188.6;9.08;679.88
-1.31;1031.91;243.84;0.84;8.2
5.25;1028.07;177.28;8.0;470.0
1.09;1032.27;346.84;6.21;199.71
5.35;1020.38;217.47;9.36;751.64
3.78;1005.32;309.23;14.62;1906.18
1.01;1000.74;277.05;15.46;1990.08
4.39;1024.49;263.95;6.39;207.04
5.34;1028.16;211.54;4.88;15.2
4.76;1007.26;226.49;10.41;967.36
2.59;1029.47;296.82;6.51;258.23
4.81;1030.21;119.8;5.15;18.65
5.75;1023.16;293.94;12.23;1446.57
5.26;1025.37;255.48;4.92;6.58
3.96;1006.56;313.57;12.47;1485.41
4.19;1008.36;245.43;6.65;3.54
4.04;1022.15;207.69;5.2;3.84
2.59;982.88;286.84;14.97;1948.71
1.18;994.59;337.53;5.75;76.54
0.87;1032.79;326.49;5.0;18.92
5.49;1015.89;245.73;12.39;1535.34
4.6;1021.71;221.52;15.63;2011.11
-0.1;1028.36;165.01;3.5;7.91
2.71;1031.74;155.77;4.11;7.71
5.34;1015.38;243.67;12.76;183.85
2.68;1010.97;244.37;6.02;3.67
3.09;1033.91;197.57;6.46;196.74
4.85;1026.28;311.1;8.51;566.06
6.1;988.52;262.37;13.86;1888.81
5.66;1018.83;209.16;9.17;660.15
5.99;1021.63;235.02;6.3;180.69
3.55;1028.92;260.61;5.75;123.11
1.57;1011.08;307.59;8.23;567.59
4.9;1025.68;215.72;8.16;498.25
3.64;1027.77;281.16;7.4;349.78
5.9;1029.92;103.02;6.15;143.39
4.69;1006.4;218.9;9.5;739.29
6.23;1026.84;299.09;6.3;219.31
0.14;1028.3;166.71;3.91;7.97
4.59;1023.35;238.31;7.19;326.33
3.0;1030.27;291.06;8.89;673.78
6.28;1008.67;262.86;16.58;2015.42
6.45;1029.69;192.82;7.48;361.71
6.7;1028.09;164.2;8.8;570.61
4.13;1025.82;283.54;7.75;417.46
0.63;1032.63;172.34;1.73;7.91
3.9;981.64;272.39;16.86;2013.44
5.65;1019.23;217.82;8.76;598.04
4.38;1015.64;272.68;14.64;1979.48
5.31;1029.17;182.72;8.48;555.83
4.02;1004.55;198.67;15.2;1998.38
5.28;1014.15;270.19;15.96;2013.25
4.41;1010.0;277.03;9.21;709.8
6.6;1018.82;156.14;11.17;1080.64
2.33;1032.62;261.12;5.45;8.4
5.66;1012.24;209.92;15.06;2004.91
4.4;1028.41;248.88;5.44;98.56
-0.22;995.84;320.36;13.25;1596.06
4.25;1010.46;264.83;8.92;643.85
4.6;1019.8;205.87;9.34;725.32
5.82;1019.86;217.92;7.64;378.21
3.57;1029.81;272.07;6.04;8.32
4.99;1008.55;261.35;6.56;3.62
3.87;1026.53;203.66;9.7;803.02
2.54;1034.28;295.17;4.22;8.79
5.22;1023.43;229.27;9.28;729.26
3.35;1029.73;252.41;6.6;190.77
5.06;1008.55;250.96;11.94;1372.45
3.98;1010.35;281.45;11.46;741.51
2.63;1029.98;263.92;6.72;256.77
1.32;1030.88;333.47;8.1;464.66
3.91;1032.34;346.27;4.39;7.91
-4.63;1032.31;333.7;1.07;8.13
2.58;1034.82;304.6;3.28;8.65
3.45;1029.16;238.13;4.94;40.17
4.41;1027.54;284.54;6.32;8.41
4.01;1025.75;281.18;7.61;388.1
4.07;982.16;268.76;13.17;1683.94
3.78;1026.51;266.15;6.18;8.39
6.9;1029.32;167.15;2.53;7.02
3.16;1030.14;307.22;8.35;611.18
5.29;1010.04;260.79;10.65;1050.84
4.45;1024.76;221.98;6.38;203.48
5.06;994.17;211.45;19.32;2022.97
2.04;980.51;293.45;10.26;676.09
2.63;1029.0;191.28;4.17;7.91
4.01;1016.41;230.39;17.83;2020.12
0.48;1000.65;320.98;10.46;1162.37
5.23;1029.4;183.4;7.88;449.37
6.15;1008.45;247.43;18.04;705.42
4.06;1028.0;292.91;9.33;756.77
-3.04;1031.25;358.92;6.69;279.9
4.08;1022.56;218.55;14.64;1970.32
2.94;1012.21;263.23;10.21;986.68
4.53;1028.37;219.63;6.32;182.49
5.44;999.07;255.88;17.78;2023.05
4.31;1026.17;215.66;8.36;539.01
2.99;1032.49;265.63;6.62;8.22
3.84;1009.91;264.16;11.37;798.32
-1.41;996.7;327.72;19.22;2019.33
6.58;1024.58;285.59;7.61;391.48
6.12;1012.26;210.08;12.69;1600.34
2.46;1033.14;275.99;4.57;8.49
0.25;999.54;344.25;5.47;175.01
3.82;1005.13;304.0;15.33;1945.36
4.59;1023.54;234.85;8.56;579.46
5.88;1029.83;181.12;10.27;944.65
3.66;1025.35;133.46;6.57;220.13
7.35;1029.35;183.19;9.01;680.61
1.13;1032.67;320.41;4.62;8.14
6.0;1016.43;211.5;10.73;1105.76
3.04;980.35;287.47;17.56;2005.76
4.79;1023.63;228.18;8.24;477.04
-3.67;999.94;166.79;1.08;7.73
3.43;1029.74;256.28;7.15;315.85
5.88;1011.88;201.94;11.75;1372.79
3.42;1034.92;230.33;3.09;8.12
5.06;1023.54;175.37;8.64;390.21
4.29;1022.11;217.66;15.13;2007.32
4.56;1002.68;181.31;9.8;779.28
5.04;1014.14;281.49;15.3;1994.44
-4.26;1032.2;317.62;1.31;8.16
4.36;1013.04;233.11;18.11;2020.19
4.12;1023.6;194.21;5.93;135.35
4.7;1020.04;205.9;8.28;511.48
5.33;1028.33;149.29;10.07;797.05
3.35;1006.96;318.95;11.79;1488.27
3.67;1029.93;199.34;3.89;6.8
5.65;1014.28;258.08;14.62;317.28
5.3;1028.27;183.07;8.54;549.95
5.57;1024.91;305.13;10.43;923.45
6.35;1009.32;266.43;16.38;2015.38
5.24;1010.12;265.34;10.11;949.7
6.4;1010.38;273.53;16.08;2015.19
1.93;990.38;328.94;13.11;1525.58
7.76;1023.58;112.42;7.7;366.33
4.06;1024.96;209.85;6.32;212.36
4.59;1023.69;239.89;6.78;3.69
5.25;1008.65;179.6;11.71;1311.15
4.62;1023.69;255.03;7.34;361.84
6.17;1009.11;191.43;12.17;1400.23
5.39;1009.17;248.84;12.8;1665.86
1.46;1029.75;274.4;4.54;7.32
3.78;1026.46;264.71;6.37;8.44
4.36;1018.0;227.11;18.53;2021.0
7.39;1029.53;187.49;2.56;7.69
5.67;1026.28;258.89;3.0;7.19
-0.02;999.99;323.6;12.14;1610.49
5.64;1011.48;214.9;15.17;2001.13
3.71;1026.06;260.45;8.57;563.81
3.87;1024.05;216.31;13.36;1803.34
2.98;1012.07;261.04;8.36;598.11
4.02;1027.49;191.67;7.79;390.32
2.08;1032.55;270.59;5.1;8.26
7.02;1020.5;141.51;10.52;925.19
5.5;1028.44;187.67;8.47;562.79
6.43;1021.45;129.27;8.8;544.09
4.47;1028.15;227.15;4.55;7.29
4.59;1009.78;279.7;7.26;340.32
3.83;1028.26;275.87;4.74;8.64
5.79;1034.5;275.05;4.18;8.31
7.15;1015.95;198.9;17.14;2018.04
5.3;1008.27;185.51;12.28;1401.28
3.42;1027.48;208.78;7.28;323.66
1.28;981.91;307.15;8.16;646.28
5.09;1009.59;251.83;12.37;1493.8
7.7;1016.91;298.41;17.49;680.8
4.72;1023.53;246.53;8.63;582.72
2.48;1033.19;299.04;3.87;8.29
7.61;1017.49;193.99;16.77;2016.3
3.44;1026.53;269.38;7.68;406.24
1.13;1031.16;332.99;8.14;472.46
4.0;1026.24;107.11;0.79;7.67
4.79;1009.67;237.56;9.74;794.71
7.0;1029.66;118.1;5.3;7.86
5.43;1016.2;272.68;13.37;1817.35
5.62;1018.92;209.96;9.5;731.56
5.2;1019.88;227.63;17.48;2018.14
4.27;1027.31;296.22;8.43;498.98
3.05;1035.18;311.41;3.6;8.52
2.35;1027.22;158.44;5.56;98.25
4.27;1007.94;171.47;6.96;3.74
1.22;981.99;305.82;7.35;367.3
3.06;1032.22;331.07;3.92;8.22
4.29;1027.71;206.65;6.78;270.02
5.33;1028.96;188.19;9.4;712.45
3.84;1025.25;216.93;6.83;264.37
2.04;1032.85;316.53;5.93;154.6
2.22;980.92;274.76;19.04;2023.86
5.19;1028.3;209.73;4.6;21.7
3.26;1032.67;355.67;6.96;217.17
5.05;1008.12;240.01;10.62;1024.11
2.93;1031.43;130.88;4.28;7.61
4.16;1025.96;141.44;6.39;175.98
1.81;1033.06;304.16;6.08;207.14
2.96;1029.17;255.27;3.91;7.8
4.51;1027.8;264.52;5.43;101.38
2.53;1028.94;190.61;3.81;7.88
2.36;1032.62;292.75;7.88;445.59
4.1;1029.1;236.5;6.81;260.03
4.49;1009.82;289.13;9.49;813.79
1.93;1031.33;309.51;4.14;38.29
3.77;1008.64;167.13;4.29;3.85
4.46;1026.61;225.06;6.35;221.2
3.77;1026.95;231.11;10.71;1111.67
2.62;980.64;258.77;15.63;2007.36
2.5;1010.95;233.71;4.97;3.76
3.26;1030.46;257.84;5.22;8.49
2.32;1032.38;347.33;5.88;173.94
3.91;1024.53;217.12;13.35;1805.43
4.11;1026.74;230.28;6.93;297.99
0.64;1015.71;139.56;6.74;3.6
4.04;1014.53;230.91;17.62;2020.83
1.06;1031.7;306.29;5.44;107.47
4.13;1023.13;222.81;6.6;3.72
1.95;1010.25;202.13;6.38;3.7
3.86;1006.25;309.78;14.75;1904.63
1.64;1007.44;315.39;9.09;182.16
7.38;1027.95;310.69;5.45;104.54
1.37;998.29;244.05;15.48;2009.58
-4.13;1000.75;217.56;1.16;7.38
3.03;1027.55;239.71;2.46;7.34
5.41;1015.95;274.28;13.01;1808.2
4.56;1026.64;306.32;7.68;455.19
5.69;1022.06;294.1;10.67;1029.53
3.97;1025.87;224.15;12.1;1468.58
6.26;1017.95;288.08;13.97;1911.22
6.36;1021.78;245.06;6.12;160.48
5.2;1007.58;238.43;13.02;1751.72
3.02;1029.82;257.45;5.25;81.46
7.84;1029.34;155.83;2.18;7.8
4.05;1029.51;165.61;9.38;751.68
1.86;1023.68;129.95;7.91;388.01
-2.32;1002.15;286.65;8.26;471.16
5.32;1009.37;250.87;13.14;1724.33
4.17;1025.86;284.21;7.41;355.61
6.42;1018.34;169.74;10.66;1023.09
3.05;1035.18;307.08;3.23;8.74
5.0;1025.44;261.71;4.92;6.92
6.09;1022.25;304.51;14.76;1884.34
7.89;1023.78;111.61;7.72;343.51
5.17;998.42;243.7;9.23;690.46
2.26;1032.85;289.49;7.06;304.46
2.2;1032.75;315.1;5.45;130.25
2.22;1010.97;236.21;3.97;3.71
2.61;1028.47;137.52;4.88;37.87
5.33;1020.01;217.86;9.58;776.31
5.07;998.44;234.5;8.09;470.16
6.21;1019.61;291.78;14.93;1916.2
2.95;1028.33;231.93;5.84;129.79
5.13;1027.01;291.34;8.13;490.18
2.7;1023.55;146.67;8.95;515.79
3.14;1028.14;223.61;6.7;230.93
4.35;1025.55;209.71;12.24;1451.46
4.41;1025.11;211.1;13.57;1874.83
4.34;1010.12;280.64;9.18;747.96
0.34;1004.21;332.68;5.92;131.24
-2.6;1031.82;241.46;2.32;8.32
4.57;1023.38;240.34;8.47;553.29
3.94;1027.74;278.61;6.91;8.6
3.46;1027.59;212.39;7.35;332.45
4.65;1023.39;247.91;9.61;780.95
-0.31;1032.51;316.63;6.09;155.67
4.14;1032.3;346.81;3.57;8.12
3.52;1028.08;242.44;8.84;643.75
6.1;1019.81;296.2;6.61;3.83
5.4;1028.61;149.74;9.34;617.86
4.67;1015.52;279.21;15.39;1973.93
7.37;1029.62;194.62;2.56;7.6
6.1;1019.89;204.19;8.06;476.72
4.17;1008.01;167.18;6.6;3.73
4.91;994.81;207.94;19.42;2022.41
6.06;1028.31;163.09;8.97;580.97
5.5;1029.44;175.72;8.62;527.45
4.79;1028.1;319.38;5.58;7.43
2.6;1034.48;294.42;3.48;8.55
2.39;1033.25;280.41;6.41;8.37
5.98;992.45;235.7;16.79;2013.31
3.24;1028.86;196.07;5.96;141.68
7.14;1027.92;221.32;5.88;133.73
5.88;1011.31;198.9;11.92;1338.89
4.66;1007.14;155.11;6.3;3.72
3.91;1027.19;233.18;6.3;211.59
3.77;1011.17;261.71;10.22;923.67
3.11;1029.44;177.3;5.92;125.71
3.17;1032.07;270.0;6.04;8.27
6.63;1029.63;190.03;8.49;499.28
3.26;1027.45;271.54;6.28;200.05
3.61;1005.25;306.31;12.7;1714.08
6.32;1017.49;209.49;10.11;921.32
3.0;1031.35;126.7;4.11;7.51
0.82;1032.05;343.88;6.56;223.65
5.39;1014.57;273.23;15.82;2016.32
0.02;1032.62;129.04;1.02;8.07
1.0;1027.96;171.1;5.45;76.23
2.03;1010.2;294.99;20.13;2033.12
6.67;1029.44;185.05;7.78;406.59
5.74;1015.29;307.88;5.85;4.18
5.88;1011.12;199.1;12.3;1425.55
2.96;982.83;278.63;14.29;1823.88
5.35;999.34;257.32;15.23;2006.71
4.12;1028.95;238.7;5.7;123.92
4.8;1027.31;178.27;11.6;1296.95
2.85;1028.82;203.96;3.13;7.48
4.74;1006.55;219.74;10.36;966.84
0.79;1004.83;351.35;6.8;332.55
4.83;1029.59;166.47;9.61;765.56
4.64;1028.35;150.32;9.98;776.21
4.77;1028.14;184.78;11.17;1198.58
4.08;1016.98;227.8;17.29;2015.98
3.54;1029.87;270.18;6.05;8.42
4.27;1027.91;293.6;6.44;225.75
5.98;997.71;262.68;16.75;2015.76
4.4;1028.52;250.31;5.37;82.25
3.88;1009.82;265.81;11.09;1283.41
1.12;1031.69;305.19;5.23;86.69
7.4;1029.56;175.87;2.01;7.33
1.42;1027.76;144.18;6.09;123.36
7.31;1028.31;174.86;10.43;953.78
5.2;1024.06;196.71;8.7;114.72
4.77;1010.78;236.83;18.11;2019.94
4.69;1023.52;239.54;8.3;530.55
4.22;1026.62;216.22;2.39;7.15
1.73;1033.01;296.88;6.55;263.99
3.87;1027.09;268.85;5.81;8.45
4.02;1026.43;147.48;4.42;7.58
2.04;1023.84;127.66;8.35;463.4
6.55;1024.79;287.56;7.56;454.44
4.03;1028.75;194.33;5.91;137.44
4.68;1023.44;251.95;7.98;452.8
6.56;1010.65;274.78;16.9;2015.82
4.47;1025.18;208.59;13.76;1878.84
3.0;1029.51;186.73;5.71;117.06
6.65;1029.64;187.61;7.87;409.8
-2.34;1001.94;282.37;7.12;305.34
4.35;1030.61;123.91;3.26;7.03
6.95;1027.98;316.06;6.69;174.67
0.64;1000.75;321.01;9.7;630.92
-1.53;1031.78;239.61;2.22;8.25
3.6;1028.69;129.02;5.2;51.83
1.0;1032.66;323.31;4.84;8.13
3.36;1011.8;303.49;17.17;2013.49
2.75;1032.78;176.73;7.17;305.32
-0.2;1032.8;334.99;5.64;105.43
2.61;1029.03;269.58;2.89;7.64
5.69;1019.71;218.09;8.4;497.98
5.6;1016.67;257.16;13.01;1684.11
3.71;1032.73;358.76;5.84;143.25
3.65;1026.97;277.75;7.63;382.49
4.35;1014.16;283.27;2.44;4.18
2.7;1006.89;306.93;10.54;1029.14
5.15;1030.39;200.91;5.32;84.51
1.86;1029.5;278.03;4.17;7.3
4.62;1023.91;234.46;9.92;879.67
5.74;998.91;265.31;16.97;2015.4
4.49;1022.68;181.92;6.45;215.72
4.2;1022.07;179.7;5.76;122.65
6.24;1018.34;177.02;11.26;1176.93
-0.25;1032.83;340.34;4.81;40.59
3.79;1029.7;322.05;5.31;70.62
4.26;1029.45;320.06;5.34;77.57
4.72;1023.71;232.14;9.65;817.09
2.34;981.49;268.3;12.61;1667.04
4.98;1023.98;227.87;11.86;1368.41
3.87;1028.55;282.92;8.93;577.34
2.64;980.82;276.3;17.96;2022.7
3.72;1029.55;274.37;6.52;8.28
1.79;1007.86;312.86;6.98;204.52
-4.16;1032.23;289.57;1.4;8.27
3.7;980.24;261.81;17.07;2018.31
4.01;1021.92;182.7;6.51;240.9
0.51;981.63;290.92;17.57;2013.03
4.79;1009.82;244.47;11.05;1146.99
1.92;1030.2;283.58;4.82;6.76
5.16;1023.97;230.18;11.5;1262.98
2.62;1028.86;208.83;3.69;7.91
2.54;1010.37;213.21;5.66;3.77
5.25;998.24;255.05;20.02;2022.25
3.79;1025.84;137.7;7.17;239.95
-3.5;999.07;144.24;4.27;7.9
4.29;998.78;264.63;17.26;110.82
3.6;981.42;265.57;14.12;1913.31
3.1;1032.23;170.65;8.09;443.27
4.65;1025.97;213.92;6.8;262.28
0.61;1032.11;311.25;5.75;117.5
1.52;1023.57;131.4;8.2;455.52
1.55;1027.75;145.28;5.82;112.69
4.9;999.5;220.27;8.91;612.12
5.17;1028.36;209.89;4.9;48.98
3.73;1008.45;223.17;12.69;1578.68
4.46;1022.01;219.6;15.95;2015.39
5.29;1023.85;232.56;11.69;990.2
1.06;1032.46;234.15;1.25;8.11
1.26;1028.76;190.99;3.38;7.98
2.91;1004.01;304.99;12.18;1451.36
6.1;1016.74;205.01;10.38;985.64
-4.46;1001.18;289.45;1.6;7.66
4.17;1025.83;129.86;5.97;107.27
4.51;1028.03;215.55;6.84;253.2
4.58;1024.73;219.49;12.77;1601.17
7.44;1013.94;290.97;17.76;2020.44
4.54;1023.74;238.15;9.56;798.66
-3.48;1032.17;257.54;1.86;8.13
1.12;1028.43;178.18;4.9;8.39
2.91;1033.88;193.31;6.56;225.52
7.35;1028.38;174.58;10.08;873.94
1.41;997.97;254.25;13.29;1679.07
5.04;1027.84;187.2;9.67;804.86
5.15;1030.43;203.83;4.25;7.07
3.64;1028.81;252.83;8.34;547.07
0.68;1028.04;163.37;5.31;7.86
3.77;1028.51;287.58;6.97;327.75
5.29;1027.03;291.94;8.4;267.5
2.58;1032.24;284.63;8.71;576.5
1.31;1028.11;140.37;5.14;35.06
4.05;1023.89;219.95;14.63;1992.28
6.8;1018.92;153.87;11.58;1198.94
3.88;1024.53;216.88;12.96;1700.52
3.95;1021.66;193.8;6.52;3.84
1.69;1029.53;281.19;4.36;8.19
5.58;1028.64;154.16;9.49;681.68
-3.91;1000.86;256.7;1.59;7.27
0.6;1007.29;286.09;15.71;2009.61
3.87;1029.18;225.04;7.14;312.23
4.87;1028.26;148.86;10.24;849.28
5.01;1029.64;174.4;9.82;840.27
3.93;1025.76;279.43;7.83;390.43
2.7;998.11;275.16;13.11;1749.78
3.37;1030.9;274.46;8.37;8.21
3.52;981.28;262.53;13.89;1861.52
3.43;1009.65;269.76;8.12;528.21
4.74;1009.58;310.44;6.39;3.62
2.62;1024.67;129.71;7.48;313.86
5.93;1016.58;198.82;10.11;903.25
4.45;1028.15;229.58;4.38;2.24
5.62;1028.06;292.42;8.52;564.73
1.95;1032.91;291.54;6.03;204.87
4.56;1028.5;225.01;4.4;7.23
2.6;1028.89;270.86;2.36;7.65
2.57;1010.92;237.53;4.56;3.76
3.2;980.22;258.13;14.37;1975.0
2.95;1009.63;271.3;8.21;488.42
5.62;1034.19;275.85;3.84;4.98
-3.35;1032.14;256.49;1.68;8.11
4.01;1029.12;229.28;5.9;148.64
3.5;1012.23;297.11;12.82;1543.74
1.88;1031.37;309.64;4.39;51.4
2.06;1032.81;320.33;4.83;8.91
6.0;1019.26;202.54;9.2;699.0
2.66;1011.01;240.68;4.69;3.67
2.39;1032.83;283.4;3.79;8.34
5.29;993.31;217.43;18.14;2019.86
3.86;1026.41;113.33;2.02;7.82
4.36;1023.35;226.39;6.37;3.74
3.61;1035.51;322.9;4.76;8.76
6.27;1017.98;206.07;10.04;900.91
0.15;1003.93;336.08;5.63;62.24
3.85;1026.84;270.16;8.0;8.51
5.16;1020.74;202.62;9.63;801.56
4.64;1027.88;199.11;7.35;387.07
3.98;1026.21;108.45;1.08;7.66
4.55;1023.85;254.26;7.49;376.39
3.36;1029.24;305.48;3.99;6.78
6.24;1008.46;258.55;16.33;2015.18
4.88;999.72;220.39;9.41;692.51
5.64;1019.23;219.75;9.9;837.15
3.19;1027.57;273.55;6.0;158.98
5.61;1016.82;259.66;12.91;1664.29
3.29;1023.58;151.77;8.56;564.88
2.56;1035.18;294.42;3.59;8.51
3.41;1009.66;262.41;5.85;3.63
5.04;1034.11;215.61;2.38;8.02
4.04;1023.7;219.08;14.35;1992.15
3.37;1011.58;260.28;8.49;580.8
4.21;1028.67;284.68;4.07;8.54
4.01;1016.25;230.1;17.63;2016.83
5.02;1023.55;168.74;8.05;403.19
4.32;1009.92;280.68;8.73;611.09
2.46;1011.01;229.88;5.52;3.75
5.98;998.27;258.39;15.52;2008.33
-3.93;1000.84;352.12;3.08;7.34
4.37;1029.51;166.18;10.33;861.47
3.28;1029.03;263.71;5.17;76.81
4.87;1025.49;265.6;4.52;6.89
6.2;1008.28;251.46;17.53;2018.72
4.9;1015.38;252.99;14.21;1920.17
2.23;1029.62;306.31;5.5;16.9
6.57;1018.74;156.86;10.92;1046.54
4.02;1028.39;157.52;9.58;707.92
3.29;1027.04;280.03;4.75;2.77
4.62;1023.39;238.35;10.22;938.18
2.69;1011.07;261.36;6.34;3.67
3.43;1007.22;307.6;9.26;1031.9
5.42;1014.27;270.34;16.52;2015.65
4.31;1024.68;218.65;6.41;208.93
6.32;1024.09;190.96;14.22;1986.01
6.89;1029.52;180.02;9.4;730.14
6.11;1014.38;210.58;15.57;2009.31
3.91;1029.68;170.59;9.73;825.82
2.49;1033.64;297.55;3.99;8.54
5.0;1009.54;248.24;12.15;1435.84
4.74;1025.84;178.28;11.88;1340.89
3.96;1009.41;259.16;6.52;3.69
4.05;1015.61;230.11;17.46;2019.6
5.36;1015.39;243.51;12.36;1487.09
4.02;1030.07;208.95;3.91;7.07
4.97;1029.98;124.66;5.36;35.11
6.59;1028.57;310.27;5.07;78.52
3.47;1004.37;298.59;14.15;1953.62
2.9;1029.23;245.97;3.89;7.77
5.67;1030.05;102.7;5.72;104.78
1.75;1029.92;308.63;7.64;487.95
5.62;1029.34;180.27;8.26;498.03
3.49;1030.67;278.26;4.8;8.3
3.91;1028.1;290.76;7.69;457.84
7.43;1015.27;293.42;14.0;1840.49
5.97;998.56;260.92;15.68;2009.41
-0.65;1032.61;328.61;4.72;7.69
2.44;980.65;268.41;12.07;1425.83
3.83;1026.69;231.37;11.38;1234.02
-3.31;1031.04;355.21;5.73;158.15
5.61;1009.1;250.34;12.78;1633.8
2.68;1034.51;307.76;4.38;8.64
4.19;1030.78;102.79;3.17;7.14
3.87;1009.79;270.28;9.62;761.51
5.42;1015.92;271.8;13.29;1851.21
3.54;1009.03;156.37;4.74;3.73
2.12;1029.62;309.59;6.4;232.66
3.17;980.4;283.79;17.95;881.42
4.71;1000.63;210.22;9.5;728.83
-4.69;1032.43;354.22;2.84;7.73
5.3;1028.54;148.26;8.06;406.17
6.76;1020.78;305.26;18.31;2022.21
4.43;1009.67;291.66;8.1;532.19
5.08;999.27;263.95;18.49;2022.14
2.26;1029.89;273.04;5.39;55.74
3.94;1026.23;126.78;4.99;7.12
-0.23;1000.39;345.02;7.74;448.65
4.99;1028.2;133.49;4.91;41.92
4.78;1006.83;224.52;9.87;890.05
5.46;1029.56;188.5;8.96;624.58
4.29;1029.29;319.65;4.91;60.25
4.37;1024.13;263.04;6.54;240.58
4.87;1028.35;193.77;10.97;1126.24
2.74;1010.82;229.77;6.09;3.7
0.76;1015.96;140.2;6.75;3.66
5.48;1010.46;212.18;13.96;1941.49
2.63;1010.32;275.37;5.54;3.65
3.75;1007.73;218.27;11.81;1342.83
5.31;1019.62;202.3;9.21;692.64
3.67;1032.54;354.72;6.87;205.67
4.53;1024.64;220.07;13.15;1739.62
3.82;1025.45;134.99;7.57;331.25
3.63;1027.01;276.41;7.79;420.15
6.06;1013.33;212.85;10.97;1158.49
3.93;1027.16;232.84;6.33;204.48
2.48;1027.74;237.12;2.21;7.41
9.23;1024.77;117.1;6.48;174.87
4.95;1019.9;214.98;8.83;617.24
5.34;1023.33;229.76;10.78;1058.88
3.3;1026.89;184.93;8.17;508.62
4.82;1029.86;181.45;9.69;796.12
5.12;1026.95;292.76;8.11;507.46
5.49;1028.58;155.89;9.33;644.5
2.86;1031.55;141.22;4.37;7.6
5.35;999.09;254.23;15.92;2010.36
6.45;1027.69;218.91;5.4;87.06
6.48;992.22;250.91;15.36;2008.13
3.44;1026.59;270.05;7.81;421.36
2.08;1030.62;299.92;6.62;248.22
4.07;1025.52;290.99;6.81;282.17
2.29;1032.8;284.36;7.58;352.8
5.32;1028.23;231.96;3.98;7.35
2.61;1027.59;162.43;8.89;568.23
3.44;1027.34;257.59;2.79;7.34
5.13;1030.35;192.3;6.84;6.37
2.73;1029.07;178.43;4.67;7.76
2.5;1009.66;176.98;4.8;3.68
2.87;1029.8;323.35;5.16;62.25
1.9;995.97;306.59;5.44;63.5
5.39;1016.68;266.8;11.37;1275.15
3.03;1029.24;165.21;7.46;321.4
