Temperature;Pressure;Theta;Velocity;Power
2.42;1009.69;161.73;4.25;3.7
5.74;1027.22;295.67;6.73;233.39
4.15;1027.61;290.34;8.13;562.6
5.96;1021.22;236.39;7.58;373.24
2.64;1034.51;292.61;4.07;8.54
2.07;1027.54;163.68;7.28;281.12
1.56;993.4;321.21;14.99;1944.61
3.86;1026.41;113.33;2.02;7.82
3.92;1026.08;224.12;11.82;1363.29
5.08;1019.44;227.54;17.55;2015.38
3.95;1014.95;232.01;17.42;2016.2
4.7;995.73;203.47;20.22;2027.78
1.55;985.8;297.26;14.78;1969.51
3.83;1009.8;262.1;10.36;1006.37
7.45;1028.36;176.73;9.78;780.95
2.56;1010.66;264.56;5.53;3.58
3.47;1033.89;204.48;5.55;113.45
-3.29;1031.99;246.63;2.03;8.17
4.51;1019.91;205.01;8.85;629.75
3.55;1010.78;296.98;10.1;965.77
4.79;1028.1;319.38;5.58;7.43
5.33;1030.18;201.97;4.86;7.0
4.21;1029.18;284.89;5.96;8.38
4.67;1011.07;235.18;17.5;2018.82
3.36;1012.88;280.72;10.81;1042.13
0.88;981.91;327.7;13.84;568.77
3.91;1026.48;127.51;4.12;7.13
3.46;1005.44;305.53;14.95;1975.01
4.96;998.44;258.98;17.26;2016.05
7.28;1016.53;197.07;17.1;2015.44
4.11;1029.63;169.13;9.69;785.14
4.26;1028.28;245.28;6.62;244.03
5.22;1010.38;259.38;8.39;555.16
2.22;1032.74;318.45;5.97;76.61
4.19;1022.48;218.25;5.36;3.8
4.32;1009.92;280.68;8.73;611.09
4.27;1028.99;216.59;3.9;7.2
4.23;1025.89;285.26;7.25;290.2
5.34;1007.66;205.05;14.41;1972.96
3.3;1007.03;311.99;11.52;1267.72
4.99;1030.04;181.96;7.99;433.6
3.98;1022.46;207.86;5.76;3.8
-0.45;1032.73;344.34;4.94;7.86
4.58;1013.2;303.95;1.57;3.93
3.93;1015.46;231.23;17.11;2019.01
4.65;1028.03;290.09;6.08;203.86
3.19;1029.35;163.83;8.14;465.24
4.8;1025.91;308.76;8.32;642.72
1.84;1029.91;321.98;4.68;20.02
5.13;1010.02;266.15;10.63;1110.29
5.51;1028.7;190.77;8.48;574.27
-0.25;1032.83;340.34;4.81;40.59
3.48;1030.99;289.01;5.8;8.25
5.07;1008.04;246.54;12.85;1622.08
4.86;1029.08;309.55;6.37;293.11
4.14;1026.05;141.5;6.14;160.21
6.21;1019.61;291.78;14.93;1916.2
3.44;1023.29;152.14;8.34;376.86
3.98;1023.17;213.73;14.06;1980.58
1.79;1029.86;289.42;3.93;7.38
3.08;980.68;291.83;13.02;1567.27
5.03;1008.12;243.63;10.05;889.99
4.79;1009.67;237.56;9.74;794.71
5.25;1029.44;184.43;8.1;509.87
7.45;1028.34;178.41;9.91;820.32
4.43;1027.84;222.05;6.55;241.94
4.29;998.78;264.63;17.26;110.82
2.91;980.44;301.31;13.45;1722.07
1.79;1007.47;323.48;9.18;7.79
3.14;1034.98;258.19;2.19;8.1
1.95;1033.01;286.62;6.82;262.14
3.54;1035.48;322.75;5.13;8.74
1.49;1032.26;147.79;1.8;7.78
3.3;979.86;282.53;12.13;1430.92
4.53;1028.37;219.63;6.32;182.49
6.79;1018.81;156.08;12.07;1271.76
4.45;1027.77;212.5;6.6;228.74
1.79;1007.86;312.86;6.98;204.52
4.07;1025.67;282.17;7.6;383.26
3.45;1027.75;278.11;8.32;488.9
3.74;1027.49;237.44;10.68;1070.27
2.51;980.31;293.6;11.98;1359.69
3.26;1035.06;308.72;3.35;8.48
5.88;1021.03;300.41;14.73;1953.74
0.52;984.3;290.27;14.24;1983.31
5.03;1009.84;265.66;10.43;1076.46
2.65;1027.63;156.03;8.68;562.5
5.27;1007.55;208.35;14.0;1870.2
4.47;1009.65;290.67;7.76;418.67
3.07;1029.54;308.05;4.47;6.88
4.83;1026.34;289.04;7.78;452.42
4.42;1028.31;219.51;6.42;194.27
2.07;1030.44;305.3;7.13;277.48
6.0;1016.43;211.5;10.73;1105.76
3.58;1007.96;269.92;6.62;3.35
3.52;1029.22;312.27;4.29;6.68
5.24;1010.12;265.34;10.11;949.7
4.74;1006.55;219.74;10.36;966.84
0.77;1004.48;343.81;6.34;155.52
5.35;1008.91;251.48;12.94;1676.08
5.03;1014.28;278.75;16.35;2018.76
6.16;1008.25;250.89;16.66;2015.37
4.44;1013.84;281.29;2.94;4.11
1.55;983.22;298.51;13.89;1720.4
4.75;1006.72;221.88;9.5;739.63
4.52;1023.71;240.64;9.68;823.62
5.27;1011.63;314.11;5.42;3.73
-3.29;1002.25;271.24;5.32;7.57
7.3;1015.47;289.17;13.94;1847.38
6.62;1029.66;105.28;5.18;66.53
5.1;1028.3;239.05;5.69;7.21
5.87;993.02;232.96;16.97;2016.47
1.98;1009.89;200.45;5.57;3.76
1.0;1032.66;323.31;4.84;8.13
4.7;1025.94;178.92;12.41;1526.03
3.66;1029.42;264.01;6.44;233.17
5.88;998.11;267.15;17.65;2021.19
3.36;1011.8;303.49;17.17;2013.49
7.43;1015.27;293.42;14.0;1840.49
3.98;1026.42;130.31;2.18;7.92
1.91;1029.96;316.92;4.95;7.41
5.5;1029.44;175.72;8.62;527.45
3.41;1030.58;271.83;5.02;8.34
3.11;1007.81;249.14;6.68;3.51
4.0;1026.36;131.85;0.99;7.57
5.23;998.43;257.25;20.2;150.04
4.59;1019.79;205.94;9.9;839.29
5.0;1025.27;304.62;7.65;395.83
3.58;1028.7;249.47;8.11;493.82
4.45;1009.98;271.2;10.0;841.42
4.44;1026.33;203.46;8.55;591.67
0.45;1032.56;163.26;1.46;7.9
5.73;1029.4;179.35;7.8;416.65
4.6;1019.8;205.87;9.34;725.32
3.8;1028.49;284.6;8.51;510.71
1.69;1029.63;276.64;4.53;7.54
2.57;1035.04;295.37;3.61;8.64
4.79;1009.82;244.47;11.05;1146.99
4.72;1019.88;206.04;9.45;772.36
4.49;1022.68;181.92;6.45;215.72
2.18;981.19;295.28;11.76;1496.14
5.45;1014.49;272.15;16.06;2011.77
5.74;1027.86;290.4;7.21;417.42
4.64;1026.15;178.37;12.45;1577.61
3.17;980.62;281.53;18.4;179.7
4.21;1026.42;235.0;1.69;7.31
4.71;1009.78;238.48;9.06;669.18
5.86;1016.32;209.91;11.11;1188.82
4.82;1025.64;305.79;8.74;586.66
-0.1;1003.83;325.04;4.99;22.38
1.35;984.24;286.55;16.07;1971.09
6.08;1024.59;190.16;12.86;1599.27
1.95;1023.58;134.44;7.09;295.14
3.9;1025.86;142.89;7.4;341.98
3.78;1009.77;229.28;10.13;903.34
3.59;1029.09;220.57;6.65;240.54
-0.56;1002.62;331.27;4.5;22.85
2.68;1033.77;303.7;4.77;8.66
4.37;1014.22;283.28;2.82;4.23
4.95;1008.76;260.62;6.92;3.57
3.54;1004.12;294.52;12.94;1905.04
3.13;1029.43;163.1;7.87;371.72
4.42;1027.75;216.61;7.41;348.75
2.7;1027.68;156.28;8.72;540.18
5.37;1008.86;248.34;12.27;1495.25
2.6;1010.93;242.97;6.22;3.66
5.84;1028.47;165.2;9.21;641.51
6.58;1016.8;208.83;11.38;1239.56
7.24;1028.09;168.57;9.42;675.76
1.86;1029.5;278.03;4.17;7.3
5.54;1013.04;209.64;15.14;2009.04
2.55;1011.13;302.83;6.92;3.92
4.8;1023.49;232.31;8.79;629.93
4.91;1025.31;305.15;6.83;375.13
3.59;1029.48;240.83;6.03;161.31
2.53;1011.22;282.82;7.14;322.83
4.47;1027.99;287.68;6.71;230.99
4.91;1023.48;227.17;8.64;607.73
7.38;1027.95;310.69;5.45;104.54
5.6;998.99;243.06;12.93;1674.33
3.54;1035.29;322.92;5.08;8.29
3.31;1027.76;162.57;9.4;724.77
4.31;1012.96;232.18;17.39;2018.09
5.02;1028.46;150.41;9.45;674.68
3.29;1030.4;315.7;8.7;591.37
4.9;1012.46;332.7;3.63;3.76
3.87;1032.12;330.0;4.1;8.19
3.92;1027.34;190.21;7.79;408.11
3.93;1027.6;189.35;7.19;307.48
2.83;1028.79;251.93;2.19;7.66
2.57;1010.64;219.31;5.22;3.73
2.84;980.47;258.18;14.92;2006.33
4.27;1013.51;231.28;17.61;2018.76
6.12;1029.89;181.15;9.37;709.33
3.77;1008.64;167.13;4.29;3.85
4.49;1009.82;289.13;9.49;813.79
4.83;1024.76;223.35;7.99;445.41
1.92;1033.0;308.73;5.89;162.86
4.75;1030.09;180.66;8.86;609.84
3.94;1032.22;331.9;3.66;8.1
4.74;1009.84;282.53;8.88;578.36
4.74;1009.58;310.44;6.39;3.62
3.07;979.94;281.14;14.87;1844.22
2.64;1034.66;318.97;2.92;8.67
5.35;1029.73;190.73;8.12;494.0
5.97;1028.63;313.16;6.07;153.22
3.86;1005.27;305.56;17.23;2008.17
4.51;1023.38;242.71;9.68;805.25
7.39;1029.53;187.49;2.56;7.69
4.53;1028.49;319.34;5.4;95.09
3.16;1029.48;171.71;6.61;218.35
4.16;1026.51;153.18;4.86;31.24
5.1;998.42;237.32;9.16;671.45
-3.28;998.7;127.14;4.25;7.65
2.11;1032.8;317.93;5.39;7.4
3.83;1026.69;231.37;11.38;1234.02
3.29;1009.65;259.08;8.64;624.77
3.63;1026.89;273.53;8.24;512.77
4.45;1012.66;234.61;17.27;2014.93
6.71;1029.5;116.77;5.43;76.88
4.16;1026.48;216.08;3.68;7.06
5.33;1028.49;233.17;5.66;118.4
2.52;981.15;304.64;14.14;1750.88
-0.22;995.84;320.36;13.25;1596.06
5.44;1009.32;252.65;13.02;1708.98
3.3;1009.6;261.67;9.02;671.37
2.32;1011.01;303.97;7.06;421.15
1.36;984.19;301.3;14.5;1929.01
4.45;1015.65;274.15;15.03;2009.69
0.82;1016.16;138.32;6.09;3.65
5.46;1029.56;188.5;8.96;624.58
-3.91;1000.86;256.7;1.59;7.27
3.81;1027.98;292.47;6.96;307.4
3.47;1030.06;266.77;6.39;8.35
3.17;1004.08;296.61;12.3;1588.73
6.2;1018.35;203.64;11.06;1118.62
3.51;1029.83;197.71;4.05;7.31
5.35;1029.48;177.92;9.64;727.39
5.3;1023.68;235.26;11.6;723.0
4.78;1006.83;224.52;9.87;890.05
2.59;982.88;286.84;14.97;1948.71
3.68;1035.57;322.07;5.33;8.72
4.84;1025.39;225.49;6.33;204.56
4.8;1034.08;214.81;3.97;8.05
3.96;1004.51;296.69;15.4;1980.05
4.88;999.65;220.54;8.85;581.74
2.04;1010.92;242.19;4.62;3.72
2.93;1029.48;179.72;5.52;88.39
3.19;1035.26;314.05;4.25;8.46
5.25;1029.28;184.43;8.54;564.85
3.09;1035.28;313.69;4.32;8.71
4.18;1010.85;294.57;9.32;860.09
3.34;1027.4;274.42;6.58;222.36
2.22;1010.97;236.21;3.97;3.71
0.19;999.7;350.41;6.81;284.48
4.84;1012.69;321.27;1.39;3.91
4.65;1011.63;236.1;17.94;2019.58
2.76;1035.05;225.45;2.02;8.17
5.41;1016.54;272.64;11.69;1398.66
3.47;1025.08;127.65;7.04;268.51
-1.87;997.32;324.01;9.42;765.13
7.62;1017.7;193.29;16.52;2015.04
2.01;1029.5;283.21;4.67;7.25
6.06;1013.33;212.85;10.97;1158.49
3.44;1026.96;275.71;5.35;72.18
6.24;1018.4;207.38;9.79;800.56
7.62;1018.0;300.75;17.64;1010.39
5.75;1023.16;293.94;12.23;1446.57
4.62;1023.86;231.87;10.02;885.2
2.94;981.79;272.89;11.25;1210.51
5.07;1026.55;287.98;7.88;507.03
5.58;1007.92;198.23;14.72;1945.19
1.73;1029.98;308.72;7.53;492.19
2.15;982.77;291.74;12.04;1488.92
6.99;1028.26;168.11;9.24;670.0
0.76;1028.75;179.25;3.59;8.05
1.25;1029.76;284.68;4.01;7.62
4.27;997.67;197.67;19.02;2021.79
4.59;1023.54;234.85;8.56;579.46
3.96;1009.41;259.16;6.52;3.69
3.87;1025.83;269.25;8.74;601.23
3.87;1012.41;271.75;13.11;1781.04
4.21;1026.51;207.1;8.66;593.41
4.32;1010.03;284.58;9.54;815.26
3.62;1030.2;208.89;5.23;6.94
3.3;981.82;273.47;14.2;1721.38
4.7;1021.34;201.31;9.05;674.0
4.61;1008.72;236.85;11.53;1270.51
5.14;1025.34;187.27;12.88;1575.66
5.86;1016.26;209.13;10.53;1036.75
5.95;1023.77;305.51;13.33;1923.02
2.57;1010.92;237.53;4.56;3.76
4.91;1024.48;216.35;7.99;450.28
-0.58;1032.2;259.99;1.79;8.35
4.41;1027.94;284.99;6.22;193.58
-4.37;1032.27;343.35;1.3;7.79
3.84;1025.86;267.4;8.71;598.2
6.37;1009.15;264.93;16.21;2012.68
6.37;1011.23;278.15;14.82;1967.64
2.13;982.96;300.11;16.22;1949.43
4.83;1029.59;166.47;9.61;765.56
2.48;1029.74;308.15;4.72;6.88
5.24;1023.87;231.16;11.53;1302.02
4.4;1028.41;248.88;5.44;98.56
1.81;1033.06;304.16;6.08;207.14
5.13;1007.93;233.54;11.03;1153.49
5.59;1028.29;314.32;8.62;572.52
3.9;1032.3;351.65;4.96;7.86
2.62;1032.84;268.32;5.34;8.4
7.35;1029.35;183.19;9.01;680.61
3.3;1028.86;274.48;7.83;431.5
2.19;1011.28;268.09;6.04;3.7
4.61;1024.77;234.84;7.11;332.66
4.38;1030.51;117.98;3.86;7.02
4.58;1009.2;256.43;6.53;3.68
4.67;1023.35;237.43;10.47;1009.77
7.24;1021.99;125.58;10.57;993.34
5.52;1015.11;275.8;15.28;2013.51
5.3;999.31;256.04;15.84;2011.75
3.55;1030.97;291.07;5.78;8.29
3.49;1029.42;163.11;8.07;453.74
3.73;1029.23;217.7;7.61;405.7
4.52;1003.25;175.29;9.19;655.09
4.33;1034.03;214.58;5.31;36.1
5.65;1030.08;204.28;4.23;7.04
4.2;1028.5;277.61;6.36;203.41
3.83;1028.01;269.27;5.88;8.57
3.56;1012.34;261.43;8.98;707.99
3.65;1027.65;234.52;9.46;774.65
4.82;1023.57;230.97;8.85;630.84
2.4;1032.46;258.87;5.81;8.34
0.83;1005.04;356.92;6.86;286.27
3.58;1027.08;274.34;7.76;439.96
7.65;1017.29;197.25;17.5;571.94
5.74;1020.98;285.02;12.53;1551.02
3.87;1025.73;273.48;8.51;548.17
-0.58;1002.39;331.22;6.25;232.6
6.32;1024.09;190.96;14.22;1986.01
3.75;1026.01;261.06;8.74;612.37
1.02;998.47;247.11;17.51;2018.42
4.87;1025.49;265.6;4.52;6.89
1.8;1033.08;300.08;7.23;303.13
1.22;981.99;305.82;7.35;367.3
1.03;1013.34;281.62;12.85;1293.47
6.11;1016.62;202.14;9.88;863.85
4.42;1025.35;207.86;12.62;1588.43
3.23;1029.14;244.79;4.26;7.35
4.1;1029.64;167.88;9.29;738.84
7.45;1014.25;290.11;17.81;2018.69
5.06;1023.54;175.37;8.64;390.21
5.2;1011.67;284.12;16.7;2016.06
5.32;1014.21;271.22;15.94;2014.08
1.87;1032.93;304.13;5.46;146.59
3.06;1035.18;308.34;2.37;8.63
4.04;1026.27;288.97;0.38;7.65
6.16;1020.18;212.86;8.21;488.02
3.58;1032.56;357.69;6.23;191.17
3.01;1035.3;321.58;4.69;8.5
4.06;1024.96;209.85;6.32;212.36
2.48;1032.45;256.58;5.15;8.38
3.17;980.4;283.79;17.95;881.42
3.69;1028.82;252.58;7.96;462.72
7.48;1029.3;180.93;8.43;539.55
1.61;995.5;338.8;5.81;42.06
0.71;1032.0;339.66;6.82;238.39
1.95;1010.25;202.13;6.38;3.7
3.6;1028.69;129.02;5.2;51.83
3.52;982.28;269.63;13.66;1816.48
4.22;1029.11;200.92;5.86;102.93
4.22;1028.95;231.75;6.41;210.83
2.67;1032.57;265.39;5.76;8.28
1.01;1032.56;248.03;1.59;8.11
4.25;1025.69;205.95;11.96;1349.29
5.57;1024.91;305.13;10.43;923.45
4.51;1028.87;293.52;3.88;8.5
5.54;1015.08;277.55;15.29;1997.02
5.99;1021.63;235.02;6.3;180.69
4.83;1029.16;191.84;11.3;1167.67
6.63;1029.63;190.03;8.49;499.28
4.08;1010.94;296.09;8.28;506.89
2.38;1028.72;206.11;2.51;7.95
4.62;1016.41;265.2;13.7;1832.25
3.57;1029.81;272.07;6.04;8.32
4.68;1023.46;250.59;7.88;421.23
4.96;1016.06;256.03;14.77;1996.29
2.58;1027.68;159.68;8.41;495.99
5.48;1025.92;252.99;4.56;6.62
2.27;1027.69;142.61;6.15;127.13
4.75;1030.11;180.24;8.95;630.53
-0.53;1028.47;157.25;3.47;7.89
4.51;1027.9;278.42;4.83;41.33
4.85;1030.12;175.18;8.11;429.81
5.29;1023.85;232.56;11.69;990.2
5.86;1020.8;290.27;12.81;1725.44
4.05;1021.5;194.07;8.2;504.04
5.61;1016.82;259.66;12.91;1664.29
2.75;1032.78;176.73;7.17;305.32
4.77;1010.78;236.83;18.11;2019.94
-3.43;1032.16;259.32;1.61;8.2
4.34;1010.08;270.08;10.88;1126.64
4.67;1002.19;189.22;9.67;723.92
6.49;988.99;253.65;14.07;1930.89
4.95;1035.28;241.22;0.98;8.14
3.39;1025.05;128.14;6.41;195.03
1.54;1032.71;316.22;5.29;8.37
4.9;1024.89;230.31;7.55;397.3
6.86;1012.32;284.5;14.53;1953.54
4.26;1023.34;222.22;6.43;3.71
3.18;980.55;280.13;18.57;2016.5
2.57;1029.96;272.72;5.06;45.96
4.02;1027.47;191.15;7.56;378.11
4.21;1025.7;203.38;12.09;1389.43
5.49;1014.54;246.14;13.4;1060.01
4.05;1035.36;316.92;4.76;7.73
3.85;1025.87;265.6;9.16;702.13
3.77;1028.51;287.58;6.97;327.75
4.34;1028.33;212.78;5.0;40.36
1.74;1032.44;341.39;6.16;120.71
5.23;1011.76;325.85;3.39;3.7
5.29;984.95;243.59;14.33;1953.62
6.28;1016.4;199.53;9.96;882.05
5.13;1023.81;184.36;8.56;543.44
1.96;1030.06;312.46;8.23;534.76
5.68;1028.09;289.67;7.93;464.42
1.54;1029.89;303.19;4.27;7.3
2.78;1029.07;190.14;3.9;7.77
2.76;1029.14;184.68;4.29;7.94
4.34;1024.17;259.06;6.47;214.38
3.7;1032.08;330.04;3.98;8.19
4.63;1008.02;249.03;10.06;892.69
6.24;1008.28;254.61;17.41;2015.46
4.17;1025.88;142.85;6.44;180.92
3.04;980.29;290.63;12.69;1626.97
4.0;1025.86;207.7;11.77;1361.07
6.13;1016.41;201.94;10.64;992.34
5.35;1020.38;217.47;9.36;751.64
2.77;1010.8;240.7;7.0;3.69
5.34;1011.61;319.32;5.72;3.61
4.2;1025.01;212.05;6.71;264.91
1.31;984.28;286.65;17.11;2017.01
2.73;1029.14;183.11;4.84;7.84
10.0;1025.27;130.53;5.58;7.29
4.3;1023.38;224.13;6.12;3.75
2.99;980.35;284.23;13.63;1795.75
1.95;1029.99;318.77;4.68;26.49
4.89;1012.51;330.28;3.15;3.81
1.28;1027.9;172.05;5.82;127.54
3.49;1028.68;247.42;8.55;587.47
6.39;1018.35;163.81;10.8;988.56
6.04;988.16;255.88;13.46;1748.79
6.31;1008.44;259.85;16.5;2016.94
6.35;1017.36;208.53;10.45;1007.26
4.46;1027.53;235.86;4.98;50.6
4.33;1028.54;207.24;4.16;7.19
3.8;1028.93;246.56;6.78;257.13
2.44;1010.92;220.69;6.21;3.71
2.63;1028.93;181.87;5.03;7.81
4.75;1029.53;188.86;10.79;1073.68
4.02;1028.39;157.52;9.58;707.92
5.54;992.93;223.39;17.79;2019.13
1.73;1033.11;295.31;6.17;230.61
3.67;1029.2;295.0;5.65;93.98
4.85;1023.4;228.75;9.64;815.39
2.31;1011.3;265.51;6.14;3.67
7.48;1015.52;295.7;14.82;1950.36
5.27;1028.25;213.52;5.36;94.97
5.44;1015.09;273.41;14.44;1995.17
2.5;1033.86;295.97;3.33;8.59
4.99;1026.47;289.77;7.79;483.35
4.84;1025.51;217.99;7.59;386.83
-3.48;1032.17;257.54;1.86;8.13
5.88;998.27;270.91;18.56;2021.39
4.92;1020.72;225.0;16.37;2012.97
1.19;985.21;305.08;15.39;1970.26
1.26;1027.91;140.47;5.29;67.52
1.48;1029.55;278.75;4.91;7.21
2.54;1027.58;162.17;8.02;404.63
5.49;1028.58;155.89;9.33;644.5
3.87;1025.89;268.9;8.66;594.16
7.41;1027.39;186.5;6.59;194.32
3.16;1029.25;166.81;8.05;390.65
6.47;1009.67;268.35;16.67;1133.1
7.36;1013.7;289.39;17.02;2020.44
7.4;1016.49;293.64;12.98;1548.15
6.03;1008.54;247.57;17.19;2019.18
5.82;1019.86;217.92;7.64;378.21
3.19;1027.57;273.55;6.0;158.98
5.74;999.09;264.63;16.65;2016.79
3.56;1003.66;313.73;13.88;1211.07
4.2;1029.41;205.62;5.13;55.85
3.71;1008.73;224.26;12.56;1539.31
4.46;1028.39;219.95;6.33;179.79
2.59;1030.04;263.54;5.6;6.08
5.41;1019.51;200.23;9.52;762.85
5.39;1028.49;144.66;8.76;536.3
2.49;1029.53;300.47;6.06;154.23
3.56;1026.85;270.57;7.83;437.51
2.72;1033.8;296.6;4.38;8.71
5.23;1028.51;179.52;3.87;7.14
2.83;1010.8;234.53;6.04;3.62
4.68;1021.37;200.4;8.86;631.66
4.4;1016.43;259.1;14.06;1983.21
5.33;1020.01;217.86;9.58;776.31
1.8;1031.26;308.4;4.45;54.29
6.67;1022.39;257.62;7.25;330.63
4.01;1029.16;225.42;6.31;206.38
-0.17;1032.35;315.96;6.25;150.91
1.37;1027.77;135.81;5.85;113.68
0.79;998.97;258.17;20.06;2019.77
3.35;1029.86;240.7;4.59;26.22
-2.51;1030.56;356.56;6.41;233.0
1.89;1032.85;320.08;4.95;124.76
0.19;999.14;323.53;14.65;1984.04
1.43;1000.96;312.6;11.93;1532.53
4.41;1014.38;294.15;2.8;4.2
3.56;1025.88;287.86;6.8;264.0
4.74;1029.08;308.31;6.58;188.38
5.43;1028.09;292.96;8.19;596.14
3.83;1028.26;275.87;4.74;8.64
7.43;1021.97;123.44;10.91;1173.33
3.94;1027.74;278.61;6.91;8.6
2.51;1029.3;284.51;4.04;7.37
2.4;1033.44;291.08;4.51;8.6
5.69;1022.9;292.49;10.49;877.8
6.25;1028.33;150.98;4.24;6.94
2.61;1010.82;229.0;5.5;3.68
6.2;1008.28;251.46;17.53;2018.72
4.46;1028.24;289.26;5.98;189.12
3.33;1030.57;265.33;5.26;8.31
5.04;1030.08;188.5;7.07;6.37
0.9;1032.08;343.08;6.13;171.92
4.46;1030.44;123.47;4.39;7.03
4.17;1029.57;201.82;4.64;8.41
1.42;999.35;271.53;18.72;2021.97
2.71;1032.55;267.42;4.63;8.28
2.86;980.5;295.89;16.41;2008.01
3.99;1027.41;192.52;7.94;415.02
4.46;1016.41;261.57;14.03;1967.41
6.12;1034.74;164.17;2.89;8.15
-4.38;1032.33;343.9;1.25;8.09
4.66;1025.38;301.93;6.58;276.51
1.91;996.06;324.01;5.88;9.7
6.26;1028.25;162.71;8.99;587.99
5.73;999.14;246.57;12.08;1397.31
2.87;1029.8;323.35;5.16;62.25
7.44;1013.94;290.97;17.76;2020.44
4.03;1035.44;330.52;4.74;7.79
0.73;1031.54;336.63;7.37;311.34
3.56;1029.42;262.1;6.02;180.12
3.52;1029.23;243.02;5.87;141.53
6.43;1025.6;290.11;5.93;174.71
5.38;985.07;246.9;14.36;1948.91
6.59;1022.87;267.37;6.91;271.02
1.68;1027.76;141.99;5.82;132.09
2.99;1032.49;265.63;6.62;8.22
3.8;1005.13;301.52;14.16;1870.02
5.7;1013.72;208.59;10.23;923.79
1.89;1032.06;187.53;2.44;7.72
5.39;1009.17;248.84;12.8;1665.86
3.91;1024.53;217.12;13.35;1805.43
5.66;1018.83;209.16;9.17;660.15
5.45;1014.18;270.14;16.68;2016.79
3.79;1029.7;322.05;5.31;70.62
5.4;1015.07;305.25;4.38;4.2
2.66;1010.28;271.92;5.63;3.68
5.5;1015.38;277.62;13.73;1927.29
4.95;1034.1;211.44;2.65;8.11
2.34;1029.77;308.07;4.89;6.77
4.72;1030.13;178.3;8.9;618.18
4.56;1028.27;220.86;5.28;7.16
1.79;993.07;314.27;16.59;2006.14
5.28;1028.43;233.59;5.91;155.92
3.23;980.38;282.16;16.98;2014.83
2.8;1030.42;281.76;9.88;867.73
3.17;1032.07;270.0;6.04;8.27
4.85;1027.56;180.23;11.85;1372.59
4.6;1029.18;287.9;5.07;8.43
3.81;1025.98;261.71;9.02;641.67
0.81;1016.15;142.58;6.66;3.64
2.26;1032.48;266.61;5.16;8.37
2.46;1033.14;275.99;4.57;8.49
5.69;1014.2;201.45;8.58;551.46
1.41;1029.96;312.33;4.75;7.4
4.51;1028.03;215.55;6.84;253.2
6.06;1029.78;194.47;7.66;388.83
2.72;1034.6;193.71;0.87;8.17
3.9;1005.46;200.66;14.42;1988.85
4.39;1009.19;236.42;11.43;1294.43
4.67;1028.06;199.67;3.07;8.06
2.47;1029.36;281.43;4.88;7.34
3.84;1009.91;264.16;11.37;798.32
2.33;1024.33;125.77;7.98;398.04
0.27;1028.52;171.62;3.77;8.1
4.58;1034.07;212.68;4.21;8.05
4.76;1029.94;190.68;6.01;6.35
5.15;1030.43;203.83;4.25;7.07
5.27;1007.9;239.0;10.82;1114.83
4.02;1030.89;119.31;5.03;7.25
5.39;1014.57;273.23;15.82;2016.32
4.21;1029.52;320.31;5.2;80.53
3.96;1023.13;220.84;5.93;3.73
1.12;1028.43;178.18;4.9;8.39
4.96;1012.32;335.69;3.42;3.78
3.85;1032.3;352.76;4.77;7.88
5.06;1026.63;289.3;7.01;422.98
4.15;1026.48;157.38;5.4;33.76
3.91;1010.48;279.74;6.4;178.73
5.79;1034.5;275.05;4.18;8.31
4.69;1000.33;212.75;8.71;550.97
1.12;1031.69;305.19;5.23;86.69
5.26;1025.38;259.0;4.59;6.81
5.65;992.94;230.79;15.53;2005.6
6.0;1008.52;247.42;17.15;2018.89
4.97;983.5;265.38;20.65;2030.47
3.74;1009.54;226.92;10.63;1032.88
4.11;1028.96;236.39;6.4;217.88
4.93;1010.28;239.03;18.33;2019.27
5.97;998.56;260.92;15.68;2009.41
2.76;1029.49;177.85;6.17;185.82
4.18;1025.77;126.52;5.87;111.56
3.2;1009.47;166.28;4.96;3.7
4.58;1029.94;195.52;6.43;148.77
4.15;1029.01;244.0;5.85;141.18
4.05;1027.36;237.65;6.77;275.9
2.03;1030.33;310.58;7.57;455.63
2.09;1032.78;312.67;6.01;127.18
2.48;1027.74;237.12;2.21;7.41
6.17;1022.07;305.79;14.51;1952.58
7.35;1028.6;181.72;10.72;976.05
4.41;1007.36;165.2;6.78;3.74
5.49;1028.49;230.35;4.67;21.29
5.45;1012.69;208.99;14.44;1997.07
4.62;983.05;270.58;15.27;1991.66
3.97;1025.87;224.15;12.1;1468.58
6.4;1009.23;265.37;16.43;2014.02
1.37;998.29;244.05;15.48;2009.58
7.69;1034.31;200.83;3.11;8.25
2.47;1011.06;265.35;6.04;3.67
6.95;1027.98;316.06;6.69;174.67
5.66;999.11;242.35;13.33;1800.53
2.15;1029.56;310.28;6.08;215.83
3.91;1028.1;290.76;7.69;457.84
3.73;1010.77;294.24;9.7;871.28
2.64;1029.09;193.29;4.02;7.69
2.75;1027.75;159.31;8.61;529.18
6.39;1010.04;269.11;16.17;2010.64
4.52;1023.68;241.21;9.61;792.59
2.45;1011.15;262.15;5.61;3.71
6.57;1016.88;208.45;11.68;1285.17
5.63;1034.83;158.67;3.14;8.18
2.63;980.89;274.0;18.37;2020.33
4.68;1026.58;178.93;12.44;1511.81
6.23;988.73;254.15;13.81;160.0
3.73;1008.45;223.17;12.69;1578.68
1.75;1032.74;328.01;5.88;38.01
6.35;1018.46;208.52;9.67;782.06
5.1;1009.53;250.19;12.38;1530.85
3.59;1028.89;281.84;7.7;380.09
6.07;1016.63;201.47;9.91;847.28
4.0;1030.94;116.81;5.08;18.84
3.86;1006.25;309.78;14.75;1904.63
3.11;1027.49;202.73;6.74;227.98
0.81;1016.08;142.57;6.13;3.66
4.44;1015.81;274.79;15.13;2004.06
3.37;1030.9;274.46;8.37;8.21
2.49;1032.41;289.29;8.13;535.65
4.67;1027.15;179.04;12.47;1514.15
3.88;1009.82;265.81;11.09;1283.41
4.36;1010.02;279.92;9.23;747.09
8.82;1026.07;170.07;5.69;7.18
5.55;1011.83;316.37;6.85;3.72
7.33;1027.99;170.88;9.79;785.16
4.89;1029.08;311.45;7.19;403.02
3.77;1026.95;231.11;10.71;1111.67
-4.04;1000.71;199.49;1.02;7.66
4.31;1027.4;282.15;5.76;8.44
4.14;1000.48;196.77;17.65;2016.55
4.59;1011.91;235.89;17.49;2016.01
5.16;1023.94;188.59;7.52;386.77
5.56;1028.7;189.93;8.87;616.51
3.44;1012.59;269.21;9.02;718.74
0.19;1032.6;113.19;0.42;8.11
4.13;1028.95;229.33;7.56;374.38
6.04;1014.22;212.57;15.18;2011.92
4.17;1026.41;239.51;1.64;7.29
3.87;1027.09;268.85;5.81;8.45
6.07;1019.76;290.19;14.07;1902.46
5.96;1020.12;291.64;14.01;1780.49
6.3;1026.15;288.42;5.67;102.65
4.69;1007.9;224.89;9.45;723.09
5.42;1010.06;215.51;13.87;1880.57
3.52;1027.36;272.39;6.77;268.8
2.29;1032.52;269.32;6.51;8.37
5.04;1014.14;281.49;15.3;1994.44
5.48;1016.0;251.5;12.72;1627.74
7.14;1027.92;221.32;5.88;133.73
5.53;1029.72;180.83;10.03;879.46
2.04;1023.84;127.66;8.35;463.4
4.59;1024.61;219.58;13.43;1821.34
4.45;1028.82;322.13;5.46;106.12
-1.26;1031.85;226.16;0.94;8.19
3.92;1008.14;261.87;12.52;1594.05
5.06;1008.55;250.96;11.94;1372.45
5.68;1018.67;209.86;9.12;660.91
4.84;1010.51;237.16;18.55;2020.24
2.34;981.49;268.3;12.61;1667.04
2.6;1010.34;259.52;4.73;3.64
0.71;1015.79;139.83;6.91;3.6
3.8;1027.06;272.5;5.64;8.54
2.19;1024.16;124.11;7.7;396.6
4.51;1025.09;268.6;6.62;242.44
3.52;1005.39;310.17;16.02;2018.29
1.87;1033.04;299.38;6.48;210.93
-0.8;1032.6;322.03;5.08;7.66
4.48;1028.66;289.37;3.57;8.6
4.6;996.27;204.55;19.92;2025.08
1.6;1029.68;279.21;4.7;7.25
2.04;1029.79;310.03;6.65;294.09
3.69;1033.96;206.31;5.27;83.09
4.45;1013.71;274.49;3.1;4.05
5.11;1023.43;226.93;9.61;794.35
1.84;1032.78;319.15;5.8;118.68
1.77;1029.56;278.52;4.6;7.59
4.01;1016.41;230.39;17.83;2020.12
5.35;1028.19;211.63;5.21;7.14
-0.62;1032.73;339.84;5.51;7.84
2.96;1012.86;278.79;11.26;1231.95
4.59;1020.01;201.38;8.18;487.36
5.54;984.21;253.18;15.06;1935.4
3.42;1032.17;271.26;6.63;8.24
5.4;999.17;257.69;17.72;2019.7
6.12;1028.21;152.7;4.75;4.1
5.38;1020.39;216.72;9.8;838.24
0.25;999.54;344.25;5.47;175.01
5.03;1008.08;243.34;10.86;1096.05
-2.23;1030.42;353.38;6.4;216.25
4.95;1029.71;191.27;9.55;768.46
5.89;1020.1;212.93;7.45;361.27
2.35;1011.26;265.52;5.43;3.78
4.83;1027.79;183.84;12.1;1428.36
1.68;1023.51;130.81;8.41;472.77
5.4;1016.28;272.82;12.77;1693.03
5.56;1011.71;317.72;4.35;3.71
5.43;1015.8;273.08;13.36;1811.07
3.55;1026.76;271.26;7.84;439.47
1.71;1028.34;140.11;4.79;23.99
4.53;1011.61;280.17;13.16;1403.55
4.85;1023.63;173.16;8.44;451.03
4.64;1000.9;206.4;9.29;670.79
5.4;1028.31;220.85;5.06;7.29
2.81;1010.71;249.61;6.69;3.67
3.43;1009.65;269.76;8.12;528.21
0.6;982.44;296.79;7.86;454.05
1.55;999.14;277.48;19.73;2021.57
6.32;1012.54;215.68;12.43;1568.17
6.72;1014.89;287.14;14.97;1874.62
4.43;1009.45;233.94;10.25;965.46
0.91;1031.37;335.07;7.19;335.81
3.1;1007.91;262.02;6.59;3.5
4.18;999.52;195.42;17.94;2016.62
6.76;989.73;252.43;15.52;2004.66
6.0;1018.53;204.25;9.3;694.85
5.11;1028.79;248.97;5.04;56.6
3.72;1029.27;226.68;7.22;304.97
3.88;1027.41;188.63;7.49;356.08
3.52;981.28;262.53;13.89;1861.52
4.41;1026.51;225.84;6.58;260.63
3.91;1028.37;157.87;9.52;705.52
3.65;1011.81;270.85;9.31;769.1
3.42;1029.85;234.41;4.49;12.36
2.73;1032.43;348.87;7.12;263.02
5.45;1028.28;284.74;7.42;300.45
3.49;1030.67;278.26;4.8;8.3
5.53;1026.46;220.66;2.83;7.51
-3.46;998.92;139.32;4.54;7.77
4.93;1024.9;305.7;9.7;918.49
5.56;1016.27;205.34;10.42;969.65
6.06;1018.34;193.11;11.14;1143.36
2.59;1011.13;248.03;6.8;3.7
4.74;1028.78;133.5;4.94;7.09
3.43;1007.25;308.55;10.13;989.67
2.69;1032.51;256.21;6.32;8.21
0.44;994.38;322.17;16.56;2002.14
2.02;992.0;319.48;13.19;1673.72
2.39;1032.71;274.9;3.23;8.36
5.11;1029.78;178.3;8.74;605.74
3.58;1006.74;314.36;12.69;1760.36
2.08;989.4;321.84;15.49;1945.96
5.04;999.3;258.54;17.63;2020.04
4.87;1025.68;234.93;6.21;199.53
3.05;1035.19;315.85;3.92;8.46
1.76;1029.74;283.1;4.26;7.5
5.56;1022.81;295.9;9.78;785.87
4.4;1024.63;215.11;13.5;1839.99
4.28;1028.35;152.7;9.79;771.94
3.12;982.39;270.63;12.5;1559.26
4.24;1022.39;210.72;6.22;3.8
5.73;1011.48;198.75;12.09;1401.29
3.45;1029.16;238.13;4.94;40.17
5.09;1009.59;251.83;12.37;1493.8
4.54;1034.97;155.5;1.94;8.13
5.9;1026.3;271.5;3.49;7.16
6.47;1008.98;265.36;17.75;2020.71
3.7;1029.52;245.17;6.3;194.31
4.61;1025.38;263.55;5.89;143.99
-2.97;1031.87;250.16;2.27;8.14
1.74;999.52;268.13;16.42;2012.28
5.54;1008.05;195.81;14.01;1840.07
7.0;1029.66;118.1;5.3;7.86
8.65;1026.15;170.0;4.81;7.17
7.29;1028.03;176.9;11.18;1131.19
3.8;1029.19;296.19;5.82;124.95
5.4;1028.45;230.76;4.95;7.16
4.73;1023.58;227.33;8.56;564.8
2.52;1010.71;222.06;5.62;3.71
3.08;1029.09;237.61;4.79;7.86
7.56;1016.0;296.83;13.48;1771.27
3.26;1011.44;293.49;14.37;886.2
7.32;1015.22;289.89;14.3;1909.25
5.25;1007.86;243.16;12.0;1410.92
1.95;1032.91;291.54;6.03;204.87
7.17;1019.92;306.77;19.16;2026.65
3.61;1029.26;262.58;6.14;204.36
3.69;1026.9;276.32;8.46;529.8
5.18;997.98;239.79;9.04;650.81
5.18;1030.39;194.8;6.63;63.96
5.29;1009.27;238.66;17.74;2020.65
4.41;1025.11;211.1;13.57;1874.83
6.18;1019.79;297.27;6.63;3.85
5.99;992.54;237.71;16.88;2018.1
2.66;1032.12;281.9;9.18;658.34
5.11;1028.77;245.22;6.07;172.88
3.26;980.55;272.31;17.96;2018.6
5.43;1027.41;292.13;6.82;268.18
5.55;1028.51;312.6;7.89;333.9
6.57;990.43;251.48;15.12;1995.2
4.62;1021.24;222.27;16.07;2011.87
3.09;1029.07;272.84;5.53;109.86
4.89;1014.88;260.91;14.67;1992.93
3.77;1027.94;289.62;6.34;310.09
5.62;1018.92;209.96;9.5;731.56
2.62;1031.84;277.12;9.67;826.99
4.72;1015.4;277.42;16.74;2019.86
3.79;1008.58;172.08;5.21;3.83
4.58;1028.34;319.68;5.77;145.28
6.16;1019.38;292.95;14.8;1954.99
3.55;1030.78;288.89;4.04;8.36
2.93;1032.61;352.41;6.25;248.99
2.75;998.05;278.54;13.41;1725.92
6.4;1028.4;152.97;4.13;6.91
5.43;1020.06;219.53;9.84;828.09
4.18;1026.47;229.39;3.01;7.12
2.61;1032.57;270.71;4.78;8.33
6.66;1029.36;182.53;7.67;382.5
5.24;1020.32;226.87;17.7;2015.17
6.31;1029.44;179.55;7.83;395.44
3.64;1027.77;281.16;7.4;349.78
5.35;1008.89;249.87;12.79;1659.41
4.5;1023.26;230.49;9.57;765.97
5.87;1022.73;303.35;14.59;1915.53
3.08;1029.31;298.52;6.09;196.48
7.29;1027.92;174.14;11.43;1209.75
5.98;987.77;254.75;13.75;1870.51
6.45;1021.59;131.0;9.19;596.5
1.91;1029.86;290.52;4.1;6.48
4.47;1024.74;264.7;6.78;263.57
4.24;1013.5;231.1;17.36;2019.87
5.5;1014.55;249.74;13.39;1060.49
4.22;1012.35;283.35;11.9;1428.61
-5.05;1001.78;334.32;0.96;7.73
5.13;1007.5;220.15;13.2;1720.04
7.19;1027.98;169.49;9.88;779.84
4.59;1023.6;239.99;7.57;384.6
9.28;1024.95;121.0;6.11;130.67
3.28;1030.67;265.24;5.34;8.42
2.26;1032.71;318.68;5.42;117.68
6.56;1015.28;213.72;19.3;2027.28
5.3;1030.29;201.82;4.78;7.0
4.65;1023.65;171.5;7.85;384.16
5.79;986.78;245.24;14.49;1976.67
-3.16;1002.26;271.48;5.39;7.75
7.31;1028.06;176.33;10.89;1067.5
3.61;1028.81;266.0;5.9;118.32
3.52;1029.62;184.31;5.14;7.34
4.38;1015.64;272.68;14.64;1979.48
5.42;1014.27;270.34;16.52;2015.65
6.24;1008.33;255.99;17.13;2013.22
5.53;1010.81;211.28;14.07;1936.4
4.83;1028.5;188.94;9.86;892.91
6.56;1029.64;181.34;9.62;809.74
2.2;1011.28;261.36;5.49;3.68
4.1;1030.79;108.43;3.73;7.16
3.38;1027.28;261.63;3.35;7.36
2.03;1010.2;294.99;20.13;2033.12
3.85;1028.59;276.78;5.95;126.02
5.22;1025.08;308.06;9.76;878.22
3.89;1023.0;222.59;5.67;3.72
1.36;984.24;300.49;14.27;1932.31
5.08;1024.1;201.59;8.33;418.09
6.13;1019.8;292.12;6.26;3.87
5.02;1027.8;293.92;6.91;286.64
4.82;1030.05;178.55;9.59;761.85
3.46;1027.92;226.85;1.53;7.45
4.6;1001.1;205.53;9.41;701.35
5.07;1030.27;192.14;7.27;42.09
6.68;990.07;252.52;15.7;2013.67
4.64;1024.76;228.51;6.54;226.27
2.78;1027.82;232.56;2.54;7.39
4.68;1026.45;178.79;12.27;1513.53
4.82;1030.15;122.28;5.67;60.4
-4.69;1032.43;354.22;2.84;7.73
1.97;982.99;296.19;15.11;1936.62
4.17;1026.03;128.21;6.11;134.7
5.08;999.27;263.95;18.49;2022.14
2.74;998.03;276.9;12.89;1725.12
-1.37;1031.85;242.01;1.91;8.31
4.12;1029.65;202.51;4.81;6.93
4.01;1025.66;280.84;7.64;412.82
6.48;1011.06;276.05;16.16;2013.14
5.74;983.09;253.38;15.51;2013.57
5.99;1013.52;211.8;11.27;1217.06
3.1;1027.06;275.52;4.57;7.38
4.58;1002.66;308.02;14.84;388.09
5.42;1007.85;201.84;14.71;2005.95
4.7;1020.04;205.9;8.28;511.48
5.47;1019.49;197.91;9.24;696.8
4.69;1010.17;267.76;9.27;735.07
5.08;1026.79;291.32;7.97;522.15
5.72;985.88;251.48;16.59;2014.5
3.47;1026.69;270.09;8.04;467.85
2.77;1032.26;252.78;5.9;8.23
4.25;1024.61;220.51;6.87;271.93
3.69;1026.69;281.54;6.1;186.83
3.36;1029.24;305.48;3.99;6.78
5.35;999.34;257.32;15.23;2006.71
6.16;1019.17;203.97;9.31;742.93
0.88;1004.66;352.4;7.18;329.37
-0.65;1032.61;328.61;4.72;7.69
4.0;1021.67;191.8;6.96;3.86
4.86;1025.61;235.68;6.42;215.34
1.66;1033.87;101.01;2.29;8.1
7.05;1028.71;323.36;6.41;176.85
-3.48;998.41;116.35;5.15;7.53
4.56;1026.64;306.32;7.68;455.19
2.7;980.76;274.4;14.41;1965.37
3.69;1028.91;194.58;6.58;226.51
-0.57;998.16;335.36;16.04;2001.72
6.76;1027.64;222.66;5.88;138.65
2.98;1008.14;282.56;6.68;3.28
4.64;1025.46;221.48;6.55;248.19
-0.18;999.84;333.52;12.53;1395.68
5.48;999.15;258.8;15.44;2007.03
4.56;1024.78;224.3;6.5;223.09
3.31;1029.16;232.75;4.85;43.27
4.41;1010.0;277.03;9.21;709.8
3.43;1009.85;265.19;11.32;772.66
7.84;1029.34;155.83;2.18;7.8
4.65;1023.63;248.69;7.47;358.4
2.92;1010.84;237.02;4.71;3.69
7.28;1019.85;144.39;12.04;1314.15
3.68;1029.51;237.78;6.44;223.96
3.12;981.09;268.06;15.13;1907.77
2.21;1008.37;313.22;6.0;7.21
5.4;1015.96;273.74;13.29;1770.84
3.62;1026.73;280.05;6.12;161.84
4.76;1007.26;226.49;10.41;967.36
8.23;1026.46;170.71;5.64;72.14
2.15;1029.74;306.88;6.87;313.28
5.64;1008.66;242.13;17.82;2018.61
5.38;1015.43;242.44;12.16;1437.81
4.28;1019.96;203.2;7.72;413.74
5.77;1023.33;295.33;12.17;1527.34
7.82;1026.99;173.01;5.93;112.63
4.16;1028.52;278.45;6.27;190.69
2.58;1029.97;270.49;5.39;72.46
6.06;1024.4;188.8;13.81;1889.55
3.96;1022.5;217.11;6.0;3.84
6.24;1018.34;177.02;11.26;1176.93
2.22;1032.52;269.64;5.3;8.33
3.95;1025.56;222.29;12.4;1521.23
3.49;1011.22;245.59;8.79;640.35
3.09;1009.75;263.19;9.5;750.88
5.3;1023.83;302.74;12.95;1486.26
6.07;1020.97;228.66;7.38;270.88
5.09;1030.15;176.16;8.79;593.69
6.04;1008.45;249.11;18.14;2019.85
4.22;1026.63;229.63;7.03;320.67
5.41;1009.4;251.92;13.25;1737.04
7.64;1022.86;114.38;9.41;650.59
3.2;1027.19;266.84;3.64;7.36
3.62;1010.75;294.34;10.15;948.11
5.9;998.6;258.11;15.46;2012.42
6.5;1024.98;287.74;7.1;364.29
4.64;1027.88;199.11;7.35;387.07
4.24;1026.46;220.17;1.79;7.34
4.35;1029.07;302.63;5.05;84.49
4.61;1026.46;309.54;7.78;413.39
4.58;1026.25;228.07;6.79;264.56
5.46;1014.89;273.52;14.92;2009.83
-2.96;1031.82;244.91;2.02;8.29
4.0;1032.31;347.6;3.49;7.96
6.35;1009.43;266.35;16.84;2018.86
-2.49;1002.36;294.3;8.76;593.13
3.8;1029.72;198.18;4.13;6.83
6.0;1029.85;180.24;9.67;864.34
4.02;1008.37;251.76;6.48;3.5
2.66;1034.84;293.4;3.86;8.47
2.09;1008.26;310.42;5.06;7.22
3.84;1031.31;118.6;2.9;7.29
3.3;1026.89;184.93;8.17;508.62
5.33;1029.02;189.9;8.88;614.21
6.32;1017.44;208.1;10.09;937.39
5.71;1021.07;290.3;14.16;1906.1
6.46;1023.64;192.52;14.51;378.69
6.51;1016.91;206.22;11.35;1233.66
1.97;1032.84;288.15;6.66;310.14
4.17;999.15;194.79;18.04;2021.5
4.74;1029.81;189.3;9.41;727.91
3.16;1030.14;307.22;8.35;611.18
2.66;1010.82;229.46;6.4;3.61
2.56;980.99;298.87;14.81;1923.57
5.07;1029.65;175.95;10.18;896.21
6.19;1017.9;206.75;10.03;893.68
7.16;1019.89;307.13;17.26;2019.83
6.38;1028.53;229.5;6.88;268.48
-1.92;1030.39;359.78;7.24;319.72
4.6;1021.71;221.52;15.63;2011.11
5.3;1008.27;185.51;12.28;1401.28
5.62;1015.85;204.81;9.85;842.66
5.91;1020.61;292.39;12.54;1674.32
1.73;1029.73;297.78;4.89;6.55
5.34;998.21;246.18;8.98;648.53
3.99;1024.83;217.51;12.71;1637.4
3.96;1006.56;313.57;12.47;1485.41
4.35;1019.95;200.53;7.35;346.68
4.88;1027.82;200.15;7.34;392.66
3.87;1028.55;282.92;8.93;577.34
5.07;1009.94;239.53;18.42;936.42
4.93;1024.92;228.59;7.8;439.56
-4.0;1000.77;218.22;1.46;7.73
4.51;1027.8;264.52;5.43;101.38
5.13;1020.53;227.82;17.12;2017.55
4.12;1002.58;314.59;10.77;1189.87
2.96;1010.77;231.69;5.44;3.67
4.17;1022.4;185.72;5.42;99.01
5.62;1019.51;220.16;8.3;484.69
4.16;1001.99;199.58;16.41;2013.57
6.59;1017.55;287.64;13.33;1845.64
2.8;981.28;303.94;12.73;1688.08
5.49;1026.43;240.92;2.63;7.48
4.02;1022.86;214.49;14.02;1953.46
-0.1;1028.36;165.01;3.5;7.91
2.48;1032.51;290.15;7.33;364.11
3.61;1027.15;277.07;8.05;446.94
2.91;1027.69;157.23;9.2;640.2
3.27;1028.93;264.43;5.76;137.19
6.11;1008.32;251.77;16.5;2014.12
5.78;998.48;250.98;14.56;1980.01
2.5;1010.95;233.71;4.97;3.76
5.23;1011.72;320.65;4.09;3.67
3.52;1028.08;242.44;8.84;643.75
5.32;1011.48;314.85;6.65;3.48
3.41;1025.62;293.19;6.29;197.4
6.34;1016.77;207.62;10.89;1105.69
2.64;1032.91;178.69;6.74;272.39
3.85;1026.84;270.16;8.0;8.51
4.71;1016.56;268.0;14.28;1976.04
2.08;1023.96;125.78;8.37;468.62
-3.77;1000.07;129.22;0.43;7.76
3.35;1030.43;256.69;5.42;8.51
1.06;1031.7;306.29;5.44;107.47
4.4;1009.96;281.24;9.47;750.53
3.85;1028.79;133.2;4.22;7.27
5.48;1015.52;241.49;12.35;1530.48
3.93;1015.49;231.88;17.36;2016.14
4.61;1027.78;193.65;7.28;298.89
5.49;1034.2;260.97;3.47;7.66
3.25;980.33;262.55;18.65;2022.69
6.49;1008.78;264.25;17.77;2020.24
5.1;1009.48;250.6;12.59;1600.4
1.64;1001.12;314.98;12.43;1465.61
1.93;1027.48;164.61;5.71;58.6
4.6;1023.91;236.07;9.92;861.08
4.0;980.44;271.43;21.07;712.38
3.89;1032.25;355.04;4.55;7.88
2.76;1031.66;140.97;4.26;7.67
4.43;1013.88;283.64;2.7;4.13
1.83;1029.59;276.84;4.77;7.53
5.22;1013.67;284.02;16.57;2008.08
5.37;1013.32;284.06;15.8;1991.33
7.61;1022.36;121.0;10.57;955.15
7.17;1015.72;200.12;17.44;2016.64
5.0;1009.54;248.24;12.15;1435.84
5.3;999.06;252.54;14.68;1995.76
5.62;1028.06;292.42;8.52;564.73
3.84;1028.28;285.0;4.39;8.54
6.49;1011.45;281.98;14.21;1815.25
4.62;1011.72;235.97;17.82;2019.84
7.24;1027.96;173.87;11.0;1090.12
2.56;1033.8;296.43;4.65;8.46
2.04;980.51;293.45;10.26;676.09
5.25;998.25;255.31;19.36;2026.75
4.33;1028.63;239.55;6.3;191.3
4.52;1003.78;182.7;8.72;585.93
3.49;1028.17;240.55;7.83;438.52
4.95;999.27;225.6;8.86;579.72
3.24;1028.86;196.07;5.96;141.68
3.49;1029.95;268.84;5.7;8.39
4.94;1028.26;150.49;10.16;864.06
4.0;1026.24;107.11;0.79;7.67
2.52;1010.19;295.61;18.83;2013.94
3.49;1029.78;253.21;6.43;172.02
5.53;1020.38;214.78;9.92;847.25
-3.67;999.94;166.79;1.08;7.73
3.14;1009.66;173.24;4.28;3.65
3.65;1012.7;279.56;13.48;1718.67
4.38;1004.67;192.87;8.65;579.23
2.44;1028.99;203.84;3.87;7.93
5.44;1020.44;213.39;9.97;873.21
6.04;1008.38;247.69;17.83;440.37
5.0;998.56;226.86;7.74;390.97
2.74;1029.28;297.64;7.32;373.2
0.72;1028.13;164.83;5.03;7.94
4.44;1027.74;213.74;7.08;303.31
6.05;1019.29;202.36;8.99;649.21
5.07;998.39;237.03;8.45;541.02
3.42;1005.29;306.96;14.96;1991.05
2.75;1032.37;266.12;6.95;8.28
4.38;1013.33;287.59;2.39;3.96
5.01;1029.64;174.4;9.82;840.27
2.88;1029.5;171.01;7.78;372.05
4.58;1023.61;241.87;9.32;747.29
2.11;1029.85;287.47;4.24;6.54
6.28;1034.67;270.36;5.03;8.24
3.57;1027.98;162.35;9.91;806.1
4.87;1025.36;232.16;6.24;199.9
3.67;1026.15;262.26;8.4;539.25
2.65;1010.88;258.79;6.17;3.65
2.0;1033.05;285.45;7.14;305.12
1.05;1001.21;285.75;14.34;1906.01
3.98;1026.2;209.24;10.86;1044.23
3.83;1024.38;217.32;12.78;1571.09
5.9;1029.92;103.02;6.15;143.39
5.41;1011.78;283.55;16.43;2019.01
3.22;1031.27;122.77;4.35;7.53
4.26;1034.96;204.58;2.43;8.14
1.84;1023.64;130.57;7.35;340.93
7.2;1029.31;178.54;9.56;804.94
4.41;1028.05;200.31;3.01;7.99
5.3;1028.21;213.36;4.12;7.26
4.21;1029.34;200.67;5.55;86.2
4.35;1028.76;133.52;5.13;7.23
4.95;1019.9;214.98;8.83;617.24
4.73;1023.64;230.15;9.22;719.75
6.42;1018.01;286.84;13.79;1715.67
6.86;1018.81;157.23;11.29;1104.57
5.34;1029.1;183.44;8.75;598.11
4.39;1029.11;322.08;5.05;54.97
4.18;1028.34;241.41;6.24;188.88
-3.93;1000.4;156.1;0.42;7.84
5.73;1026.49;246.16;1.97;7.21
3.7;1008.46;262.88;6.49;3.43
7.32;1027.66;313.64;7.08;359.03
5.64;1019.22;217.79;10.86;1046.84
2.68;1010.97;244.37;6.02;3.67
1.05;981.73;308.46;9.87;634.35
6.32;988.86;251.38;13.29;1761.32
4.92;1021.04;195.95;7.55;403.29
4.71;1026.0;220.39;7.33;335.99
3.87;1026.53;203.66;9.7;803.02
4.88;1024.1;228.73;11.8;155.31
4.36;1028.32;216.21;4.88;36.18
-0.45;1001.7;339.85;6.69;250.86
3.98;1010.35;281.45;11.46;741.51
2.43;1032.63;275.69;5.5;8.34
6.5;1010.87;276.74;16.67;2016.18
5.56;1015.42;200.56;10.17;913.92
4.46;1009.03;237.8;11.0;1127.74
2.58;1033.03;283.45;5.26;8.38
3.45;1027.36;275.37;6.72;267.63
3.47;1004.37;298.59;14.15;1953.62
3.76;1029.5;280.62;6.24;8.38
2.34;987.1;310.97;16.61;2017.32
6.57;1022.19;263.41;6.8;253.28
4.29;1027.71;206.65;6.78;270.02
3.14;1029.25;168.74;7.59;341.84
2.57;1032.66;290.3;7.93;458.17
1.52;1007.59;321.92;7.37;330.45
2.52;1033.28;286.49;5.78;8.39
2.66;1010.94;237.29;4.96;3.71
3.66;1026.98;278.12;8.25;500.97
3.4;1031.41;125.19;3.64;7.34
4.06;1028.0;292.91;9.33;756.77
4.03;1026.46;130.27;4.83;7.21
3.73;1005.46;308.89;12.94;1808.19
3.38;1029.5;258.74;4.68;37.53
4.94;1024.88;223.11;6.93;293.95
2.61;1029.03;269.58;2.89;7.64
3.42;1027.48;208.78;7.28;323.66
3.93;1026.36;207.91;10.15;915.93
4.93;1025.23;225.98;6.37;205.89
4.45;1026.6;304.98;8.41;514.88
7.57;1022.33;123.87;10.53;900.39
7.56;1022.1;122.78;10.9;980.23
4.51;1007.25;159.31;6.9;3.74
3.94;1025.49;221.79;12.41;1555.31
7.33;1028.15;232.28;5.8;140.53
7.37;1029.62;194.62;2.56;7.6
4.04;1009.92;271.73;10.17;908.09
3.26;1035.13;307.65;3.11;8.6
5.35;1023.44;230.12;10.27;854.52
3.3;1035.27;312.65;3.6;8.24
4.68;1023.87;235.62;9.89;883.83
4.28;1023.94;258.33;7.01;294.88
2.05;1029.83;309.38;7.04;344.42
4.28;1028.56;206.14;3.83;7.21
5.16;1023.97;230.18;11.5;1262.98
2.53;1028.73;203.33;2.42;7.87
3.61;1004.0;300.46;13.69;1820.75
2.98;1012.07;261.04;8.36;598.11
4.08;1026.16;263.25;0.92;7.47
3.46;1027.59;212.39;7.35;332.45
2.93;1031.43;130.88;4.28;7.61
4.28;1028.67;233.3;6.4;199.97
1.3;982.42;302.48;11.16;1118.78
2.65;1027.72;157.57;8.23;477.96
6.11;1021.62;241.34;5.94;150.54
7.07;1028.64;336.79;5.29;105.45
5.32;1028.23;231.96;3.98;7.35
4.72;1009.91;284.59;8.9;611.57
2.55;1033.39;185.9;6.94;288.47
4.83;1025.75;181.45;11.99;1431.83
5.49;1015.21;277.04;14.16;1943.68
3.04;1032.32;269.83;6.15;8.24
5.87;1008.53;247.92;17.87;2019.51
4.1;1029.29;281.82;6.12;8.43
2.01;1032.87;292.29;6.63;242.37
2.52;1033.9;289.9;4.43;8.66
6.12;1013.47;214.3;11.7;1321.78
7.7;1034.37;225.53;2.23;8.15
3.89;1023.12;225.67;6.42;3.71
4.86;1027.46;181.34;12.13;1446.29
3.63;1026.97;277.54;7.87;405.72
5.39;1009.0;249.23;13.34;1755.35
0.97;1012.72;273.08;7.49;444.81
2.95;1028.33;231.93;5.84;129.79
2.7;998.11;275.16;13.11;1749.78
6.35;1026.75;295.27;6.6;196.2
3.18;1011.78;247.8;8.3;524.1
5.18;1030.39;196.52;6.22;184.2
2.7;980.98;292.49;11.88;1407.74
3.01;1031.24;178.84;8.5;545.97
3.25;1035.32;321.81;3.62;8.4
3.57;1004.56;294.84;14.25;1952.22
2.92;1029.22;278.7;6.42;216.83
6.05;987.96;254.12;14.11;1910.23
3.88;1027.08;274.88;5.28;8.52
3.87;1027.89;291.12;7.74;385.58
4.07;1025.39;226.51;13.06;1758.98
1.92;1032.76;322.2;5.12;78.25
2.75;981.17;263.92;12.94;1695.7
5.61;999.1;261.49;15.41;2012.65
4.25;1002.19;316.27;13.4;1614.11
3.59;1035.03;313.52;3.31;8.45
4.72;1000.15;216.37;8.64;569.19
4.95;1015.51;249.71;14.32;1919.6
4.98;1023.98;227.87;11.86;1368.41
1.46;1032.34;337.77;6.07;181.1
4.06;1029.14;295.99;5.57;110.33
5.66;983.18;250.07;15.16;2006.3
1.07;1032.74;315.5;4.6;7.77
2.65;1028.94;188.77;5.3;87.92
4.68;1026.28;289.91;7.2;446.31
2.16;1027.52;157.43;7.07;267.92
5.74;1015.29;307.88;5.85;4.18
3.4;1007.24;315.77;11.62;1275.94
4.43;1028.48;223.89;3.6;7.2
2.33;1032.62;261.12;5.45;8.4
5.3;1008.8;250.83;11.06;1116.09
2.85;1010.94;248.2;6.7;3.66
4.11;1029.15;305.43;4.64;6.68
5.56;1034.21;267.62;3.82;7.82
5.44;999.2;257.84;15.46;1996.83
-1.26;997.9;324.61;13.44;1515.64
4.79;1014.97;274.77;15.16;2006.4
2.85;1030.56;320.73;7.87;437.31
5.3;1023.35;227.08;9.76;802.88
2.72;1027.58;155.76;9.1;623.17
4.69;1015.03;291.94;3.38;4.28
6.84;1034.65;196.68;2.29;8.22
3.73;1028.88;197.18;6.59;226.4
5.57;1016.95;264.68;12.45;1592.04
8.77;1029.47;152.16;2.57;7.86
4.74;1028.31;187.57;10.66;1055.97
-4.0;1000.73;211.59;1.19;7.7
4.72;1012.34;284.38;15.91;2019.93
1.67;1001.0;317.21;12.42;1706.4
2.34;1010.75;225.5;5.98;3.73
2.75;1032.49;353.16;6.29;278.98
3.27;1027.43;272.82;6.32;194.96
4.55;1025.27;266.47;6.12;173.45
4.89;1025.81;219.84;7.36;357.53
4.28;1024.03;208.68;5.96;170.19
5.79;983.0;255.68;15.96;2012.24
0.25;1004.04;336.51;5.61;114.36
2.59;1010.85;233.31;6.3;3.66
2.65;1010.83;250.66;5.53;3.69
4.87;1010.71;271.77;11.32;1236.28
4.7;1011.08;235.42;18.12;2018.66
4.46;1022.01;219.6;15.95;2015.39
2.45;1033.19;176.92;6.64;258.65
5.88;1011.31;198.9;11.92;1338.89
4.37;1024.13;263.04;6.54;240.58
4.91;1024.38;216.62;8.38;483.47
3.32;1032.15;328.48;3.88;8.21
2.74;1024.52;127.03;7.25;325.67
6.32;1017.49;209.49;10.11;921.32
2.32;1032.38;347.33;5.88;173.94
3.04;1029.81;256.15;5.32;42.0
4.98;1009.65;261.78;9.53;814.7
3.94;1026.37;125.94;4.29;7.19
0.61;1004.26;337.72;5.41;91.68
-4.26;1032.2;317.62;1.31;8.16
3.25;1029.07;281.08;5.44;90.76
3.89;1027.06;234.53;5.89;153.74
4.59;1008.92;238.48;10.93;1124.44
5.16;1020.74;202.62;9.63;801.56
4.17;1030.32;183.11;10.61;1060.59
6.01;1019.8;204.77;7.79;431.08
2.39;1033.33;299.47;4.47;8.53
5.54;1025.93;254.6;4.5;6.81
-1.24;1031.78;217.21;1.02;8.27
-0.29;1000.72;343.16;7.92;508.97
6.1;1016.74;205.01;10.38;985.64
3.23;1031.38;126.09;4.06;7.39
6.57;1021.2;304.54;17.6;2019.87
2.89;1029.52;173.02;5.87;143.26
2.78;1028.4;240.85;5.11;6.96
6.02;1024.68;187.63;12.82;1743.42
5.81;999.54;247.89;12.83;1633.65
2.46;1029.08;270.05;3.1;7.61
3.15;1029.81;247.72;5.73;118.44
5.29;1025.18;188.21;12.65;1574.96
5.98;992.45;235.7;16.79;2013.31
4.36;1018.0;227.11;18.53;2021.0
6.44;1021.44;129.73;7.84;398.93
4.27;1029.21;208.23;4.2;7.34
2.96;1032.08;172.9;7.63;389.46
4.54;1027.76;234.77;7.22;355.07
5.99;1029.99;203.9;5.54;101.12
4.65;983.8;257.69;12.96;160.03
-5.07;1002.09;265.33;2.59;7.79
2.88;1011.91;249.9;7.51;410.13
-0.2;1032.8;334.99;5.64;105.43
4.19;1030.78;102.79;3.17;7.14
2.95;1009.63;271.3;8.21;488.42
4.53;1028.53;239.58;5.93;149.84
3.43;1027.35;274.56;6.73;254.25
2.55;1024.38;125.67;7.92;404.59
4.84;1028.21;194.74;10.81;1082.02
4.6;1014.86;295.7;2.53;4.18
3.04;981.45;269.34;13.25;1843.31
5.31;1019.62;202.3;9.21;692.64
6.31;1017.55;209.57;10.04;895.64
4.17;1022.6;218.45;5.29;3.75
5.88;1011.88;201.94;11.75;1372.79
2.36;1030.95;257.27;9.51;801.79
-0.37;1032.2;252.38;2.0;8.38
2.29;1033.95;117.29;1.65;8.17
3.75;1026.97;268.77;6.29;8.52
3.62;1027.0;275.41;7.53;408.97
4.79;1028.62;179.41;3.52;7.13
4.97;1014.59;279.57;16.08;2016.39
4.99;1028.2;133.49;4.91;41.92
5.92;1030.05;209.54;6.15;58.04
4.96;1028.61;147.17;8.31;438.76
2.0;1033.11;302.42;7.04;386.91
4.68;1023.44;251.95;7.98;452.8
3.47;1026.46;268.73;7.35;358.8
5.85;998.43;253.98;15.24;2009.11
1.28;981.91;307.15;8.16;646.28
4.05;1029.51;165.61;9.38;751.68
4.1;1022.23;179.91;5.62;124.53
6.42;1018.34;169.74;10.66;1023.09
4.58;1023.69;239.4;9.46;770.6
5.29;1010.04;260.79;10.65;1050.84
6.32;1020.95;130.91;8.46;471.58
3.58;1025.28;131.97;6.61;194.51
1.62;985.6;300.29;14.41;1871.8
4.77;1028.23;312.5;5.54;81.54
2.58;1011.06;241.76;6.21;3.65
7.15;1015.95;198.9;17.14;2018.04
4.61;1026.06;221.16;7.68;401.86
7.41;1013.32;289.04;16.86;2017.74
4.57;1023.41;243.66;9.84;844.04
7.01;1029.48;181.23;8.68;619.97
5.2;1007.94;234.84;11.03;1192.47
5.11;1010.41;267.79;8.97;656.14
3.79;1026.1;256.21;6.76;8.43
8.19;1024.04;111.16;7.64;295.37
0.82;1016.29;137.62;6.5;3.66
1.5;985.96;297.88;14.21;1969.76
5.79;986.48;246.79;14.64;1961.1
5.15;1030.39;200.91;5.32;84.51
-4.54;1032.29;343.87;1.71;7.79
4.6;1027.94;305.36;4.32;6.72
2.31;1009.83;169.92;4.24;3.72
3.65;1029.18;220.38;7.02;299.42
2.93;1029.54;182.47;6.54;202.11
2.54;1033.12;288.5;6.25;8.29
6.39;1023.64;274.84;7.33;354.48
-0.29;1000.91;342.54;7.81;408.27
6.17;1009.11;191.43;12.17;1400.23
5.04;1027.84;187.2;9.67;804.86
5.47;1008.83;253.31;12.39;1534.46
2.66;1010.69;228.61;6.21;3.64
3.52;1011.39;249.47;9.67;821.52
6.23;1010.2;192.05;13.07;1653.94
4.27;1028.47;233.04;6.22;176.33
6.0;1019.26;202.54;9.2;699.0
5.31;1008.78;249.3;10.98;1148.52
4.12;1028.95;238.7;5.7;123.92
5.21;1029.78;118.02;5.24;55.7
2.09;1027.72;140.95;5.36;83.64
4.47;1016.47;259.76;14.45;1997.98
4.28;1026.01;287.67;6.62;290.61
5.38;1010.06;219.88;12.84;1610.88
3.83;1028.83;196.27;6.76;235.82
2.22;1008.63;282.35;16.5;2009.38
2.62;980.64;258.77;15.63;2007.36
2.75;1030.07;267.12;4.87;6.1
2.83;1010.97;251.11;7.35;3.69
4.59;1033.97;211.7;4.97;8.0
4.21;1026.38;237.33;2.34;7.26
4.04;1022.72;215.77;13.93;1940.43
5.62;1015.54;206.0;10.45;975.49
6.29;1012.36;210.1;12.67;1638.68
1.96;998.11;246.76;14.91;1971.41
3.3;980.65;299.03;12.91;1464.32
4.53;1024.94;220.86;7.33;344.52
4.01;1026.47;119.07;2.59;7.99
3.68;1029.77;176.76;4.12;7.31
-0.56;1002.55;329.48;5.11;63.2
4.37;1028.58;231.42;5.12;58.99
4.03;1023.13;221.18;5.96;3.7
3.41;1007.02;318.7;12.6;1605.26
3.24;1027.67;160.74;9.21;672.97
4.08;1002.49;198.8;16.01;2014.07
3.48;1009.88;255.21;10.0;924.57
6.1;1019.89;204.19;8.06;476.72
4.66;1009.88;278.82;7.66;439.57
5.35;1011.76;318.56;5.71;3.71
4.98;1023.52;166.98;7.68;74.15
5.81;1021.24;301.49;13.59;1819.63
5.45;1016.42;263.46;12.79;1602.86
5.4;1030.13;200.77;4.62;6.97
3.0;1030.27;291.06;8.89;673.78
1.55;1027.75;145.28;5.82;112.69
3.85;1029.41;281.54;6.24;8.31
5.81;982.8;253.05;15.8;2009.04
1.34;984.18;298.89;14.95;1876.78
4.64;1028.35;150.32;9.98;776.21
5.67;1013.23;206.84;15.98;2012.87
1.12;1032.36;141.85;2.13;7.86
-3.51;999.12;146.88;4.25;7.96
5.41;999.07;255.71;16.45;2017.99
2.91;1033.88;193.31;6.56;225.52
3.57;1029.13;263.62;6.57;230.86
7.3;1029.17;163.58;2.79;7.03
1.69;1033.03;296.26;5.58;142.56
7.25;1028.1;168.35;9.45;716.21
5.0;1025.44;261.71;4.92;6.92
1.64;1030.98;308.03;6.06;187.2
4.02;1026.43;147.48;4.42;7.58
4.14;1024.53;218.71;5.37;89.29
3.67;1026.24;264.65;8.47;532.04
4.81;1009.72;244.86;11.5;1279.78
2.74;1003.95;314.39;11.69;1457.15
5.25;1029.56;190.67;9.96;855.08
3.82;1005.13;304.0;15.33;1945.36
-0.47;1028.59;164.04;3.45;7.95
4.16;1026.41;211.58;4.3;7.09
5.99;1019.95;290.66;13.73;1798.34
4.04;1023.94;220.3;14.76;2006.64
5.78;1021.15;286.68;13.36;1760.03
1.17;1032.79;317.26;4.9;43.43
3.28;1029.03;263.71;5.17;76.81
6.0;1016.61;199.28;9.55;757.24
3.21;1004.03;298.65;12.87;1854.18
5.2;1007.58;238.43;13.02;1751.72
3.51;1031.62;269.97;6.95;8.26
7.76;1023.58;112.42;7.7;366.33
5.5;998.7;254.78;20.07;1855.19
5.85;998.23;257.42;15.02;2003.6
1.17;1031.19;338.85;7.67;379.81
3.25;1035.09;311.38;3.28;8.38
3.77;1032.64;354.37;6.7;182.85
2.91;980.55;298.29;16.4;2010.35
6.33;991.95;249.15;16.47;2013.5
4.32;1028.24;248.12;7.27;327.71
2.17;1027.5;152.23;7.7;341.63
4.56;1023.85;236.98;9.74;863.56
2.74;1006.98;309.08;10.48;1177.38
4.2;1010.89;273.95;9.28;809.57
4.07;1025.85;206.4;12.45;1538.58
3.48;1012.45;283.65;9.55;661.61
4.54;1009.62;234.25;9.41;725.98
4.57;1029.03;292.78;4.69;8.49
0.78;1001.18;278.06;16.51;1998.74
1.02;1000.88;319.17;12.3;1484.26
3.93;1026.42;123.4;2.53;7.89
3.06;1035.25;310.18;4.45;8.53
1.15;1028.8;192.22;3.31;8.02
4.22;1028.71;201.46;4.56;7.24
4.07;1025.52;290.99;6.81;282.17
5.2;1030.42;200.26;4.19;7.09
5.91;1034.56;274.26;3.93;8.34
6.79;1021.73;131.11;9.16;654.94
3.14;980.64;281.4;17.91;2022.29
3.93;1025.76;279.43;7.83;390.43
3.91;1032.34;346.27;4.39;7.91
4.19;1009.96;270.92;9.09;729.56
3.69;1006.39;206.61;12.93;1643.29
4.2;1022.07;179.7;5.76;122.65
2.54;1031.84;169.82;7.97;436.58
0.15;1003.93;336.08;5.63;62.24
3.76;1027.39;277.82;5.68;142.79
5.45;1008.69;250.55;10.72;1064.8
4.13;1023.08;220.95;6.31;3.72
4.21;1009.52;253.9;6.64;3.67
1.8;1032.9;301.15;5.09;103.76
7.59;1016.77;196.63;18.02;393.52
3.23;1028.64;132.04;5.16;77.54
2.04;1023.77;126.01;7.85;404.62
4.97;1029.99;190.83;7.22;6.35
2.59;1034.06;116.38;1.14;8.21
3.87;1025.87;269.85;8.54;539.07
4.63;1008.69;235.04;10.97;1139.83
3.99;1015.02;231.98;17.57;2016.99
7.18;1016.54;293.42;13.51;1797.36
5.05;1008.12;240.01;10.62;1024.11
3.69;1028.9;249.5;7.59;394.69
5.62;1029.34;180.27;8.26;498.03
7.34;1027.98;311.84;5.49;104.23
5.9;1010.71;195.19;12.17;1414.77
5.19;1030.38;192.87;6.52;6.92
6.28;1008.67;262.86;16.58;2015.42
4.16;1025.96;141.44;6.39;175.98
3.99;1026.83;229.66;6.3;197.98
-3.41;998.45;106.1;5.18;11.65
4.65;1008.09;224.92;9.31;707.42
7.6;1022.48;120.53;10.33;834.5
2.76;997.86;278.6;11.84;1315.44
1.36;1031.09;309.09;5.98;164.65
4.29;1022.44;218.78;6.23;3.79
4.81;999.98;219.09;8.77;559.22
0.75;1001.5;281.54;12.04;1343.53
0.34;1032.81;332.15;5.59;82.46
4.1;1023.33;184.14;4.79;7.33
4.41;1023.36;228.39;6.49;3.69
6.97;1012.7;287.88;14.39;1914.21
5.69;1019.71;218.09;8.4;497.98
0.97;1001.6;285.61;14.68;1727.37
5.12;1026.32;209.13;4.87;7.45
6.35;1029.78;103.01;4.75;7.1
5.72;1019.78;218.86;8.25;486.57
6.27;1017.49;208.89;10.02;878.28
3.78;1026.46;264.71;6.37;8.44
3.06;1032.22;331.07;3.92;8.22
2.57;1033.78;297.19;3.48;8.48
5.54;1011.69;321.45;4.45;3.68
5.72;1028.46;163.21;8.98;587.59
6.34;1008.6;262.81;16.6;2016.0
3.95;1026.46;138.77;4.65;7.55
6.27;1017.98;206.07;10.04;900.91
7.55;1034.57;223.91;3.33;8.22
4.65;1019.77;204.36;9.38;748.38
6.09;1008.53;247.84;17.62;2020.66
6.32;991.6;248.33;16.46;2013.52
2.45;1033.12;285.78;5.35;8.23
5.65;1019.23;217.82;8.76;598.04
2.32;1028.36;140.08;4.88;42.52
0.34;1032.56;161.61;1.48;7.91
8.03;1034.68;220.64;3.78;8.21
5.72;1019.4;205.36;9.06;662.81
4.96;1020.87;203.09;9.55;782.39
4.9;1015.03;259.86;14.97;2001.56
4.35;1007.96;252.47;10.25;944.23
4.39;1013.62;269.86;3.46;4.05
2.14;980.75;278.45;15.88;2002.97
3.29;1029.36;172.91;7.62;355.32
6.76;1020.78;305.26;18.31;2022.21
6.11;1019.91;204.52;8.27;515.1
2.99;1031.57;175.8;8.75;578.91
4.73;1023.92;269.7;6.72;3.72
0.41;1000.53;323.81;11.8;1742.19
5.98;1013.24;214.31;10.88;1134.62
5.23;1028.52;154.49;8.31;462.28
4.35;1016.2;267.64;13.12;1774.09
-0.71;1032.67;336.89;4.99;21.82
5.29;1010.44;269.11;9.37;744.3
5.91;1034.3;276.33;4.9;8.17
6.14;1017.6;206.46;10.1;916.78
1.48;1027.81;147.37;6.23;135.56
1.9;1033.1;302.03;7.13;314.09
2.81;1032.3;336.43;3.82;8.25
3.04;980.35;287.47;17.56;2005.76
5.84;987.47;255.41;13.62;1825.09
6.27;1029.8;181.56;9.41;757.33
-4.63;1032.31;333.7;1.07;8.13
2.12;1030.24;312.27;7.78;427.1
2.05;981.1;298.32;14.37;1902.19
1.76;1023.6;128.35;7.88;441.19
2.62;1028.86;208.83;3.69;7.91
4.45;1023.36;228.16;6.9;3.67
2.7;1031.74;270.34;10.99;1160.9
3.87;1024.49;216.9;13.19;1760.45
4.35;1028.82;233.81;6.34;221.91
5.45;999.16;258.03;15.15;1993.56
4.18;1027.87;292.33;5.32;90.31
9.52;1025.42;136.29;5.38;7.19
2.66;980.6;295.26;12.0;1492.94
3.37;1007.13;318.9;11.14;1234.57
2.76;1027.43;164.55;8.1;466.35
4.65;1019.79;206.85;9.73;817.03
5.48;1034.23;254.59;2.78;7.69
4.61;1016.3;260.65;13.99;1931.46
5.41;1015.96;271.45;13.03;1699.66
4.6;1026.13;225.89;7.08;315.05
5.12;993.9;212.12;19.48;2023.74
5.52;1019.42;203.54;9.18;693.08
2.62;1032.19;282.82;8.73;487.87
4.54;1023.73;238.22;9.28;732.29
-0.49;1028.5;161.93;3.52;7.9
4.45;1016.31;265.59;12.7;1564.88
1.83;1032.17;155.23;1.53;7.85
3.86;1025.63;138.23;8.52;459.31
4.9;1025.68;215.72;8.16;498.25
-0.31;998.5;319.11;13.81;1829.07
1.72;1030.8;332.39;8.0;478.13
5.36;1028.2;222.1;4.67;7.23
4.19;1022.57;217.61;5.23;3.78
3.9;1028.04;292.67;7.19;350.78
4.07;1010.72;290.82;10.12;914.67
2.51;1027.48;164.92;8.3;492.24
6.37;1015.03;211.34;18.25;1822.33
6.55;1024.79;287.56;7.56;454.44
3.55;1030.01;203.83;4.04;6.87
2.52;1033.24;298.0;5.36;8.4
4.04;1022.44;222.04;5.36;3.82
0.82;1032.05;343.88;6.56;223.65
6.62;1022.83;264.4;6.51;231.93
4.62;1027.71;244.72;7.03;308.5
4.54;1023.74;238.15;9.56;798.66
6.61;1009.77;197.53;13.42;1754.98
4.03;1035.55;319.06;4.7;8.28
2.89;1007.23;305.86;9.75;880.3
6.75;1016.98;288.94;12.89;1651.69
4.45;1024.76;221.98;6.38;203.48
7.8;1015.22;298.69;18.98;1098.22
2.6;1027.46;165.35;7.44;338.8
-3.59;1032.2;268.28;2.05;8.23
3.82;1025.9;288.32;7.05;313.46
2.48;1032.43;335.75;4.07;8.53
-4.3;1032.12;346.5;0.44;8.19
3.21;980.93;265.23;17.27;2017.32
4.85;1019.94;210.06;9.69;797.74
5.45;1034.13;233.64;2.17;7.78
5.48;1011.98;283.08;16.85;2011.08
6.34;1029.75;182.5;9.77;868.33
6.06;1028.31;163.09;8.97;580.97
6.48;1009.93;196.31;13.34;1772.06
-0.41;1001.49;342.33;6.85;285.15
3.91;1029.15;223.67;6.89;276.84
4.47;1028.15;227.15;4.55;7.29
3.37;980.05;275.42;12.87;1523.61
3.27;1035.15;308.64;3.03;8.56
4.27;1027.91;293.6;6.44;225.75
0.81;1032.47;320.63;2.94;8.49
4.42;1012.54;233.2;17.88;245.52
4.02;1032.13;335.58;2.85;8.11
2.44;1034.07;288.3;3.66;8.69
4.91;1025.33;222.88;6.45;206.03
4.96;1018.95;226.88;17.88;2020.05
4.27;1027.45;290.28;8.07;547.83
4.39;1027.58;248.69;5.55;116.97
5.94;1028.19;181.7;5.61;7.31
5.65;1013.83;205.55;10.06;898.49
4.2;1025.69;127.85;5.32;89.78
6.72;1015.02;286.1;15.85;2011.81
2.0;992.34;315.7;13.96;1746.61
5.53;1016.35;255.03;12.82;1642.87
4.1;982.21;274.33;13.96;1747.69
7.97;1026.81;167.67;6.34;147.05
3.8;1025.87;289.37;7.38;393.25
4.74;1025.45;218.65;6.66;273.04
4.21;1028.37;237.84;5.16;63.32
3.29;1030.41;255.41;5.57;8.49
7.27;1028.21;310.75;6.63;231.55
4.27;1029.22;199.55;4.66;7.4
4.38;1028.43;223.93;4.74;32.4
4.84;1009.59;310.93;6.9;3.56
5.58;1028.64;154.16;9.49;681.68
3.26;1030.46;257.84;5.22;8.49
4.25;1010.46;264.83;8.92;643.85
3.69;1028.93;194.7;6.57;244.88
6.42;1009.09;265.52;16.79;2016.13
3.29;1023.58;151.77;8.56;564.88
4.84;1020.95;199.46;9.06;681.19
2.3;1027.48;164.05;7.59;331.99
4.34;1022.94;177.2;5.94;7.27
3.38;1011.6;249.21;8.47;547.11
3.78;1028.31;161.19;10.36;874.65
3.14;1027.98;217.93;6.41;173.25
1.93;1030.11;311.74;7.91;494.65
3.78;1005.32;309.23;14.62;1906.18
0.71;982.58;300.04;10.37;966.26
3.81;1026.27;286.81;6.61;225.7
4.19;1025.87;144.61;6.99;265.39
5.61;985.72;251.82;16.96;2015.55
5.14;1029.37;182.81;7.74;427.06
1.86;1023.68;129.95;7.91;388.01
4.24;1023.26;225.54;6.14;3.75
2.59;1010.3;269.0;4.94;3.64
3.8;1027.25;233.24;10.94;1124.4
5.62;1011.28;213.69;14.94;2007.99
2.27;1009.7;186.46;4.93;3.71
1.09;1001.47;306.68;10.64;1160.04
-4.33;1032.32;319.13;1.58;8.16
4.87;1028.81;194.81;11.6;1275.93
6.34;1016.77;209.33;11.13;1157.99
4.34;1013.5;280.68;2.57;4.06
3.53;1028.41;239.47;8.63;609.7
5.62;1019.6;217.66;8.51;522.65
3.84;1028.21;280.87;4.25;8.57
4.5;1027.94;287.19;6.71;248.88
3.23;1029.37;273.91;8.21;495.32
3.4;1007.97;272.18;6.98;3.26
5.13;1030.35;192.3;6.84;6.37
5.17;998.42;243.7;9.23;690.46
4.43;1028.26;235.87;5.17;67.72
-3.9;1001.05;264.37;2.35;7.36
4.51;1025.14;270.78;6.58;229.48
5.54;992.83;224.84;16.83;2015.11
3.9;1026.56;144.69;5.38;7.61
2.18;1023.49;142.95;7.34;301.17
4.59;1023.35;238.31;7.19;326.33
5.32;1029.66;177.66;9.87;825.37
3.12;1028.89;267.3;6.07;177.24
4.79;1020.89;223.58;16.35;2013.78
4.67;1026.28;180.33;11.95;1402.81
4.74;1025.84;178.28;11.88;1340.89
2.07;989.75;326.68;14.54;1831.43
2.13;998.33;269.49;15.28;2008.29
3.31;1033.96;202.8;5.74;149.2
5.09;1010.47;260.77;9.8;777.8
5.64;1011.48;214.9;15.17;2001.13
3.44;1007.27;314.14;11.3;1228.88
5.78;999.65;248.83;11.76;1301.99
3.09;1032.17;268.46;6.02;8.29
5.44;1014.79;246.22;12.98;896.59
2.45;1032.47;269.19;5.75;8.38
2.49;1033.94;292.46;3.29;8.66
3.97;1028.1;211.88;2.77;7.66
2.87;1033.6;188.28;6.8;203.16
2.58;1032.24;284.63;8.71;576.5
3.73;1026.41;263.4;6.48;8.48
2.51;1010.73;224.44;6.41;3.71
2.36;980.45;288.16;13.1;1765.4
4.14;1026.34;247.73;0.94;7.35
5.75;1023.0;296.48;11.46;1361.34
3.9;1027.15;233.72;6.0;173.65
8.49;1029.41;142.6;2.42;7.78
3.51;1025.25;131.29;6.95;264.13
5.29;1028.51;148.54;8.58;516.14
3.51;1027.19;276.62;7.72;390.21
3.34;1008.44;308.79;6.29;7.13
1.69;1029.53;281.19;4.36;8.19
3.7;1009.24;227.9;11.35;1235.48
1.96;1032.82;321.82;4.93;43.28
2.85;1028.82;203.96;3.13;7.48
4.41;1024.56;265.12;6.95;288.29
5.46;1009.27;249.29;12.85;1653.02
5.45;1025.84;263.54;4.31;7.02
2.54;1010.85;232.96;6.07;3.68
7.4;1013.56;288.82;17.51;2016.56
6.07;1023.69;306.16;13.69;1880.32
2.41;1010.23;204.84;5.23;3.74
5.23;998.38;244.62;8.91;621.76
3.66;1029.11;255.11;5.28;87.23
4.61;1019.77;204.7;9.36;714.77
4.2;1029.05;240.54;6.54;242.67
3.85;1025.8;272.55;8.63;593.08
5.66;1016.9;261.24;12.62;1607.51
5.5;997.86;246.65;10.9;1090.05
2.69;1029.47;170.54;7.65;350.58
4.62;1026.16;288.63;6.52;314.39
4.87;1028.35;193.77;10.97;1126.24
4.3;1027.73;287.44;6.84;322.72
4.35;1014.16;283.27;2.44;4.18
6.65;1029.64;187.61;7.87;409.8
1.48;1027.79;164.1;5.54;89.47
5.36;1023.55;303.7;12.99;1641.43
4.2;1025.8;128.78;6.15;143.58
4.72;1023.44;252.51;8.36;526.83
2.27;1011.61;298.45;11.74;1184.58
3.96;1021.92;196.92;5.89;3.87
6.71;989.65;252.6;15.04;1996.03
3.67;1026.2;263.8;8.11;484.14
3.89;1029.17;296.74;5.65;136.51
2.74;1029.08;190.42;4.55;7.79
5.45;1028.42;173.89;4.23;7.18
-0.23;1000.39;345.02;7.74;448.65
5.64;1013.94;206.59;9.66;798.56
2.0;1028.34;139.3;5.0;42.61
7.04;1019.06;148.65;12.48;653.87
5.45;1028.72;235.96;7.44;374.86
1.98;1030.07;312.08;8.41;567.99
4.03;1029.32;281.87;6.35;8.39
0.02;1032.26;318.41;5.34;64.0
4.43;1025.22;205.96;13.15;1778.19
5.59;1026.34;236.66;3.2;7.54
1.96;980.32;289.14;13.0;1566.2
2.63;1029.0;191.28;4.17;7.91
2.66;1029.13;197.05;4.11;7.72
3.12;1008.44;302.78;6.57;7.1
3.12;1029.11;275.15;7.99;500.83
8.8;1025.7;140.42;3.74;7.2
4.82;1029.91;192.72;6.6;6.27
4.44;1008.37;247.03;6.93;3.55
3.76;1011.9;292.62;11.09;183.27
7.75;1017.14;297.75;18.66;2020.8
4.02;1027.49;191.67;7.79;390.32
6.45;1024.36;285.37;7.15;270.98
4.69;1007.15;158.3;6.32;3.68
6.11;1014.38;210.58;15.57;2009.31
-3.38;998.83;135.88;4.05;7.67
4.93;1030.0;178.5;8.22;468.17
4.45;1028.15;229.58;4.38;2.24
4.96;1027.82;198.34;7.53;369.37
1.87;1032.83;291.32;5.45;105.26
2.9;1008.11;273.37;6.75;3.31
5.76;1027.96;221.54;5.52;87.34
5.55;1019.42;212.61;7.75;404.66
-1.05;1031.84;331.27;0.4;8.28
3.15;980.32;293.94;17.53;2007.11
4.88;1012.85;330.57;2.36;3.77
-0.51;998.3;328.99;14.05;1868.75
5.17;1008.14;239.55;10.82;1120.83
4.26;1026.39;212.57;4.23;7.16
5.17;1025.06;306.24;10.13;916.69
3.93;1027.8;283.67;7.68;406.47
7.29;1028.0;176.02;11.59;1221.03
3.49;1030.15;268.97;5.91;8.42
4.67;1023.87;234.67;9.8;857.98
5.52;1016.59;256.27;12.39;1552.11
3.76;1026.79;200.11;7.4;389.74
3.83;1028.07;273.07;5.56;8.64
3.67;1007.17;212.88;11.48;1274.16
0.5;1032.37;319.45;2.65;8.41
3.43;1027.29;273.28;6.59;241.67
1.98;1032.36;346.65;6.38;169.79
2.77;1010.84;316.45;6.22;3.87
3.2;1030.51;319.95;8.11;490.76
6.26;1017.95;288.08;13.97;1911.22
2.62;1010.33;272.91;5.26;3.7
4.01;1003.38;198.49;15.95;2014.0
4.21;1025.76;127.93;5.85;113.84
4.41;1028.38;217.95;5.74;118.53
6.55;1016.96;205.34;11.29;1188.08
-3.91;1000.66;220.24;1.43;7.65
4.79;1025.9;219.78;7.39;373.37
4.43;1024.79;219.04;13.06;1712.87
2.24;1011.03;252.49;4.26;3.72
5.48;1028.88;315.65;5.34;125.62
3.55;1029.54;181.55;5.86;113.08
3.53;1028.48;247.28;8.69;620.22
6.67;1029.59;109.87;5.1;56.19
3.3;1023.56;154.22;8.79;551.31
6.67;1029.44;185.05;7.78;406.59
3.98;1028.61;277.29;6.44;169.84
5.96;992.67;235.03;16.93;2019.73
1.93;990.38;328.94;13.11;1525.58
5.54;1020.48;211.37;10.06;888.8
4.19;1029.21;198.26;5.51;82.17
4.0;1027.84;289.74;7.51;503.0
8.06;1023.86;109.55;7.72;315.55
0.46;1001.44;284.17;15.43;1844.21
3.18;1009.57;170.22;4.49;3.66
-2.89;1030.87;357.35;6.08;187.47
5.65;1028.08;312.28;8.35;550.4
3.67;1032.54;354.72;6.87;205.67
4.39;1015.97;273.14;14.66;2001.27
3.88;1029.14;308.15;4.12;6.68
3.64;1006.14;307.11;14.77;1992.48
2.46;1011.01;229.88;5.52;3.75
7.22;1027.5;184.82;6.69;210.47
3.03;1027.55;239.71;2.46;7.34
4.4;1027.9;209.8;5.18;7.17
3.57;1029.44;274.24;6.74;264.13
6.42;1018.35;207.71;9.62;799.65
5.61;1009.1;250.34;12.78;1633.8
2.7;1009.63;166.1;5.04;3.71
5.13;1009.47;250.78;13.12;1729.32
2.81;1010.14;268.96;5.7;3.65
4.5;1027.76;229.13;7.21;335.67
4.67;1014.97;291.05;3.12;4.15
4.39;1016.58;266.43;12.88;1708.74
4.55;1011.84;235.81;17.49;2016.31
8.78;1024.61;114.95;6.87;208.61
0.69;1032.62;228.38;1.96;7.97
-3.2;1002.38;272.36;4.86;10.0
5.47;1028.34;217.86;4.71;7.33
1.46;1029.75;274.4;4.54;7.32
4.99;1030.0;178.57;8.39;508.36
5.32;1009.37;250.87;13.14;1724.33
5.21;1008.61;255.87;12.21;1191.33
4.43;1023.7;164.31;6.74;205.81
2.75;1031.94;170.35;7.68;384.64
3.72;1029.55;274.37;6.52;8.28
6.36;1017.27;207.0;10.24;942.61
1.21;1032.58;312.32;4.02;8.4
2.22;1033.07;293.48;7.26;383.11
5.56;999.09;259.45;15.9;2012.44
1.99;1029.8;311.06;7.39;378.53
1.26;1028.76;190.99;3.38;7.98
5.16;1007.94;232.9;11.09;1155.74
-4.34;1032.15;309.9;0.83;8.27
3.39;1031.98;290.53;5.88;8.25
-2.48;1030.63;356.07;6.1;208.31
1.92;998.55;252.62;16.62;1957.32
3.5;982.23;272.45;14.99;1973.7
6.48;1017.86;288.53;13.27;1808.8
5.31;1008.7;180.65;11.96;1357.02
6.82;1012.12;284.94;13.89;1886.62
5.1;1029.91;121.53;4.79;20.95
3.86;982.16;267.73;13.99;1905.52
4.08;1022.64;220.89;5.57;3.77
4.27;1022.5;188.05;5.91;133.19
4.83;1028.23;192.34;10.87;1067.28
2.56;1010.55;214.33;4.97;3.77
0.61;1015.68;140.22;6.52;3.53
4.61;1006.21;214.7;8.43;549.66
5.13;1027.91;186.48;9.61;790.57
6.35;1021.07;130.45;8.67;323.83
4.57;1025.31;266.6;6.02;156.88
3.08;1029.37;270.3;7.48;396.05
4.24;1026.37;248.41;1.84;7.25
5.19;1019.71;199.04;9.11;660.43
5.37;1028.69;240.31;4.9;44.68
6.74;989.74;252.67;15.25;2010.48
2.72;1031.75;276.26;11.26;1187.41
4.4;1027.76;212.16;6.88;294.01
4.41;1009.12;237.7;11.65;1286.09
4.12;1028.09;292.0;8.26;521.61
6.07;1027.06;297.87;6.16;173.72
4.46;1034.01;213.08;5.48;7.99
4.88;999.72;220.39;9.41;692.51
5.88;1029.83;181.12;10.27;944.65
2.71;1010.88;232.68;5.35;3.72
4.6;1024.85;229.63;6.52;246.5
1.74;995.84;326.77;6.07;7.36
1.88;1030.7;324.65;8.09;423.91
2.45;1033.21;282.81;3.67;8.57
3.24;1027.73;162.23;9.37;695.96
4.96;1029.62;170.12;9.44;665.81
-4.47;1001.05;316.03;1.42;7.63
1.75;1029.85;295.9;4.24;7.35
-2.05;996.75;338.34;13.92;1740.79
6.28;1017.5;209.01;9.88;832.23
5.23;1014.07;264.64;16.79;2019.36
6.47;1010.06;195.74;13.6;1838.78
5.65;1014.28;258.08;14.62;317.28
4.27;1027.31;296.22;8.43;498.98
1.39;1028.7;186.74;3.05;7.99
4.68;1008.62;232.4;10.08;920.6
1.06;1032.46;234.15;1.25;8.11
3.07;1007.22;305.91;11.77;240.95
4.17;1029.03;236.2;6.7;259.59
2.59;1010.87;227.88;5.06;3.73
4.75;995.51;205.43;19.3;2019.09
-0.07;1001.72;280.53;10.12;999.52
2.63;980.54;272.32;12.08;1396.59
5.74;1023.47;295.96;11.65;1541.4
0.62;1032.43;318.24;3.26;8.52
3.88;1035.49;342.52;3.73;8.75
3.5;1028.6;247.62;9.09;703.04
5.11;1024.09;230.72;11.25;1228.1
4.49;1014.78;313.98;2.13;4.23
5.54;1016.33;254.98;12.71;1646.19
4.15;1028.46;281.32;5.8;142.27
2.52;1010.33;267.93;4.86;3.63
3.97;1025.78;280.23;7.78;397.54
2.1;1029.9;327.88;4.86;32.87
2.55;1028.88;212.81;3.65;7.93
2.24;1032.45;259.38;4.6;8.5
4.42;1027.73;193.59;7.41;334.66
2.31;980.38;280.83;14.34;1797.39
5.46;1016.08;252.22;12.72;1634.45
2.96;1029.17;255.27;3.91;7.8
5.4;1028.46;159.03;8.72;538.18
4.27;1028.9;235.54;6.94;294.62
4.16;999.99;196.7;17.83;2020.54
1.97;990.02;328.69;12.93;1799.2
5.4;1009.07;249.37;13.39;1796.44
4.04;1030.85;109.72;3.84;7.18
3.02;999.82;246.05;17.15;1676.44
2.03;1032.86;317.8;6.17;192.99
-1.85;1001.93;285.48;10.25;1049.07
4.08;1014.35;231.09;18.04;2017.6
5.02;1023.62;231.27;9.65;775.32
5.98;1027.92;313.7;6.05;350.71
6.33;1017.53;210.04;9.99;874.19
4.27;1028.76;228.14;6.58;234.92
5.49;1015.89;245.73;12.39;1535.34
7.1;1034.54;258.04;4.56;8.24
4.92;999.34;221.64;8.83;598.51
6.08;1008.31;250.64;17.23;2014.87
3.11;1011.2;284.78;8.84;636.5
4.5;1028.34;225.18;5.07;7.2
4.98;1028.91;254.16;6.24;196.8
3.61;1026.39;273.39;8.1;490.5
3.79;1025.87;138.4;6.81;231.57
7.25;1019.44;304.07;17.53;2022.28
4.01;1014.48;231.13;17.58;2017.51
0.41;1000.29;326.23;14.49;1754.82
6.16;1017.59;207.97;9.8;846.62
8.25;1024.31;114.12;7.06;213.72
3.56;1029.17;231.58;6.49;219.37
-3.84;1000.7;351.14;1.44;7.35
2.35;981.24;295.3;15.72;1981.87
5.6;1022.58;297.67;9.95;808.59
-0.65;1031.99;255.04;0.61;8.22
5.88;1019.3;204.2;9.11;656.84
3.39;1030.39;260.77;5.78;8.38
5.77;1026.25;261.06;3.35;7.22
0.87;982.58;291.06;9.64;800.66
5.27;1010.43;264.49;8.98;635.57
2.32;1029.15;268.19;3.35;7.4
4.94;1018.78;226.4;18.06;2022.23
3.84;1025.25;216.93;6.83;264.37
4.06;1029.29;281.33;6.42;8.4
-4.52;1032.4;351.9;2.59;7.81
6.28;1021.74;306.74;14.06;1952.85
3.94;1021.55;186.19;5.94;3.87
2.62;1035.25;302.79;3.33;8.54
2.78;1033.82;193.05;6.99;299.09
4.95;1019.88;202.69;8.58;561.77
1.4;1027.83;137.69;5.38;66.31
4.73;1025.63;220.9;6.85;284.46
1.49;1031.61;302.96;5.94;151.48
3.87;1024.05;216.31;13.36;1803.34
2.68;1027.54;162.47;8.89;548.95
3.15;1031.43;176.46;8.33;525.46
7.97;1034.51;207.01;3.02;8.21
5.42;1023.38;301.45;13.4;1557.54
4.19;1025.92;146.1;6.92;230.85
5.53;1026.34;261.74;2.19;7.25
6.84;1015.53;209.81;17.85;2020.82
4.62;1024.0;231.78;9.66;791.65
5.03;1027.8;189.59;9.59;785.18
4.01;1021.92;182.7;6.51;240.9
3.65;1028.8;263.21;5.7;126.25
7.24;1028.49;326.77;5.89;169.75
5.05;1024.23;208.11;8.21;494.66
7.62;1034.41;241.51;3.26;8.25
4.09;1013.97;231.41;18.05;2019.47
5.03;998.55;260.54;20.73;1395.56
8.21;1026.57;173.85;6.48;171.45
1.42;1027.76;144.18;6.09;123.36
4.4;1025.23;211.82;13.13;1704.82
3.64;1006.75;208.81;12.11;1461.34
2.12;1029.62;309.59;6.4;232.66
3.75;1007.73;218.27;11.81;1342.83
6.22;1018.66;207.59;9.58;785.16
4.48;1027.79;212.46;6.16;176.08
5.9;1021.45;235.0;6.49;210.6
8.09;1026.72;171.39;6.51;175.81
1.54;1012.74;279.54;9.21;811.35
8.01;1034.44;204.28;2.74;8.2
2.94;1012.21;263.23;10.21;986.68
3.65;1009.61;258.92;6.14;3.64
2.86;1028.73;247.74;3.67;7.19
5.35;1029.68;190.46;9.06;663.76
1.92;1032.92;319.85;5.77;90.77
7.59;1018.36;303.52;19.83;2023.54
0.29;999.48;343.15;5.97;169.0
6.45;1026.45;296.56;7.32;400.98
5.82;1019.28;201.93;8.96;650.93
7.92;1034.67;228.17;4.18;8.2
3.06;1030.15;297.29;8.95;788.75
4.31;1007.57;169.08;6.59;3.73
1.68;1023.59;130.83;8.17;429.68
4.5;1010.19;266.44;9.17;713.82
3.49;1028.41;242.08;8.27;526.34
5.99;1029.88;198.97;6.98;257.56
-0.58;1032.15;269.68;1.26;8.28
3.0;1010.84;322.28;6.61;3.85
3.87;1026.66;273.74;6.71;8.4
3.26;1032.67;355.67;6.96;217.17
0.7;1031.81;341.02;6.87;267.35
4.57;1027.74;240.43;7.36;361.87
4.06;1008.01;262.87;6.96;3.56
3.27;1004.06;298.23;13.46;1932.29
2.04;1011.0;253.22;4.83;3.71
5.47;1020.59;209.82;9.72;813.25
1.45;1009.4;294.55;19.76;2027.89
4.08;1028.02;291.3;7.65;364.29
3.02;1029.82;257.45;5.25;81.46
3.83;1026.47;228.13;11.26;1237.11
4.37;997.24;199.95;19.08;2022.55
-2.6;1031.82;241.46;2.32;8.32
3.51;1028.47;245.07;8.41;548.94
5.91;1021.55;296.81;13.03;1683.27
2.57;1034.37;100.67;0.33;8.16
4.3;1030.02;185.45;10.63;1040.1
5.78;1018.63;210.64;9.69;780.48
0.76;1032.02;307.36;5.53;107.46
1.95;1023.74;125.5;7.48;340.74
4.36;1027.67;209.63;7.14;314.97
6.4;1021.49;132.24;7.73;362.57
3.79;1025.84;137.7;7.17;239.95
0.04;1003.92;330.43;5.45;106.92
5.06;1008.61;251.55;11.22;1140.99
5.77;1026.17;258.58;3.16;7.07
2.75;1003.84;296.97;14.02;1883.63
5.87;1014.08;268.24;15.48;122.89
6.35;1018.06;207.06;9.86;863.64
0.99;1031.41;340.77;7.42;330.46
1.71;1029.64;276.27;4.23;7.4
1.91;1029.49;278.23;4.14;6.7
3.32;1009.73;259.67;10.02;887.25
5.13;998.76;262.26;20.29;527.05
7.7;1016.91;298.41;17.49;680.8
3.04;1007.85;253.95;6.15;3.59
4.09;1016.74;228.4;17.44;369.19
5.58;1016.09;206.11;10.39;981.64
1.99;1030.03;316.6;4.59;9.0
5.02;1019.17;226.59;18.08;2019.8
2.99;1009.64;170.13;4.68;3.7
1.97;1030.59;318.99;7.09;288.74
0.37;999.13;340.1;6.04;159.75
2.42;1033.21;285.43;6.34;8.39
1.76;1033.09;304.91;6.7;274.47
1.74;1029.89;292.6;4.08;7.31
5.26;1011.7;316.46;4.06;3.73
1.94;1029.93;289.59;4.47;6.75
5.22;1027.86;184.11;9.99;877.33
4.82;1023.47;230.13;9.74;803.4
4.55;1023.85;254.26;7.49;376.39
-0.35;1028.62;173.31;4.33;8.05
0.87;1032.45;238.16;1.28;8.1
3.3;1027.67;276.03;6.6;246.53
6.25;1028.64;311.23;6.12;206.78
1.23;1027.95;141.31;5.52;65.02
3.66;1025.35;133.46;6.57;220.13
-3.87;1000.81;218.84;0.99;7.75
4.23;1025.65;126.85;5.94;138.15
4.13;1023.13;222.81;6.6;3.72
3.37;1011.58;260.28;8.49;580.8
2.5;1031.94;277.62;9.25;716.69
3.71;1032.73;358.76;5.84;143.25
5.14;1029.38;184.56;8.16;493.92
3.39;1027.36;213.56;7.3;354.6
5.68;1019.32;202.52;8.82;641.79
2.79;980.18;277.04;17.26;2014.81
3.1;1032.23;170.65;8.09;443.27
6.13;1027.79;222.1;5.57;102.64
4.1;1023.53;191.44;5.34;78.64
7.09;1028.27;228.88;7.1;309.32
5.41;1008.87;241.57;17.57;2014.51
4.32;1026.36;209.11;8.57;569.47
5.4;1028.85;188.72;9.26;720.01
3.74;1026.23;256.98;6.32;8.39
6.44;1025.86;291.66;5.38;108.56
5.58;1015.61;277.82;13.45;1841.96
4.47;1029.73;187.33;10.51;1008.38
2.67;1034.55;303.71;3.85;8.64
5.96;1014.03;212.78;15.87;2013.76
5.34;1023.33;229.76;10.78;1058.88
5.09;1009.94;266.04;10.82;1171.22
3.96;1029.64;170.17;9.8;798.02
6.41;1021.52;308.61;15.26;1960.26
5.93;1016.58;198.82;10.11;903.25
4.93;1024.95;222.3;6.58;239.62
5.45;1011.83;322.81;5.81;3.74
4.66;1029.0;290.56;4.77;8.5
0.82;1031.98;306.84;5.67;125.66
3.73;1028.91;241.82;6.51;234.9
5.53;1015.05;276.55;15.83;2014.29
3.61;1029.1;218.21;6.23;193.15
6.61;1022.98;270.45;7.33;341.52
0.6;1007.29;286.09;15.71;2009.61
0.59;1015.64;140.05;6.48;3.51
2.79;1010.7;253.92;6.36;3.66
2.75;1029.05;186.68;4.32;7.84
0.91;994.22;338.75;5.83;137.95
3.79;1032.39;351.61;5.05;7.9
3.01;1032.37;264.34;6.71;8.23
5.61;1015.39;188.17;9.28;728.2
5.09;1030.17;173.18;8.65;549.72
4.97;1029.98;124.66;5.36;35.11
-1.87;1030.39;359.11;7.16;298.67
3.92;1026.95;232.64;6.09;174.52
6.0;1020.43;291.53;13.5;1702.58
6.44;1009.84;268.19;15.8;2011.18
0.17;999.59;335.75;15.08;1892.66
3.63;1026.96;277.13;8.18;484.82
4.13;1023.08;222.52;6.51;3.69
5.29;1035.19;171.09;2.68;8.24
4.18;1024.57;219.65;6.22;154.87
4.87;1016.15;256.34;14.4;1979.09
4.69;1023.52;239.54;8.3;530.55
4.39;1028.28;214.79;6.23;169.65
-3.42;1032.21;257.24;2.03;8.1
3.24;1025.01;129.32;6.66;206.54
2.08;998.09;250.21;17.13;2015.26
7.46;1016.56;196.36;17.48;2018.94
2.35;1027.22;158.44;5.56;98.25
5.64;1019.23;219.75;9.9;837.15
3.97;1011.07;266.76;10.11;891.88
3.48;1009.79;249.56;8.77;645.69
4.44;1027.78;221.86;7.4;346.6
-0.58;995.58;324.91;12.62;1363.16
3.31;1012.77;275.92;10.09;911.29
6.9;1029.32;167.15;2.53;7.02
5.81;993.93;232.31;16.74;2016.87
5.04;1015.76;251.95;13.9;1932.51
6.51;992.11;250.41;15.2;2003.53
1.05;981.51;294.84;17.64;727.65
3.82;1035.49;341.43;4.34;8.71
3.77;1011.17;261.71;10.22;923.67
3.16;1029.75;321.66;5.26;73.18
5.15;1014.09;262.56;16.24;2015.14
-0.04;995.03;324.55;14.89;1976.73
6.61;989.5;249.93;14.25;1963.1
1.14;1031.01;332.32;7.89;425.49
1.82;1030.79;328.94;8.28;564.22
2.53;1028.94;190.61;3.81;7.88
4.67;1029.94;197.05;5.8;48.57
1.55;980.58;289.42;14.22;1832.5
1.52;1023.57;131.4;8.2;455.52
2.44;1030.72;258.26;9.21;705.14
2.96;1035.25;315.67;4.46;8.47
2.55;980.86;280.85;14.81;1965.8
7.22;1034.56;202.95;2.37;8.29
5.37;1015.97;269.75;12.53;1599.93
3.48;1029.66;253.48;6.33;149.72
6.11;1019.21;200.7;9.23;707.02
5.37;1008.94;251.36;12.0;1421.5
5.25;1028.07;177.28;8.0;470.0
4.36;1013.04;233.11;18.11;2020.19
2.72;997.65;280.57;11.96;1263.63
3.51;1004.48;299.73;13.54;1833.76
5.35;999.09;254.23;15.92;2010.36
-0.26;1000.46;344.26;8.35;432.9
5.97;1010.62;195.49;12.03;1376.94
4.67;1023.76;233.27;9.68;807.49
3.37;1027.05;276.11;4.98;35.81
2.56;1029.64;304.09;4.56;8.87
2.56;1003.92;300.84;14.96;1905.34
4.87;1029.89;180.03;10.06;875.52
4.68;1007.98;224.7;8.77;573.57
5.67;1030.05;102.7;5.72;104.78
2.6;1035.12;304.76;3.86;8.47
2.48;1032.34;347.86;6.17;139.36
4.55;1023.9;236.97;9.6;789.82
2.92;1029.12;241.33;3.87;7.78
0.2;1032.81;155.8;1.0;8.07
5.8;1028.04;142.68;4.96;20.02
2.7;1028.83;211.55;2.2;7.8
5.39;1029.4;103.53;5.15;53.12
3.48;1032.63;355.77;6.84;190.8
3.23;1027.62;274.4;6.25;181.39
5.45;1019.5;203.3;8.34;496.82
4.03;1026.45;121.29;2.52;8.03
4.81;1025.27;222.48;6.35;212.54
7.72;1034.65;231.76;3.73;8.27
4.18;1023.82;201.6;6.28;177.36
4.42;1019.8;207.2;9.29;717.67
5.39;1010.02;244.58;11.6;1280.77
4.81;1021.31;200.57;8.71;596.04
5.32;1008.73;250.31;11.22;1188.68
1.68;1029.82;288.67;3.95;7.44
4.49;996.8;202.13;19.09;2021.29
-3.82;1032.23;281.35;1.5;8.3
6.24;1008.46;258.55;16.33;2015.18
6.21;1019.06;291.53;15.5;1993.67
1.68;1033.05;305.03;5.58;135.92
1.79;1030.56;317.98;7.27;330.4
2.35;981.14;303.65;19.03;1426.03
1.51;984.67;304.34;13.47;1846.71
3.97;1005.08;199.57;14.59;1984.23
2.14;1029.23;268.1;3.24;7.42
4.85;1030.17;177.71;8.88;608.29
2.66;1010.33;270.52;5.39;3.67
3.39;1027.82;159.52;9.46;710.73
5.35;1028.12;136.98;5.72;115.32
-4.16;1032.23;289.57;1.4;8.27
5.29;1008.65;254.69;11.2;1213.78
3.61;1027.12;273.97;7.85;449.85
6.76;1022.65;266.49;7.19;342.47
1.25;1000.89;317.05;10.67;1232.6
2.81;1012.77;302.0;12.26;440.29
2.42;998.4;269.41;16.46;884.72
5.29;1019.98;275.51;6.89;3.89
1.53;1023.56;131.7;8.15;419.33
7.63;1034.36;198.95;2.56;8.21
2.02;991.89;322.13;13.76;1810.3
4.01;1025.75;281.18;7.61;388.1
4.64;1023.56;251.61;7.3;332.4
2.69;980.86;302.51;15.03;1885.18
1.94;986.22;306.48;16.68;2020.35
3.57;1030.9;291.82;5.42;8.31
2.96;1023.55;151.37;8.88;564.97
7.65;1015.0;297.47;18.07;2018.01
5.67;1034.46;271.72;3.96;8.3
2.34;1029.47;308.48;7.12;368.93
4.11;1026.74;230.28;6.93;297.99
4.93;1008.65;261.05;6.8;3.6
5.49;1015.63;201.72;9.95;865.81
6.58;1027.7;222.53;6.14;166.12
4.69;1025.47;225.24;6.45;217.18
8.32;1026.27;169.24;5.06;7.95
5.61;1013.15;207.97;15.47;2011.3
7.31;1028.11;173.93;10.94;1064.46
3.69;1009.64;248.53;9.96;849.32
4.86;1012.75;329.56;2.06;3.85
4.82;1029.86;181.45;9.69;796.12
5.18;1009.73;237.45;17.98;1590.56
4.72;1011.07;235.71;17.76;2019.97
3.78;1029.27;220.71;7.06;337.27
2.0;990.76;325.43;14.19;1870.39
-4.58;1032.38;352.35;2.68;7.85
5.45;993.22;223.35;16.79;2020.47
1.66;980.51;296.61;14.16;685.31
2.57;1033.54;298.56;4.13;8.48
5.49;998.31;235.97;10.31;948.6
3.5;1012.23;297.11;12.82;1543.74
4.32;1019.72;204.4;9.42;728.88
4.38;1029.88;186.86;10.77;1065.98
7.4;1034.43;201.38;2.53;8.28
5.17;1014.63;197.14;7.14;326.49
5.34;1023.71;233.88;9.75;490.15
2.9;1029.02;266.94;4.57;10.84
4.63;1008.64;233.53;10.75;1068.74
5.86;1023.72;307.99;13.15;1835.7
5.23;1020.21;219.92;9.59;758.25
-4.72;1032.5;358.1;3.38;7.74
4.3;1012.21;286.86;13.55;1728.39
5.34;1028.17;228.09;4.42;7.27
7.4;1028.48;179.49;9.61;777.25
4.54;1023.8;172.17;7.06;274.72
4.53;1019.74;204.69;9.25;715.57
1.9;995.97;306.59;5.44;63.5
4.45;1027.86;215.78;6.42;197.02
3.87;1025.75;271.17;8.51;542.8
5.71;1024.75;307.16;11.16;1218.37
-0.31;1032.51;316.63;6.09;155.67
7.77;1029.3;158.67;2.1;7.12
4.29;1023.33;224.33;6.02;3.73
1.27;1031.19;335.22;8.11;443.07
4.51;1025.17;212.32;6.93;281.29
5.02;1014.7;263.67;16.1;2015.26
3.98;1032.06;329.41;3.12;8.14
6.58;1024.58;285.59;7.61;391.48
5.63;1026.13;249.1;3.2;7.07
1.68;983.34;298.23;13.5;1570.53
4.9;1015.38;252.99;14.21;1920.17
5.91;1021.4;234.36;7.38;335.67
0.74;1028.38;179.2;4.76;8.13
5.79;1009.14;188.2;10.03;851.59
1.57;1023.52;134.01;8.71;540.19
2.6;1029.5;299.28;6.0;207.3
4.68;1023.53;249.65;8.75;612.81
5.47;1015.11;274.62;14.16;1971.01
5.78;1021.68;296.63;11.56;1183.58
4.01;1029.33;280.11;6.16;8.39
5.24;1024.28;304.01;11.4;1178.73
4.62;1023.52;241.32;9.71;797.15
5.59;1016.03;208.53;10.61;1019.41
4.43;1028.39;152.16;9.85;792.34
3.85;1026.36;119.17;1.94;7.86
3.24;1029.24;281.35;6.93;277.21
4.64;1029.61;164.01;9.08;710.01
5.26;1007.73;242.32;13.06;1739.32
4.41;1014.01;284.31;2.59;4.13
2.88;1010.77;234.72;5.76;3.63
2.73;1029.84;256.04;5.26;7.12
0.82;1014.77;143.0;6.71;3.46
3.41;1009.66;262.41;5.85;3.63
3.45;1026.51;274.44;8.27;512.14
3.61;1009.94;278.63;11.73;1260.58
4.48;1009.93;275.02;10.01;863.01
3.92;1026.35;123.36;1.52;7.7
4.69;1002.01;193.79;10.04;856.12
5.13;1019.69;227.08;17.29;2018.4
3.78;1005.99;203.37;13.35;1725.02
5.25;1028.14;178.3;8.22;499.41
2.55;1032.9;277.72;6.03;8.35
4.86;1015.24;258.03;14.54;1978.25
4.23;1023.66;160.49;7.49;304.84
5.46;1008.16;191.04;12.63;1519.27
6.45;1029.69;192.82;7.48;361.71
4.57;1015.62;278.91;15.67;2008.46
2.63;1028.99;265.58;4.8;6.94
5.45;1014.33;191.55;8.25;504.01
5.48;1034.19;263.77;3.23;7.82
0.14;1032.3;307.04;1.66;8.31
6.03;1008.34;249.11;17.11;2016.16
3.05;981.89;276.41;15.95;1969.57
0.41;1032.18;315.56;4.98;42.21
4.11;1026.43;153.66;5.06;7.47
1.48;1030.81;332.71;8.02;462.21
2.56;1032.64;287.37;7.65;464.1
6.66;1028.92;163.44;2.64;6.94
3.82;1032.36;357.59;4.59;7.83
4.12;1028.61;279.17;6.54;213.46
2.43;1010.75;222.56;5.4;3.68
2.7;1031.74;171.21;8.01;436.48
5.25;998.24;255.05;20.02;2022.25
5.46;1010.37;268.6;8.63;596.87
5.36;1028.54;229.81;5.34;42.84
0.8;1032.52;152.69;1.73;7.89
5.09;1023.66;172.37;7.6;291.52
-3.31;1031.04;355.21;5.73;158.15
5.46;1012.88;286.42;15.67;1978.13
4.37;1004.94;194.42;8.83;614.67
4.04;1016.16;230.77;17.66;2019.28
5.36;1009.22;251.16;12.73;1616.66
3.88;1026.05;210.96;11.81;1362.74
3.01;980.76;280.65;12.48;1590.51
2.6;1035.06;301.21;3.66;8.5
4.79;1035.32;173.88;1.45;8.31
5.45;1025.06;188.25;12.79;1533.65
0.2;1032.81;326.62;5.19;50.29
5.38;1028.59;313.7;8.81;562.38
4.27;1025.49;295.85;6.66;263.81
5.72;998.73;265.75;17.18;2016.17
1.23;1031.15;333.59;8.39;526.94
4.95;1030.19;174.1;8.84;583.24
6.6;1018.82;156.14;11.17;1080.64
3.22;1029.28;299.1;5.94;152.74
6.07;1019.85;204.43;8.38;496.69
0.64;1000.75;321.01;9.7;630.92
-4.27;1032.35;338.01;1.4;8.09
5.03;1035.28;172.14;2.6;8.27
7.83;1028.82;179.43;9.53;735.34
0.82;1016.27;139.91;6.48;3.64
5.18;1009.65;253.06;12.93;1747.84
4.97;998.8;227.23;7.85;406.28
2.97;1033.86;196.69;6.32;220.5
2.69;1031.81;274.85;12.06;1471.55
2.64;980.82;276.3;17.96;2022.7
2.16;1012.71;272.63;8.84;705.18
2.96;982.83;278.63;14.29;1823.88
5.23;1029.4;183.4;7.88;449.37
7.43;1028.1;228.8;6.86;259.38
3.87;1006.47;314.51;12.54;1397.71
2.71;1010.88;231.91;6.66;3.63
6.79;1011.88;284.45;13.97;1860.54
4.43;1025.37;209.19;12.8;1681.7
3.5;1030.08;268.95;5.91;8.35
3.03;1032.86;355.86;6.47;167.26
2.55;1034.43;281.84;3.38;8.78
3.88;1023.94;217.4;14.33;1933.62
4.21;1022.3;217.99;15.18;2008.89
2.07;991.05;326.67;14.58;1873.19
0.63;1032.63;172.34;1.73;7.91
4.78;1007.65;226.57;9.81;822.24
2.92;1011.32;268.82;12.74;1540.32
-3.35;1032.14;256.49;1.68;8.11
7.32;1029.65;188.25;2.27;7.54
5.48;1012.52;209.04;14.57;1982.77
3.07;1035.21;309.34;3.57;8.76
4.14;1023.74;166.41;7.38;317.01
-2.32;1002.31;286.64;7.07;321.65
3.68;1026.24;262.95;7.89;444.73
4.39;1022.58;186.75;6.15;172.74
5.17;1007.54;212.54;13.53;1817.2
4.49;1028.67;295.04;3.82;8.47
3.92;1027.89;267.95;6.71;8.54
-4.04;1000.82;355.35;2.92;7.26
2.06;1032.81;320.33;4.83;8.91
1.62;1023.53;133.59;8.59;521.6
3.38;1030.45;260.66;5.6;8.38
1.99;1033.13;291.68;7.19;379.17
5.42;1016.04;273.45;13.43;1813.18
4.02;1023.3;214.49;14.21;1956.15
-0.42;1028.62;167.46;3.92;7.98
5.03;1025.53;186.43;12.6;1558.92
2.79;1033.68;192.19;6.95;280.4
3.54;1009.03;156.37;4.74;3.73
4.14;1023.18;175.34;3.83;7.27
5.23;1028.29;235.44;4.66;7.42
2.5;1009.66;176.98;4.8;3.68
5.49;1016.35;254.79;12.93;1681.59
1.88;1030.63;322.11;8.29;483.14
4.85;999.86;220.62;8.83;571.87
4.21;1025.73;125.68;5.89;126.95
2.6;1010.55;266.0;5.41;3.64
4.77;1025.72;219.88;5.88;163.55
5.01;998.91;228.32;8.16;459.6
2.6;1030.59;271.53;9.85;862.34
4.23;1027.87;291.34;5.79;162.26
1.92;1023.68;126.86;8.23;412.83
4.46;1009.75;290.5;9.27;703.13
3.38;1031.53;273.7;6.88;8.23
5.16;1011.82;331.9;2.55;3.72
4.93;1027.98;200.25;7.78;442.94
4.73;1006.77;165.57;7.39;3.81
-0.15;1032.75;343.82;4.74;24.46
4.08;1023.07;218.29;6.4;3.71
4.41;1022.77;182.01;7.12;312.93
0.76;1032.07;307.91;5.72;133.39
3.91;1027.19;233.18;6.3;211.59
4.03;1026.56;139.52;3.98;7.95
5.25;1008.65;179.6;11.71;1311.15
8.94;1024.74;117.24;6.41;152.65
3.97;1032.33;343.48;3.96;8.03
2.94;1003.86;321.31;13.02;1584.69
0.31;1032.8;102.66;0.32;8.08
4.83;1035.3;187.98;1.02;8.16
2.58;998.19;274.34;14.79;1951.79
2.14;986.86;302.59;16.98;2006.38
5.6;1016.67;257.16;13.01;1684.11
6.92;1012.6;285.19;14.73;1946.43
4.28;1029.14;206.35;4.16;7.25
3.16;1029.37;270.77;7.13;320.13
5.35;997.88;244.85;9.25;694.53
4.7;1025.4;271.7;5.06;73.99
5.15;1034.15;229.01;2.23;7.79
3.9;1021.52;191.23;7.68;418.29
2.26;1027.72;141.14;5.51;74.58
8.96;1025.59;138.58;4.32;7.21
1.36;1032.63;314.58;5.25;8.39
4.96;1010.33;267.05;9.4;795.35
1.34;1030.8;334.51;8.32;506.55
3.49;1030.98;286.92;5.1;8.22
0.2;994.85;324.41;17.47;2017.64
4.83;1010.48;238.43;17.83;2020.4
-0.37;1028.43;161.05;3.59;7.85
4.25;1029.15;203.08;3.95;7.32
3.48;1029.63;256.68;7.56;377.56
2.97;1011.27;278.7;7.93;454.95
5.39;984.58;238.01;15.17;1996.47
4.95;1025.44;260.92;4.85;6.94
4.39;1024.97;218.55;7.44;342.29
4.56;1028.5;225.01;4.4;7.23
4.51;1026.07;289.0;6.52;271.87
4.66;1023.31;237.83;10.59;1065.44
4.03;1021.76;196.13;6.47;3.83
5.12;1012.05;333.73;2.62;3.78
4.39;1027.75;213.9;7.22;298.75
4.53;1023.62;242.55;8.22;495.31
2.35;987.33;316.13;14.47;729.44
4.62;1033.95;207.94;4.84;8.04
6.15;1023.53;301.8;12.95;1613.93
6.55;988.99;250.05;14.65;1211.15
3.26;1012.82;280.94;10.46;1076.76
2.76;1029.1;241.47;3.48;7.72
4.02;1023.09;214.02;14.17;1990.74
5.2;998.36;254.74;19.79;2030.17
4.73;1034.08;214.9;3.93;8.04
3.74;1028.62;275.89;5.75;95.93
5.54;984.14;238.66;14.37;1949.4
4.17;1001.5;198.69;17.2;2018.2
5.2;1024.06;196.71;8.7;114.72
5.51;1010.59;212.03;14.48;1973.88
4.89;1030.02;180.06;8.39;498.43
6.45;1017.01;204.86;10.9;1151.88
6.47;1021.42;129.1;8.07;424.32
5.17;1028.36;209.89;4.9;48.98
4.42;1005.35;201.02;9.01;630.01
4.69;1021.13;222.83;16.1;2010.71
1.16;1031.31;337.08;7.04;318.76
3.24;1034.99;305.31;3.6;8.4
-1.83;1031.73;240.14;2.22;8.28
3.99;1025.77;280.67;8.11;435.5
2.66;1031.99;279.25;9.01;674.09
3.82;1032.55;356.3;4.92;14.41
4.29;1029.18;288.28;5.44;8.48
4.43;1025.41;210.59;13.01;1733.17
4.34;1007.49;168.73;6.52;3.72
4.61;1027.88;198.76;7.07;362.01
5.32;1029.65;119.85;5.18;56.56
4.0;1028.09;293.09;8.1;448.68
7.59;1034.42;214.85;2.43;8.15
5.44;999.07;255.88;17.78;2023.05
3.29;1030.27;311.32;8.35;550.61
2.53;1031.9;277.8;9.6;796.98
4.62;1023.91;234.46;9.92;879.67
3.6;981.42;265.57;14.12;1913.31
2.37;1027.49;163.97;7.49;334.11
4.85;995.13;208.25;19.36;2022.05
3.19;1028.92;271.79;5.83;176.28
4.02;1004.55;198.67;15.2;1998.38
0.06;999.82;354.92;7.25;256.59
4.6;1023.43;238.39;10.09;909.78
3.7;980.24;261.81;17.07;2018.31
4.75;1029.8;188.0;9.7;815.8
3.19;1013.08;288.38;15.5;1667.37
5.74;998.48;267.73;17.05;2017.23
3.89;1035.55;326.26;5.13;8.47
1.88;991.75;322.94;13.06;1495.65
5.9;1020.1;209.14;7.46;369.94
6.41;1029.66;192.51;8.61;544.31
0.96;1031.87;307.54;5.46;108.41
3.22;1029.09;267.91;5.53;114.55
3.93;1031.02;114.85;5.17;7.29
3.96;1014.97;231.05;17.0;2016.59
4.52;1024.96;264.79;6.63;234.41
6.35;1009.32;266.43;16.38;2015.38
6.17;1028.08;183.65;6.45;186.86
5.19;1029.34;184.85;8.38;524.28
4.21;1028.87;225.46;7.2;321.64
4.51;1023.48;230.81;6.77;3.65
3.63;1012.56;285.29;10.46;1105.36
3.3;1007.19;308.85;11.75;1424.92
0.07;1032.86;330.03;5.78;112.64
3.89;1027.82;271.33;6.8;8.54
7.14;1015.53;199.52;17.16;2015.68
4.22;1026.38;212.32;4.67;7.05
1.92;1032.84;318.95;5.23;67.66
3.68;1010.4;233.82;9.4;771.92
4.4;1028.15;242.57;7.35;337.18
4.88;1014.84;278.27;15.24;2010.77
0.4;1028.46;180.27;4.3;8.12
4.2;1028.99;234.68;7.16;324.68
4.23;1009.94;277.85;7.78;460.74
2.6;1029.85;321.33;4.95;45.79
5.8;1013.84;211.59;15.02;2006.07
6.18;1014.21;275.72;16.26;298.87
2.29;981.64;277.57;12.52;1477.99
3.84;1009.57;256.59;6.35;3.66
3.87;1028.04;293.82;7.4;305.48
5.71;1019.61;216.85;8.53;545.04
5.47;985.25;250.21;14.21;1937.4
2.2;997.36;307.77;8.39;210.81
5.85;1020.29;207.35;7.29;326.09
5.66;1019.11;215.6;10.71;965.38
2.71;1031.74;155.77;4.11;7.71
-0.1;1032.82;334.85;6.03;141.75
5.63;1025.93;251.66;4.66;6.67
1.25;984.17;290.75;15.93;2010.39
4.88;1027.66;183.14;12.36;1510.01
5.98;998.27;258.39;15.52;2008.33
4.4;1029.03;322.91;5.43;76.39
3.59;1005.83;305.94;13.44;1930.63
4.55;1028.62;186.14;4.21;7.06
2.94;1029.91;266.22;5.56;126.82
4.19;998.68;194.58;18.43;2018.53
4.07;1023.5;216.79;14.45;1987.97
5.98;997.71;262.68;16.75;2015.76
1.97;1029.48;277.34;4.54;7.23
4.09;1025.71;281.39;7.51;365.68
3.37;1035.19;310.79;4.36;8.31
6.34;1009.41;197.49;12.85;1615.23
4.53;1028.11;207.8;6.0;149.42
4.55;1023.85;236.14;9.99;883.53
5.34;1028.93;188.6;9.08;679.88
3.61;1009.65;268.15;8.82;691.72
4.04;1014.53;230.91;17.62;2020.83
3.56;1032.08;325.69;4.03;8.2
5.61;1028.54;314.37;8.65;522.78
2.11;1031.92;175.25;3.37;7.68
4.1;1025.26;216.36;7.22;339.76
3.06;1032.4;274.79;6.66;8.28
3.23;982.06;280.13;14.12;1796.68
5.73;1013.59;208.29;15.17;2009.7
4.06;1026.12;128.0;5.85;8.66
2.7;1023.55;146.67;8.95;515.79
2.73;1010.76;255.83;6.31;3.64
4.23;1027.91;286.89;6.03;165.24
2.63;1011.07;253.81;5.99;3.69
2.12;1010.3;208.28;5.19;3.73
4.29;1001.79;322.01;17.45;1681.9
5.11;1025.43;186.73;12.94;1628.58
2.04;1032.85;316.53;5.93;154.6
7.59;1016.35;295.47;12.85;1541.56
5.09;1028.7;235.89;6.75;256.37
2.31;1029.47;308.77;6.93;320.02
1.8;1031.47;302.42;5.81;139.74
5.52;1008.74;240.31;18.05;2022.3
1.75;1029.92;308.63;7.64;487.95
5.38;1028.52;153.98;9.48;677.4
3.56;1029.41;165.38;8.99;566.09
3.93;1025.55;294.84;7.0;302.91
-3.33;1032.15;256.92;2.23;8.21
7.36;1028.52;180.26;10.28;903.61
5.28;1007.9;242.65;11.41;1256.12
4.56;1028.52;234.08;4.72;16.38
4.82;1025.39;234.5;6.57;238.31
6.35;992.06;252.11;15.03;2001.83
6.89;1029.52;180.02;9.4;730.14
4.65;1027.82;196.5;7.73;425.92
3.65;1026.97;277.75;7.63;382.49
4.56;1023.59;237.4;6.81;3.69
3.13;1023.58;152.06;9.26;559.11
-2.06;1031.8;244.96;2.34;8.26
4.79;1007.17;227.46;10.7;1000.77
5.82;1024.84;189.55;12.91;1666.82
0.56;1006.31;292.13;19.53;2027.22
5.76;986.93;242.66;13.82;1798.75
6.29;1018.55;208.5;9.51;747.6
4.69;1000.49;210.55;9.02;667.55
2.58;1031.45;269.3;10.14;943.5
6.12;1008.4;247.61;17.96;2017.73
3.61;1026.81;283.36;5.5;106.57
5.23;1020.22;227.28;16.67;2020.24
0.35;999.3;341.6;6.05;139.86
3.44;1027.34;257.59;2.79;7.34
3.01;1029.35;297.72;6.53;246.17
4.71;1010.84;279.09;12.88;1672.82
4.91;1009.66;272.78;11.02;1110.37
4.68;1000.79;209.53;9.71;773.92
2.76;980.98;302.7;10.79;1193.46
6.34;1029.73;181.52;9.73;818.16
4.38;1028.69;237.77;5.81;146.16
4.26;1017.92;227.88;17.76;2017.82
5.57;1014.33;251.72;13.44;1059.9
4.77;1030.1;178.46;9.21;682.47
5.9;986.36;247.55;15.04;2004.41
3.88;1024.53;216.88;12.96;1700.52
4.91;1015.17;200.52;5.86;158.69
7.89;1023.78;111.61;7.72;343.51
6.42;1026.23;295.97;6.43;252.47
3.4;1027.73;278.92;7.94;470.98
4.99;1008.55;261.35;6.56;3.62
-0.11;1032.57;152.44;2.04;8.09
5.04;1015.3;191.99;5.69;143.04
3.64;1028.81;252.83;8.34;547.07
3.25;980.55;296.22;11.95;1589.57
7.48;1027.7;309.92;6.59;251.72
3.05;1035.18;307.08;3.23;8.74
4.6;1024.03;232.33;9.57;813.84
4.25;1029.11;200.79;5.96;7.26
4.9;1028.63;195.3;11.08;1182.54
2.53;980.03;277.75;14.76;1960.03
4.54;1016.62;268.22;14.07;1974.68
2.65;1010.73;234.57;6.14;3.67
7.69;1018.42;195.25;17.28;669.36
5.41;1014.91;273.79;15.69;2013.06
5.28;1023.4;229.82;9.79;792.33
2.7;1006.89;306.93;10.54;1029.14
2.64;1034.6;317.82;3.01;8.56
0.67;1016.68;141.52;6.81;3.62
3.92;1026.52;133.55;4.15;7.64
3.77;1025.96;286.47;7.28;368.7
4.85;1009.69;241.15;9.94;885.96
6.02;1029.94;199.85;6.2;173.05
5.46;1029.52;178.72;10.36;908.5
4.0;1008.35;166.59;5.54;3.72
1.09;1001.53;283.28;13.45;1771.93
5.15;1023.8;180.8;8.22;531.05
4.75;1006.61;220.85;10.41;976.09
3.65;1029.05;248.88;5.7;124.73
4.4;1007.97;246.95;9.89;861.8
4.53;1028.36;151.69;10.12;853.58
3.35;1029.37;164.33;8.28;459.98
0.8;998.07;286.7;16.26;1645.2
2.2;1009.76;197.82;5.48;3.69
6.42;1008.73;263.17;17.0;2015.37
3.78;1035.63;340.11;5.13;8.56
5.45;1016.75;266.32;11.89;1403.93
4.89;1028.74;196.25;11.17;1219.16
1.79;1033.08;301.48;6.46;226.65
2.73;1029.08;184.41;5.13;7.93
4.04;1022.32;216.66;5.38;3.8
5.09;1009.45;250.66;12.45;1534.63
5.64;1012.32;209.76;15.42;2013.08
5.68;1015.61;206.4;10.01;883.52
5.49;1029.63;191.48;8.96;647.56
6.15;1014.46;209.49;15.54;2007.84
2.19;1032.81;284.03;6.97;252.13
4.12;1017.45;228.32;17.41;2018.61
4.38;1024.33;256.65;6.47;215.71
5.91;1034.35;280.27;5.39;8.12
5.58;1027.95;219.41;5.34;19.04
3.9;1022.98;235.85;4.91;3.69
6.28;1018.75;205.98;9.92;845.19
5.8;1013.66;208.69;10.8;1076.93
5.58;1028.65;192.28;8.58;600.09
2.01;1030.0;281.24;5.35;6.65
6.08;1008.38;248.96;18.0;2019.13
4.95;1023.6;230.34;9.6;790.25
4.02;1016.15;228.95;17.14;2015.09
1.76;1029.97;305.1;8.19;453.57
4.06;1011.0;269.94;10.28;930.27
4.33;1030.57;116.46;3.92;7.03
6.22;1017.49;207.5;9.38;764.9
4.24;1029.18;201.37;4.47;7.23
2.91;1012.76;271.81;12.81;1673.59
4.25;1028.84;212.8;4.65;7.19
7.34;1028.21;231.21;5.72;137.2
4.51;1028.13;290.07;5.76;185.94
3.91;1029.68;170.59;9.73;825.82
4.17;1026.71;230.97;6.89;302.19
6.29;1008.4;258.02;16.48;2016.4
4.37;1019.83;205.83;8.16;500.74
5.52;998.03;244.71;10.31;960.73
4.85;1026.28;311.1;8.51;566.06
5.63;1014.25;254.52;14.31;1062.22
3.93;1026.21;210.01;11.08;1149.8
1.32;1030.88;333.47;8.1;464.66
4.37;1028.51;254.97;5.93;154.24
4.22;998.15;195.38;19.22;2023.07
3.66;1029.44;226.62;7.42;381.29
5.31;1029.17;182.72;8.48;555.83
2.5;1009.71;156.97;4.42;3.73
3.01;980.3;285.56;13.94;1761.4
-0.05;1032.86;331.22;6.07;149.26
3.49;1026.52;271.44;7.77;419.85
5.99;1019.87;290.55;6.21;3.89
2.58;1011.0;245.86;6.68;3.67
2.69;1011.07;261.36;6.34;3.67
5.25;1025.13;305.56;9.35;892.46
4.35;1025.55;209.71;12.24;1451.46
4.64;1029.2;288.41;5.41;8.43
4.8;1027.31;178.27;11.6;1296.95
6.79;1019.01;153.34;12.18;1317.43
5.0;1027.89;193.73;8.86;629.67
4.92;1015.07;212.0;5.35;101.78
4.96;1029.02;314.49;8.83;594.11
2.8;980.73;259.68;17.34;2017.56
3.47;1035.12;310.23;4.73;8.28
4.61;1024.92;227.89;6.9;293.47
3.67;1031.28;124.45;3.66;7.38
5.46;1016.41;269.15;12.73;1673.07
4.12;1029.31;283.11;6.04;8.38
5.48;1025.71;264.48;4.12;6.79
7.02;1021.93;125.77;9.65;805.28
3.28;1035.08;312.15;2.91;8.35
2.48;1029.04;182.08;5.06;7.72
5.49;1027.93;207.52;5.36;7.69
3.3;980.47;288.13;14.65;1961.89
2.92;1009.99;268.28;5.41;3.62
3.66;1029.21;219.68;7.16;339.17
4.84;1025.59;218.19;7.8;435.37
4.14;1025.88;135.48;6.17;154.83
3.5;981.81;276.21;17.68;2013.04
0.19;1032.63;152.33;1.22;7.85
5.74;998.91;265.31;16.97;2015.4
-0.18;998.77;319.34;14.39;1845.22
3.88;1030.69;185.01;10.38;967.63
4.12;1028.32;154.81;10.06;803.97
4.72;1016.23;258.64;15.16;2001.36
2.35;1029.49;309.39;6.96;293.85
4.54;1028.22;212.06;6.03;51.14
5.66;999.18;243.33;12.91;1690.15
4.03;1030.98;115.95;4.69;5.59
4.7;1023.44;250.0;7.85;430.82
2.74;1010.82;229.77;6.09;3.7
0.45;1004.16;336.31;4.54;34.82
5.34;1015.38;243.67;12.76;183.85
3.27;1029.53;258.71;4.25;11.62
5.71;1019.62;216.93;8.58;557.0
5.18;1029.74;175.72;8.94;619.77
1.45;1032.79;324.55;5.58;103.2
3.86;981.47;271.13;15.61;1970.04
1.59;984.92;300.55;14.03;1804.18
3.09;1033.91;197.57;6.46;196.74
4.64;1008.41;225.29;9.74;771.09
2.98;1032.8;354.24;7.01;228.42
3.61;1026.32;266.58;7.78;421.64
4.33;1028.51;255.31;5.91;152.12
3.86;1026.74;277.65;6.99;8.47
4.13;1027.28;282.17;5.58;8.46
1.3;982.65;291.91;10.98;1145.16
2.45;1011.07;246.31;4.39;3.7
6.18;1018.82;203.53;9.87;851.59
5.37;999.07;252.64;15.81;2010.81
6.13;1017.98;204.97;10.11;913.43
5.06;994.17;211.45;19.32;2022.97
1.97;980.73;304.46;11.95;1391.65
2.58;1034.82;304.6;3.28;8.65
0.3;1028.53;174.63;4.12;8.09
3.76;1028.1;161.27;10.05;831.56
4.43;1028.92;321.94;5.26;79.6
4.4;1028.52;250.31;5.37;82.25
4.59;1001.6;201.71;9.49;734.55
5.15;1008.46;265.54;6.54;3.45
4.57;1023.89;234.19;9.65;795.25
4.38;1019.89;202.25;8.23;518.98
-0.33;1028.59;175.24;4.11;8.03
4.46;1028.67;322.26;5.62;106.96
5.2;1019.88;227.63;17.48;2018.14
4.74;1007.51;226.33;10.43;987.16
6.5;1027.93;187.43;6.35;192.2
-1.31;1031.91;243.84;0.84;8.2
7.45;1028.85;178.54;10.08;861.53
1.96;1010.29;198.73;5.94;3.72
5.38;1014.17;265.45;16.98;2013.63
5.99;992.69;234.52;17.78;2019.85
5.65;1015.96;206.73;10.18;933.31
2.1;1011.03;258.93;3.44;3.69
2.95;1007.04;303.8;10.41;931.88
3.29;1027.04;280.03;4.75;2.77
2.62;1034.97;229.26;1.91;8.14
5.47;1010.26;213.54;14.24;1948.02
6.54;1016.89;207.42;11.37;1207.29
4.18;1026.54;230.35;2.32;7.07
3.78;1027.13;230.1;10.62;1026.37
3.29;1030.62;261.69;5.18;8.38
4.1;1023.45;188.01;5.24;85.91
2.74;1031.87;277.34;9.95;861.65
2.78;1009.72;277.45;8.04;121.93
5.24;1028.38;213.23;4.39;16.63
5.26;1008.38;182.48;12.25;1456.83
3.67;1029.93;199.34;3.89;6.8
6.78;1028.54;157.02;2.94;6.97
4.83;1030.11;181.76;7.97;430.78
5.05;1014.46;262.79;15.95;2013.28
-2.48;1030.47;354.28;6.21;201.57
6.21;1008.49;259.79;15.8;2014.47
2.63;1028.92;263.01;4.99;6.78
4.64;1001.9;197.29;9.56;768.46
6.4;1010.38;273.53;16.08;2015.19
7.67;1017.36;298.51;17.75;1466.81
2.74;997.88;282.27;11.24;1067.71
3.14;1029.69;255.25;4.64;7.21
4.47;1019.82;205.9;9.42;747.35
2.54;1032.55;265.78;5.75;8.31
4.12;1023.6;194.21;5.93;135.35
2.9;1032.23;171.18;7.66;382.91
2.16;1030.3;313.59;8.5;559.04
4.73;1027.82;197.47;7.0;339.39
5.04;1034.11;215.61;2.38;8.02
0.0;1032.53;139.77;0.93;8.08
2.68;1029.14;199.4;4.14;7.75
3.81;1027.96;294.89;6.49;265.35
3.39;1012.85;275.62;10.67;1176.53
5.6;992.73;227.83;16.23;1995.35
4.59;1025.87;179.72;12.01;1427.13
1.3;1031.69;302.06;5.19;89.84
7.2;1013.03;290.7;16.14;2004.9
4.57;1023.57;250.21;7.33;326.15
1.82;1007.35;310.78;9.63;351.03
1.71;1029.81;286.3;4.03;7.39
5.3;1028.27;183.07;8.54;549.95
5.54;1030.11;210.03;4.69;7.1
2.38;1028.77;192.42;2.23;8.01
6.05;1018.86;201.96;10.5;962.48
7.7;1018.19;194.27;17.49;2016.54
4.87;1023.67;234.37;9.39;752.02
0.52;1015.57;137.84;6.57;3.54
7.26;1028.21;174.92;10.64;1008.14
-0.11;1032.26;284.84;1.59;8.35
2.75;981.15;280.82;15.31;1900.55
2.73;1029.07;178.43;4.67;7.76
0.87;1032.79;326.49;5.0;18.92
3.91;1028.5;284.91;4.48;8.6
4.14;1028.95;228.44;7.37;350.6
2.76;999.98;251.69;19.4;1913.35
3.34;1029.36;305.43;3.99;6.83
-0.02;999.99;323.6;12.14;1610.49
3.88;1025.95;264.16;9.33;724.91
6.1;988.52;262.37;13.86;1888.81
4.97;1021.22;199.63;8.26;519.98
2.63;1010.93;237.55;6.32;3.67
4.34;1010.12;280.64;9.18;747.96
2.79;1010.76;296.59;16.37;2022.26
2.2;1010.25;199.13;5.54;3.75
0.68;1031.99;305.25;5.68;134.27
3.81;1028.3;287.39;6.66;268.61
1.92;1010.16;204.73;5.39;3.74
5.64;1011.72;214.76;15.61;2002.24
4.55;1023.7;237.47;9.36;733.42
6.4;1023.93;281.66;6.87;259.68
2.76;1010.81;256.99;6.08;3.67
4.46;1005.56;205.06;9.31;692.37
5.42;1029.69;193.38;8.73;602.59
5.6;1014.25;195.22;8.42;519.46
3.45;1030.26;266.44;5.9;8.35
6.04;1016.72;202.51;9.68;833.04
4.43;1030.68;110.33;2.89;6.98
2.54;1011.11;261.06;6.34;3.67
3.15;1026.94;172.06;6.91;237.88
2.59;1029.47;296.82;6.51;258.23
-2.34;1001.94;282.37;7.12;305.34
3.35;1006.96;318.95;11.79;1488.27
5.12;1025.34;258.36;4.97;6.42
3.94;1029.13;220.38;6.39;221.7
5.3;1028.31;287.82;7.53;337.29
4.35;1013.26;286.38;1.71;3.95
7.45;1014.55;291.73;17.2;2018.52
4.71;1006.88;161.48;6.51;3.74
3.19;1029.39;174.84;8.38;480.26
4.8;1026.1;310.31;8.43;610.81
5.62;1011.94;212.41;14.93;1999.1
5.36;1009.97;222.62;12.88;1655.95
6.28;1018.3;178.52;11.42;1137.49
2.37;1029.1;183.81;5.19;7.64
-4.55;1002.24;272.81;3.32;7.55
3.55;1029.39;268.76;6.89;290.31
3.16;1029.43;172.57;7.2;297.72
2.44;1004.05;304.0;14.2;1951.01
0.59;1000.41;326.72;13.94;1711.41
4.85;1029.69;189.97;9.98;850.91
2.5;982.88;287.36;13.71;1731.54
4.47;1028.61;321.98;5.78;120.69
5.51;1028.38;222.02;4.83;6.04
6.53;1021.68;131.91;9.05;561.42
3.39;1004.53;296.69;13.02;1885.48
2.25;1032.34;346.89;6.78;174.34
5.46;1016.63;273.64;12.31;1551.49
6.3;1017.44;209.1;10.27;972.58
2.1;989.09;319.56;15.83;1502.87
4.12;1026.5;139.32;4.23;5.25
3.27;981.01;268.02;16.8;2015.84
2.59;1033.47;288.87;4.45;8.47
2.36;1011.11;306.25;6.4;3.93
4.52;1026.5;228.43;6.02;172.02
4.17;1025.9;151.17;8.05;449.43
4.45;1029.19;287.3;5.6;8.48
6.24;1029.78;110.52;4.85;7.13
3.04;1010.77;232.05;4.75;3.66
5.02;1023.55;168.74;8.05;403.19
3.68;1028.98;249.8;6.73;270.15
3.69;1035.51;333.07;4.73;8.69
2.71;1024.8;132.42;7.35;298.52
6.28;1009.23;193.5;12.95;1745.55
0.86;980.88;290.79;14.35;1893.44
5.51;1025.9;259.79;4.54;6.59
1.83;1033.01;297.0;7.09;317.46
-0.17;1032.81;161.08;1.81;8.09
5.82;1021.35;290.61;12.8;1685.21
3.62;1028.99;280.91;6.69;233.5
5.4;1028.61;149.74;9.34;617.86
4.34;1029.16;320.24;5.0;48.4
4.35;1026.74;308.11;8.02;501.76
3.57;1029.45;230.2;7.88;427.6
-3.97;1032.2;285.24;1.29;8.3
7.34;1028.27;326.66;6.3;141.68
3.63;1027.73;235.9;9.0;642.39
6.06;1019.79;286.4;6.17;3.9
6.97;1020.21;303.66;17.99;1765.59
3.42;1034.92;230.33;3.09;8.12
-0.55;1032.61;319.85;5.29;7.54
4.96;1028.0;190.42;4.29;8.1
1.87;982.77;292.53;13.16;1717.29
3.55;1026.89;214.14;9.45;743.59
4.68;1030.34;124.01;4.7;9.08
4.28;1024.17;211.24;6.31;211.99
2.58;1011.16;264.24;5.88;3.65
2.07;1033.02;295.96;6.89;286.83
1.41;983.22;299.45;17.04;2018.82
5.87;1024.41;309.29;11.98;1523.37
2.6;1032.38;260.76;6.28;8.23
5.04;1025.35;260.32;5.22;6.53
-0.2;1028.62;173.94;4.22;8.07
5.83;999.81;246.6;11.64;1280.62
4.76;1029.79;184.27;9.79;794.1
4.87;1008.93;261.33;7.01;3.61
-1.52;1031.84;240.88;1.82;8.33
1.83;980.94;287.9;16.48;1951.37
3.06;1008.01;270.17;6.98;3.47
3.83;1025.87;287.01;7.42;347.75
1.99;992.73;313.19;15.31;1883.34
6.35;1018.48;291.06;15.05;1981.9
4.54;1026.14;222.46;7.72;409.03
4.52;1029.65;187.06;10.35;973.58
5.18;1023.72;180.86;7.28;341.5
1.39;984.35;297.83;13.23;1590.84
3.3;1011.28;272.62;8.48;556.74
3.32;1009.26;163.94;4.99;3.72
4.36;1023.7;250.22;7.44;350.76
2.43;1027.58;162.32;7.63;364.86
5.17;993.63;213.13;18.55;2017.03
4.12;1025.99;141.42;6.1;127.33
5.36;1028.48;225.1;5.24;82.01
3.44;1005.26;308.45;14.63;1995.83
4.51;1028.01;209.66;6.37;202.48
5.34;1029.61;176.34;10.04;852.0
5.2;1011.67;319.58;6.53;3.56
5.43;1009.24;252.72;13.08;1713.64
6.41;1018.61;158.5;10.87;989.75
5.99;1029.8;201.18;7.17;292.66
4.4;1027.72;222.54;4.86;31.9
4.23;1027.16;300.08;7.77;417.1
2.89;1029.89;272.86;5.55;99.89
3.14;1027.7;215.81;6.34;164.34
5.44;1016.47;266.77;12.68;1623.09
2.42;1029.11;189.71;6.07;122.48
5.19;1028.75;252.54;6.06;183.65
3.75;1008.16;220.6;12.15;1454.34
3.95;1031.03;116.38;4.89;7.36
4.26;1028.61;205.79;4.42;7.21
4.26;1010.04;265.49;10.86;1122.55
4.75;1023.63;171.43;7.51;379.38
4.55;1024.7;217.54;11.9;310.56
5.25;1020.01;226.56;17.15;2016.72
4.58;982.98;278.96;14.3;1794.08
1.77;998.11;245.1;15.26;1994.43
3.73;1026.07;284.83;6.88;252.99
3.36;1029.55;256.56;4.21;6.08
4.78;1029.8;187.86;9.68;823.41
2.87;1028.94;221.79;3.06;7.73
3.8;1025.2;213.75;6.92;281.33
5.25;984.78;238.43;14.43;1949.93
5.88;998.48;261.25;15.02;2007.32
4.26;1029.12;307.63;4.83;6.74
4.92;1012.32;330.98;3.56;3.79
3.31;1029.99;204.03;3.27;7.16
2.07;991.35;323.48;14.08;1834.6
6.71;1029.63;116.44;5.38;80.5
4.41;1027.77;210.52;6.81;269.35
6.74;1018.91;153.93;12.16;1343.12
4.22;1023.19;221.91;6.33;3.75
5.67;1015.73;208.36;9.71;809.3
-2.03;997.17;330.05;9.81;786.41
1.73;1033.01;296.88;6.55;263.99
4.39;1012.75;233.56;18.07;2019.07
4.35;1030.61;123.91;3.26;7.03
5.47;1014.92;275.57;15.15;2005.96
4.37;1024.71;219.32;6.3;197.79
2.89;1029.32;294.16;6.92;249.63
2.2;1032.75;315.1;5.45;130.25
5.33;1028.94;186.27;9.17;681.64
7.56;1022.76;116.65;9.61;663.86
4.69;1023.19;234.7;7.43;363.42
4.87;1028.26;148.86;10.24;849.28
6.99;1028.11;314.17;7.13;260.57
5.29;1027.03;291.94;8.4;267.5
3.96;1026.88;226.56;5.78;143.33
5.08;999.08;257.09;17.79;2018.66
6.49;1018.65;157.46;10.49;928.08
7.35;1028.38;174.58;10.08;873.94
6.25;992.87;243.09;16.62;2013.58
-3.4;1002.37;276.55;4.78;7.58
-3.19;1031.19;358.67;6.55;260.43
5.28;998.17;242.56;9.06;657.35
1.2;1032.26;342.11;6.19;178.61
5.22;1020.35;218.43;9.35;749.61
7.52;1029.48;185.41;1.92;7.74
5.09;1009.64;250.88;12.59;1566.47
2.52;1034.41;311.45;3.45;8.56
-3.5;999.07;144.24;4.27;7.9
5.55;1019.49;219.79;7.8;391.17
-4.0;1000.61;210.46;0.75;7.77
6.58;1022.16;252.07;6.65;226.66
5.99;1010.53;194.75;12.1;1421.96
3.58;1021.34;176.9;6.7;3.79
3.38;1032.64;356.86;6.01;134.63
5.2;1030.39;193.22;4.34;7.02
4.48;1025.4;301.89;7.0;278.1
1.95;1030.07;311.83;8.53;590.31
7.47;1028.01;312.21;6.72;307.74
4.5;1012.21;235.81;17.38;2014.95
4.57;1028.99;289.97;4.2;8.47
4.48;1023.63;243.58;7.36;344.33
4.31;1028.25;287.5;6.15;190.98
5.08;1013.88;284.29;15.17;1965.16
5.52;1028.73;188.73;9.13;684.38
2.16;1032.04;183.86;1.91;7.86
3.61;1005.25;306.31;12.7;1714.08
2.97;1035.02;243.98;1.69;8.22
4.97;998.57;228.98;7.36;324.52
-3.34;998.47;106.83;4.53;7.63
4.85;1023.44;225.68;9.5;746.48
5.86;1018.39;187.84;10.8;1014.08
2.59;1032.31;287.14;8.03;555.1
4.31;1026.31;213.13;9.11;659.53
5.34;997.89;242.23;10.11;878.61
4.09;1016.46;229.75;17.03;2015.91
2.13;1028.68;177.02;2.0;8.04
4.4;1030.01;191.73;5.94;6.8
5.08;1012.3;335.03;3.51;3.77
3.49;1027.96;160.87;9.09;628.77
5.42;1016.38;264.25;12.8;1637.59
2.22;980.92;274.76;19.04;2023.86
2.66;1027.74;158.4;8.48;502.34
5.35;1008.93;179.92;10.54;1035.88
4.92;1034.1;209.77;3.1;8.11
4.97;1020.72;226.96;16.66;2020.71
6.57;1018.74;156.86;10.92;1046.54
3.6;1029.32;267.93;5.93;172.34
4.32;1027.53;247.98;6.25;199.56
4.67;1023.61;255.92;7.82;420.98
3.52;1029.79;244.07;5.6;76.64
5.23;999.22;255.25;15.11;2007.69
3.62;1029.61;273.34;6.18;8.32
4.03;1030.85;114.95;4.47;7.28
4.56;1006.0;212.28;9.23;739.73
6.2;1018.32;197.08;11.31;1165.08
7.34;1027.91;178.69;11.75;1283.74
5.61;1012.12;209.87;15.32;1995.21
3.04;1028.31;231.43;6.74;241.54
3.7;1026.66;206.58;9.41;732.89
-4.57;1032.52;355.28;3.26;7.75
6.07;1023.65;303.41;12.78;1526.44
4.1;1029.1;236.5;6.81;260.03
4.19;1023.72;198.6;6.29;153.12
2.39;982.86;290.33;13.37;1737.83
4.22;1027.95;294.56;6.86;271.91
4.92;1015.16;260.09;15.08;2002.17
3.43;1007.22;307.6;9.26;1031.9
1.98;1029.8;306.42;6.62;273.47
4.15;1028.34;242.97;5.26;86.49
4.22;1026.62;216.22;2.39;7.15
