Temperature;Pressure;Theta;Velocity;Power
5.87;1020.02;217.27;7.43;337.02
2.91;1029.83;262.92;7.05;347.43
3.06;1035.25;310.18;4.45;8.53
2.62;1027.15;161.7;5.44;81.43
4.46;1022.01;219.6;15.95;2015.39
3.92;1008.14;261.87;12.52;1594.05
4.21;1029.52;320.31;5.2;80.53
6.04;1016.72;202.51;9.68;833.04
3.97;1032.33;343.48;3.96;8.03
4.2;1022.07;179.7;5.76;122.65
4.8;1034.08;214.81;3.97;8.05
2.63;1029.98;263.92;6.72;256.77
3.97;1005.08;199.57;14.59;1984.23
6.3;1026.15;288.42;5.67;102.65
3.87;1029.18;225.04;7.14;312.23
6.53;1021.9;247.78;6.12;163.81
4.89;1025.35;301.29;9.23;672.47
5.11;1009.47;251.56;12.61;1592.86
3.96;1023.13;220.84;5.93;3.73
4.48;1028.66;289.37;3.57;8.6
2.04;1023.84;127.66;8.35;463.4
-4.55;1032.37;347.55;2.24;7.76
4.89;1012.51;330.28;3.15;3.81
4.53;1011.61;280.17;13.16;1403.55
2.64;1007.17;306.45;10.0;983.73
-3.29;1002.25;271.24;5.32;7.57
0.79;1004.83;351.35;6.8;332.55
2.34;1010.75;225.5;5.98;3.73
4.68;1028.03;285.75;5.95;149.87
6.57;990.43;251.48;15.12;1995.2
3.88;1024.53;216.88;12.96;1700.52
3.92;1010.74;269.92;11.76;1417.33
6.11;1014.38;210.58;15.57;2009.31
4.52;1018.13;227.95;18.36;2022.97
4.49;1025.19;213.38;13.28;1760.37
4.53;1003.47;175.93;8.43;493.2
4.65;1023.63;248.69;7.47;358.4
0.95;1032.49;250.14;1.31;8.1
-0.5;1001.92;340.1;6.33;262.84
5.57;1014.33;251.72;13.44;1059.9
5.37;1009.19;252.3;12.41;1528.99
6.0;1018.53;204.25;9.3;694.85
4.91;1023.48;227.17;8.64;607.73
2.21;1008.37;313.22;6.0;7.21
1.84;1033.11;295.74;7.45;370.24
6.66;1028.92;163.44;2.64;6.94
3.75;1026.01;261.06;8.74;612.37
2.13;1028.68;177.02;2.0;8.04
5.11;1025.43;186.73;12.94;1628.58
3.86;1030.09;207.97;4.53;7.1
6.45;1027.69;218.91;5.4;87.06
5.3;1023.35;227.08;9.76;802.88
3.63;1027.73;235.9;9.0;642.39
4.95;1024.31;217.86;8.72;579.73
4.51;1025.17;212.32;6.93;281.29
4.66;1025.72;215.3;6.92;255.69
-1.41;996.7;327.72;19.22;2019.33
5.02;1014.38;278.48;15.9;2016.4
4.28;1028.67;233.3;6.4;199.97
2.65;1031.57;268.28;9.62;832.49
2.43;1010.75;222.56;5.4;3.68
2.34;981.49;268.3;12.61;1667.04
5.4;1030.13;200.77;4.62;6.97
5.6;992.73;227.83;16.23;1995.35
-3.48;998.41;116.35;5.15;7.53
4.28;1028.49;245.14;4.87;46.38
2.75;981.15;280.82;15.31;1900.55
1.54;1001.36;317.87;12.62;1548.16
2.42;1033.2;273.54;6.0;8.41
3.87;1025.85;268.05;8.77;598.8
4.69;1006.4;218.9;9.5;739.29
4.29;1027.71;206.65;6.78;270.02
3.4;1007.24;315.77;11.62;1275.94
5.03;1014.28;278.75;16.35;2018.76
2.62;1028.86;208.83;3.69;7.91
3.82;1021.43;180.73;6.18;3.81
5.3;1014.15;265.62;16.45;2014.98
5.79;1009.14;188.2;10.03;851.59
3.58;1035.14;315.1;4.35;8.37
-3.93;1000.4;156.1;0.42;7.84
4.17;1001.5;198.69;17.2;2018.2
2.16;1008.36;308.27;5.34;7.22
3.14;1027.98;217.93;6.41;173.25
4.85;1029.34;189.2;11.08;1183.66
2.62;1031.84;277.12;9.67;826.99
0.78;1001.18;278.06;16.51;1998.74
4.62;1024.0;231.78;9.66;791.65
3.24;1034.99;305.31;3.6;8.4
4.62;1023.91;234.46;9.92;879.67
2.64;1032.38;350.6;6.71;329.89
3.45;1027.19;276.77;7.03;314.73
3.2;1009.47;166.28;4.96;3.7
3.02;1029.82;257.45;5.25;81.46
1.95;1023.58;134.44;7.09;295.14
4.46;1026.61;225.06;6.35;221.2
5.13;1009.47;250.78;13.12;1729.32
1.66;1032.77;316.01;5.44;33.85
4.08;1002.49;198.8;16.01;2014.07
3.67;1026.24;264.65;8.47;532.04
3.67;1026.15;262.26;8.4;539.25
1.76;1029.74;283.1;4.26;7.5
2.63;980.89;274.0;18.37;2020.33
3.86;1025.94;264.79;9.5;770.12
4.84;1028.21;194.74;10.81;1082.02
2.5;1009.66;176.98;4.8;3.68
5.23;1028.52;154.49;8.31;462.28
5.02;1009.52;251.82;12.15;1456.96
4.67;1028.06;199.67;3.07;8.06
4.42;1027.75;221.5;4.89;35.36
7.27;1028.21;310.75;6.63;231.55
5.51;1010.59;212.03;14.48;1973.88
3.5;1030.08;268.95;5.91;8.35
4.83;1029.16;191.84;11.3;1167.67
-0.23;1000.39;345.02;7.74;448.65
-1.21;1001.81;283.42;10.71;969.17
3.93;1034.0;207.96;5.51;104.55
4.02;1030.89;119.31;5.03;7.25
6.48;992.22;250.91;15.36;2008.13
5.66;1019.11;215.6;10.71;965.38
-0.46;1032.61;316.12;5.38;102.26
3.59;1029.17;225.25;6.65;244.65
4.31;1027.4;282.15;5.76;8.44
3.28;1028.95;275.71;6.85;265.79
7.24;1027.96;173.87;11.0;1090.12
0.58;999.27;243.82;12.45;374.86
1.51;984.67;304.34;13.47;1846.71
2.64;1032.91;178.69;6.74;272.39
4.69;1025.47;225.24;6.45;217.18
1.72;1030.8;332.39;8.0;478.13
2.03;1010.2;294.99;20.13;2033.12
5.45;983.31;249.69;15.06;1963.52
3.48;1029.63;256.68;7.56;377.56
-0.17;1032.81;161.08;1.81;8.09
2.89;1029.89;272.86;5.55;99.89
7.4;1016.49;293.64;12.98;1548.15
2.45;1029.09;185.34;5.87;51.91
3.39;1027.82;159.52;9.46;710.73
5.25;998.24;255.05;20.02;2022.25
4.98;1015.7;248.55;13.52;1837.67
4.03;1026.45;121.29;2.52;8.03
4.91;1025.66;183.32;12.07;1373.44
5.23;1014.07;264.64;16.79;2019.36
5.74;1028.76;313.62;6.18;220.91
5.8;1021.81;297.29;11.45;1222.89
5.2;1027.6;292.63;7.37;349.66
4.04;1023.83;165.76;6.59;220.41
3.01;980.76;280.65;12.48;1590.51
5.6;1019.54;218.1;8.4;505.85
4.64;1000.9;206.4;9.29;670.79
1.95;1023.74;125.5;7.48;340.74
2.63;1027.68;160.54;8.56;511.64
7.29;1028.0;176.02;11.59;1221.03
4.17;1008.01;167.18;6.6;3.73
3.84;1026.52;286.44;6.21;162.95
4.12;1025.31;224.18;12.75;1639.44
4.96;1016.06;256.03;14.77;1996.29
4.01;1025.66;280.84;7.64;412.82
7.61;1017.49;193.99;16.77;2016.3
4.69;1023.19;234.7;7.43;363.42
4.96;1029.66;173.76;9.39;719.66
6.74;989.74;252.67;15.25;2010.48
6.46;1026.01;288.03;5.98;187.48
5.17;1010.45;262.66;8.99;683.5
5.09;1010.47;260.77;9.8;777.8
4.59;1019.79;205.94;9.9;839.29
4.01;1026.62;139.98;5.02;7.83
5.62;1015.54;206.0;10.45;975.49
0.71;982.58;300.04;10.37;966.26
6.84;1034.65;196.68;2.29;8.22
5.74;999.62;242.84;12.42;1468.12
5.56;1011.71;317.72;4.35;3.71
1.47;985.4;301.97;13.24;1673.55
2.03;1030.37;302.96;7.36;345.39
7.25;1028.1;168.35;9.45;716.21
2.37;1029.1;183.81;5.19;7.64
4.04;1016.16;230.77;17.66;2019.28
3.57;1008.94;151.1;4.61;3.78
5.06;1008.61;251.55;11.22;1140.99
1.9;995.97;306.59;5.44;63.5
2.44;1004.05;304.0;14.2;1951.01
4.32;1010.03;284.58;9.54;815.26
5.06;994.17;211.45;19.32;2022.97
5.53;1011.7;322.12;5.55;3.68
5.26;1011.7;316.46;4.06;3.73
6.24;1008.46;258.55;16.33;2015.18
2.1;1029.9;327.88;4.86;32.87
5.45;1028.28;284.74;7.42;300.45
3.47;1007.01;318.21;12.38;1551.57
6.04;988.16;255.88;13.46;1748.79
6.04;1008.45;249.11;18.14;2019.85
0.82;1016.16;138.32;6.09;3.65
2.02;991.61;322.27;14.84;1889.7
0.19;999.7;350.41;6.81;284.48
3.98;1023.17;213.73;14.06;1980.58
0.76;1032.07;307.91;5.72;133.39
5.9;998.6;258.11;15.46;2012.42
4.9;1024.89;230.31;7.55;397.3
1.0;1032.66;323.31;4.84;8.13
2.4;1033.44;291.08;4.51;8.6
4.27;1028.99;216.59;3.9;7.2
1.27;1031.19;335.22;8.11;443.07
5.41;1014.82;273.44;16.0;2012.51
5.74;999.09;264.63;16.65;2016.79
6.04;1014.22;212.57;15.18;2011.92
5.04;1025.35;260.32;5.22;6.53
7.31;1028.11;173.93;10.94;1064.46
1.25;1000.89;317.05;10.67;1232.6
3.99;1003.98;197.5;15.46;2010.52
4.45;1016.31;265.59;12.7;1564.88
6.97;1021.81;128.42;9.53;748.08
4.89;1029.08;311.45;7.19;403.02
2.72;1007.27;305.89;9.61;867.44
3.49;1026.52;271.44;7.77;419.85
5.99;1010.53;194.75;12.1;1421.96
4.65;1025.38;262.06;5.71;115.84
3.25;1029.07;281.08;5.44;90.76
4.79;1028.1;319.38;5.58;7.43
4.47;1028.61;321.98;5.78;120.69
4.34;1010.12;280.64;9.18;747.96
5.51;1026.38;252.35;2.34;7.25
4.35;1026.74;308.11;8.02;501.76
2.58;1031.45;269.3;10.14;943.5
2.71;1031.74;155.77;4.11;7.71
4.72;1019.94;208.48;9.93;846.3
0.88;1004.66;352.4;7.18;329.37
-3.91;1000.66;220.24;1.43;7.65
4.85;1023.65;231.7;9.42;780.78
3.75;1007.73;218.27;11.81;1342.83
7.28;1027.89;177.09;11.53;1223.69
3.83;1028.83;196.27;6.76;235.82
6.02;1029.94;199.85;6.2;173.05
5.97;1021.08;232.41;7.28;332.77
5.29;1023.85;232.56;11.69;990.2
5.48;1012.52;209.04;14.57;1982.77
2.75;998.05;278.54;13.41;1725.92
-1.26;997.9;324.61;13.44;1515.64
5.66;1016.9;261.24;12.62;1607.51
7.6;1022.48;120.53;10.33;834.5
0.82;1014.77;143.0;6.71;3.46
5.65;1022.34;295.77;9.95;845.83
2.8;980.73;259.68;17.34;2017.56
5.9;986.36;247.55;15.04;2004.41
4.23;1025.65;126.85;5.94;138.15
3.81;1028.18;161.6;10.43;928.32
4.65;1025.97;213.92;6.8;262.28
3.72;1029.55;274.37;6.52;8.28
2.44;1030.72;258.26;9.21;705.14
3.64;1027.77;281.16;7.4;349.78
3.89;1023.0;222.59;5.67;3.72
4.38;1027.96;207.55;5.45;7.22
2.48;1033.19;299.04;3.87;8.29
4.2;1028.99;234.68;7.16;324.68
5.9;1026.3;271.5;3.49;7.16
5.13;1030.35;192.3;6.84;6.37
1.3;984.04;291.4;17.22;2008.94
4.85;1029.69;189.97;9.98;850.91
4.36;1026.36;206.82;5.36;73.01
5.36;1009.97;222.62;12.88;1655.95
1.31;1028.11;140.37;5.14;35.06
4.27;1027.44;288.01;8.5;605.44
3.24;1027.67;160.74;9.21;672.97
4.53;1028.53;239.58;5.93;149.84
3.68;1028.98;249.8;6.73;270.15
1.52;982.68;291.93;11.08;1253.06
2.62;980.64;258.77;15.63;2007.36
7.59;1018.36;303.52;19.83;2023.54
4.56;1002.68;181.31;9.8;779.28
3.78;1009.77;229.28;10.13;903.34
5.14;1029.37;182.81;7.74;427.06
5.37;1009.21;251.29;12.58;1579.33
3.11;1027.49;202.73;6.74;227.98
2.88;1010.77;234.72;5.76;3.63
0.91;1005.16;348.79;6.27;160.62
4.19;1022.57;217.61;5.23;3.78
4.58;1023.77;254.69;7.48;370.15
5.35;1028.1;228.24;4.48;7.32
6.12;1029.89;181.15;9.37;709.33
4.97;1014.59;279.57;16.08;2016.39
4.69;1000.49;210.55;9.02;667.55
4.24;1026.46;220.17;1.79;7.34
3.43;1009.85;265.19;11.32;772.66
4.22;1027.9;294.73;6.15;148.52
5.16;1028.39;212.09;4.49;17.27
2.69;1011.07;261.36;6.34;3.67
4.4;1016.43;259.1;14.06;1983.21
4.54;1028.22;212.06;6.03;51.14
5.46;1016.41;273.42;12.91;1707.01
0.17;999.59;335.75;15.08;1892.66
-3.91;1000.86;256.7;1.59;7.27
3.3;1009.6;261.67;9.02;671.37
3.99;1032.23;349.22;4.58;7.87
4.39;1009.19;236.42;11.43;1294.43
4.24;1023.26;225.54;6.14;3.75
5.73;1011.48;198.75;12.09;1401.29
6.07;1023.65;303.41;12.78;1526.44
5.39;984.58;238.01;15.17;1996.47
2.04;1010.92;242.19;4.62;3.72
1.86;1023.68;129.95;7.91;388.01
4.47;1019.82;205.9;9.42;747.35
6.28;1009.23;193.5;12.95;1745.55
2.63;1028.92;263.01;4.99;6.78
4.04;1022.72;215.77;13.93;1940.43
6.67;1029.59;109.87;5.1;56.19
4.8;1018.63;227.05;18.37;2016.48
3.29;1003.99;304.88;15.27;1967.91
3.94;1032.22;331.9;3.66;8.1
4.36;1018.0;227.11;18.53;2021.0
3.99;1024.83;217.51;12.71;1637.4
2.86;980.5;295.89;16.41;2008.01
5.53;1016.9;265.42;12.32;1549.97
6.21;1008.53;262.25;16.73;2016.92
4.79;1020.89;223.58;16.35;2013.78
2.58;1034.94;301.16;2.94;8.59
5.91;1034.56;274.26;3.93;8.34
2.58;1034.82;304.6;3.28;8.65
4.11;1029.63;169.13;9.69;785.14
6.5;1024.03;283.16;6.66;187.31
3.73;1026.41;263.4;6.48;8.48
4.93;1010.28;239.03;18.33;2019.27
7.56;1018.6;301.84;19.26;614.24
4.74;1026.3;207.21;5.63;7.51
2.14;986.86;302.59;16.98;2006.38
3.12;1008.44;302.78;6.57;7.1
1.21;1032.58;312.32;4.02;8.4
5.25;1028.27;209.17;4.85;35.54
4.58;1034.07;212.68;4.21;8.05
4.45;1027.77;212.5;6.6;228.74
4.85;1020.77;222.71;16.5;2017.96
5.58;1016.09;206.11;10.39;981.64
4.75;995.51;205.43;19.3;2019.09
4.47;1016.47;259.76;14.45;1997.98
5.08;999.27;263.95;18.49;2022.14
3.61;1026.39;273.39;8.1;490.5
4.06;1026.12;128.0;5.85;8.66
6.41;1034.8;176.45;2.99;8.21
1.03;1013.34;281.62;12.85;1293.47
6.03;1018.31;180.61;10.6;1007.31
6.52;989.02;253.14;14.68;1989.19
2.76;1029.14;184.68;4.29;7.94
3.19;1030.18;310.87;8.89;659.78
6.6;989.34;251.0;14.63;1952.74
-0.58;1032.15;269.68;1.26;8.28
-0.51;998.3;328.99;14.05;1868.75
4.87;1006.21;239.32;7.71;5.99
3.3;1023.56;154.22;8.79;551.31
4.67;1023.35;237.43;10.47;1009.77
4.64;1023.56;251.61;7.3;332.4
4.37;1024.13;263.04;6.54;240.58
5.74;1027.22;295.67;6.73;233.39
4.79;1014.97;274.77;15.16;2006.4
5.66;1018.83;209.16;9.17;660.15
-2.34;1001.94;282.37;7.12;305.34
3.99;1026.62;141.57;4.68;7.79
5.03;1008.12;243.63;10.05;889.99
-3.6;999.88;171.39;1.3;7.89
3.68;1026.24;262.95;7.89;444.73
5.62;1029.34;180.27;8.26;498.03
4.36;1010.02;279.92;9.23;747.09
6.31;1029.44;179.55;7.83;395.44
6.25;992.87;243.09;16.62;2013.58
2.7;980.76;274.4;14.41;1965.37
6.29;1018.55;208.5;9.51;747.6
3.68;1029.9;213.11;3.46;7.17
4.14;1027.97;293.76;7.23;331.83
4.59;1023.6;239.99;7.57;384.6
3.0;1031.35;126.7;4.11;7.51
2.99;1031.57;175.8;8.75;578.91
4.74;1009.84;282.53;8.88;578.36
4.19;1025.87;144.61;6.99;265.39
3.23;982.06;280.13;14.12;1796.68
3.87;1027.89;291.12;7.74;385.58
5.17;1028.36;209.89;4.9;48.98
3.62;1029.61;273.34;6.18;8.32
2.26;1032.48;258.33;6.74;8.36
6.41;1029.66;192.51;8.61;544.31
4.72;1019.88;206.04;9.45;772.36
5.18;1030.39;194.8;6.63;63.96
3.56;1012.34;261.43;8.98;707.99
4.73;1009.66;239.72;9.72;823.87
5.22;1010.38;259.38;8.39;555.16
6.09;1022.25;304.51;14.76;1884.34
5.75;983.11;250.87;16.06;2016.21
4.62;1023.69;255.03;7.34;361.84
3.66;1029.11;255.11;5.28;87.23
4.0;1030.94;116.81;5.08;18.84
4.6;1019.8;205.87;9.34;725.32
3.98;1022.46;207.86;5.76;3.8
5.92;1026.38;266.21;2.64;7.17
-0.35;1003.3;306.32;4.35;7.86
6.21;1016.47;206.45;10.48;1008.05
3.55;1030.01;203.83;4.04;6.87
4.84;1010.51;237.16;18.55;2020.24
4.82;1030.15;122.28;5.67;60.4
3.24;1029.24;281.35;6.93;277.21
5.19;1011.78;331.47;3.14;3.71
-2.32;1002.15;286.65;8.26;471.16
4.68;1023.74;234.04;9.52;781.95
4.05;1027.36;237.65;6.77;275.9
4.03;1028.75;194.33;5.91;137.44
4.06;1035.47;327.87;4.25;7.96
3.04;981.45;269.34;13.25;1843.31
1.02;1000.88;319.17;12.3;1484.26
7.57;1022.33;123.87;10.53;900.39
5.68;1018.67;209.86;9.12;660.91
4.24;1013.5;231.1;17.36;2019.87
3.87;1026.66;273.74;6.71;8.4
4.83;1025.75;181.45;11.99;1431.83
5.46;1029.52;178.72;10.36;908.5
4.26;1028.61;205.79;4.42;7.21
5.6;1016.67;257.16;13.01;1684.11
2.87;1023.46;148.79;9.32;669.48
-1.92;1030.39;359.78;7.24;319.72
2.45;1011.15;262.15;5.61;3.71
5.07;1008.04;246.54;12.85;1622.08
4.4;1027.9;209.8;5.18;7.17
3.94;1021.55;186.19;5.94;3.87
6.51;992.11;250.41;15.2;2003.53
1.15;984.08;291.69;15.41;1925.99
2.9;1008.47;284.82;16.39;2009.46
3.47;1026.46;268.73;7.35;358.8
4.64;1034.03;206.62;4.36;8.0
5.4;1028.31;220.85;5.06;7.29
4.03;1021.76;196.13;6.47;3.83
6.44;1009.84;268.19;15.8;2011.18
2.57;1034.37;100.67;0.33;8.16
5.0;1028.0;202.02;4.06;7.93
2.69;1031.81;274.85;12.06;1471.55
1.49;1031.61;302.96;5.94;151.48
6.45;1026.45;296.56;7.32;400.98
4.2;1029.05;240.54;6.54;242.67
0.2;994.85;324.41;17.47;2017.64
3.93;1026.21;210.01;11.08;1149.8
3.88;1030.69;185.01;10.38;967.63
4.43;1009.45;233.94;10.25;965.46
4.32;1028.24;248.12;7.27;327.71
4.46;1005.56;205.06;9.31;692.37
2.33;1032.62;261.12;5.45;8.4
5.74;998.91;265.31;16.97;2015.4
3.84;1025.25;216.93;6.83;264.37
4.14;1025.88;135.48;6.17;154.83
4.52;1028.3;220.59;6.47;196.8
2.7;1031.74;171.21;8.01;436.48
4.19;1013.35;229.64;17.57;2020.75
5.17;1028.51;151.03;9.04;600.82
7.22;1016.3;196.59;17.39;2016.32
-0.18;999.84;333.52;12.53;1395.68
4.68;1000.79;209.53;9.71;773.92
5.07;1026.55;287.98;7.88;507.03
-5.07;1002.09;265.33;2.59;7.79
5.47;985.25;250.21;14.21;1937.4
7.3;1029.17;163.58;2.79;7.03
3.49;1026.88;187.32;6.92;314.09
4.38;1030.51;117.98;3.86;7.02
6.95;1027.98;316.06;6.69;174.67
1.42;1027.76;144.18;6.09;123.36
1.55;1027.75;145.28;5.82;112.69
4.39;1024.53;265.41;6.76;258.04
5.97;1016.49;201.29;10.01;884.35
4.27;1002.66;309.5;10.51;878.85
-2.14;1001.96;282.12;8.97;614.62
5.19;1029.34;184.85;8.38;524.28
4.23;1027.59;201.12;7.51;349.73
0.62;1032.43;318.24;3.26;8.52
4.75;1029.8;188.0;9.7;815.8
4.02;1004.55;198.67;15.2;1998.38
6.4;1010.38;273.53;16.08;2015.19
4.57;1015.62;278.91;15.67;2008.46
2.88;1028.74;227.6;2.11;7.75
4.46;1009.75;290.5;9.27;703.13
4.94;1028.26;150.49;10.16;864.06
4.04;1022.44;222.04;5.36;3.82
4.21;1026.42;235.0;1.69;7.31
6.59;1017.55;287.64;13.33;1845.64
3.73;1035.72;342.39;5.46;8.49
6.49;988.99;253.65;14.07;1930.89
2.3;1032.77;284.79;8.32;454.16
1.12;1031.69;305.19;5.23;86.69
2.99;1009.64;170.13;4.68;3.7
4.11;1029.15;305.43;4.64;6.68
3.97;1028.1;211.88;2.77;7.66
5.59;1028.29;314.32;8.62;572.52
4.53;1029.18;290.8;5.0;8.39
7.38;1028.76;176.92;10.61;977.53
4.35;1029.07;302.63;5.05;84.49
4.25;1002.19;316.27;13.4;1614.11
4.82;1025.39;234.5;6.57;238.31
3.78;1005.32;309.23;14.62;1906.18
6.24;1018.4;207.38;9.79;800.56
3.55;1026.89;214.14;9.45;743.59
-4.12;1001.1;268.28;1.78;7.65
3.69;1006.39;206.61;12.93;1643.29
4.12;1017.45;228.32;17.41;2018.61
4.45;1009.59;289.53;6.73;250.68
6.29;1012.36;210.1;12.67;1638.68
4.29;1022.44;218.78;6.23;3.79
5.86;1023.72;307.99;13.15;1835.7
4.57;1012.71;288.38;15.69;1998.36
5.41;1019.51;200.23;9.52;762.85
1.01;1032.56;248.03;1.59;8.11
5.21;1008.61;255.87;12.21;1191.33
6.32;1017.49;209.49;10.11;921.32
2.2;1009.76;197.82;5.48;3.69
2.83;1028.79;251.93;2.19;7.66
4.44;1026.36;206.66;8.63;590.94
3.36;1029.55;256.56;4.21;6.08
6.4;1023.93;281.66;6.87;259.68
4.92;999.34;221.64;8.83;598.51
1.52;1023.57;131.4;8.2;455.52
3.25;980.55;296.22;11.95;1589.57
4.85;999.86;220.62;8.83;571.87
4.33;1028.63;239.55;6.3;191.3
5.78;999.65;248.83;11.76;1301.99
2.75;1030.07;267.12;4.87;6.1
6.49;1011.45;281.98;14.21;1815.25
3.26;1035.13;307.65;3.11;8.6
2.85;1030.56;320.73;7.87;437.31
4.6;1026.13;225.89;7.08;315.05
1.26;1028.76;190.99;3.38;7.98
5.42;1016.38;264.25;12.8;1637.59
5.48;1034.14;249.4;2.47;7.75
3.77;1032.64;354.37;6.7;182.85
4.35;1025.55;209.71;12.24;1451.46
5.64;1016.85;264.41;12.3;1495.83
5.77;1034.35;270.59;4.35;8.23
0.59;1015.64;140.05;6.48;3.51
4.32;1026.36;209.11;8.57;569.47
0.0;1032.53;139.77;0.93;8.08
5.61;999.1;261.49;15.41;2012.65
2.29;981.64;277.57;12.52;1477.99
4.97;1029.98;124.66;5.36;35.11
4.12;1029.65;202.51;4.81;6.93
3.12;981.09;268.06;15.13;1907.77
4.35;1016.2;267.64;13.12;1774.09
6.18;1019.79;297.27;6.63;3.85
6.48;1017.86;288.53;13.27;1808.8
4.53;1028.36;151.69;10.12;853.58
3.22;1027.48;272.76;6.11;179.09
5.65;1028.52;316.45;8.05;413.43
6.25;1028.33;150.98;4.24;6.94
3.74;1027.49;237.44;10.68;1070.27
4.28;1028.79;190.05;4.61;13.43
3.84;1028.28;285.0;4.39;8.54
4.39;1005.14;196.83;8.68;572.92
4.85;1026.28;311.1;8.51;566.06
2.92;1011.32;268.82;12.74;1540.32
5.0;1009.54;248.24;12.15;1435.84
1.64;1001.12;314.98;12.43;1465.61
3.42;1029.85;234.41;4.49;12.36
3.57;1029.33;263.06;6.35;232.02
7.22;1027.5;184.82;6.69;210.47
4.36;1028.32;216.21;4.88;36.18
0.9;1032.08;343.08;6.13;171.92
2.34;1009.77;165.9;4.1;3.75
5.22;1024.04;232.28;10.76;1040.38
4.09;1029.09;234.09;7.33;328.96
1.56;993.4;321.21;14.99;1944.61
4.96;1010.33;267.05;9.4;795.35
5.83;999.81;246.6;11.64;1280.62
3.56;1026.85;270.57;7.83;437.51
4.45;1009.54;233.38;9.76;825.13
5.16;1007.94;232.9;11.09;1155.74
5.43;1016.2;272.68;13.37;1817.35
4.97;998.68;228.3;7.55;362.7
1.39;999.41;285.34;17.5;2007.16
2.58;1011.16;264.24;5.88;3.65
5.56;1028.7;189.93;8.87;616.51
7.33;1027.99;170.88;9.79;785.16
0.45;1004.16;336.31;4.54;34.82
1.16;1031.31;337.08;7.04;318.76
0.92;1032.2;343.56;6.25;178.98
3.82;1028.4;287.06;4.58;8.6
1.91;1032.96;300.93;5.06;89.87
4.45;1023.36;228.16;6.9;3.67
4.36;1013.04;233.11;18.11;2020.19
-4.46;1001.18;289.45;1.6;7.66
4.44;1027.6;240.46;5.13;68.15
4.18;1029.22;281.77;6.79;8.34
1.88;991.75;322.94;13.06;1495.65
-1.52;1001.86;282.41;11.5;1160.7
2.74;1003.95;314.39;11.69;1457.15
5.99;992.54;237.71;16.88;2018.1
5.08;1013.88;284.29;15.17;1965.16
-0.62;1032.73;339.84;5.51;7.84
5.01;1029.64;174.4;9.82;840.27
4.73;1023.64;230.15;9.22;719.75
6.55;988.99;250.05;14.65;1211.15
4.33;1034.03;214.58;5.31;36.1
4.35;1028.82;233.81;6.34;221.91
6.35;1018.46;208.52;9.67;782.06
3.09;1009.75;263.19;9.5;750.88
5.44;999.2;257.84;15.46;1996.83
2.75;1031.94;170.35;7.68;384.64
4.27;1013.51;231.28;17.61;2018.76
6.0;1011.96;204.45;12.0;1421.26
5.49;1034.2;260.97;3.47;7.66
4.06;1027.54;189.25;7.86;409.15
6.33;1018.5;161.31;10.72;949.27
3.2;1029.38;279.97;6.82;282.79
3.49;1029.78;253.21;6.43;172.02
5.99;1021.63;235.02;6.3;180.69
3.58;1021.34;176.9;6.7;3.79
-1.87;1030.39;359.11;7.16;298.67
2.74;1006.98;309.08;10.48;1177.38
4.67;1027.15;179.04;12.47;1514.15
5.15;1030.39;200.91;5.32;84.51
5.82;1019.28;201.93;8.96;650.93
2.49;1033.64;297.55;3.99;8.54
3.53;1035.5;321.64;5.56;8.53
1.87;1033.04;299.38;6.48;210.93
3.37;1030.9;274.46;8.37;8.21
4.31;1009.95;282.73;9.31;698.0
2.62;1024.64;130.52;7.66;355.11
3.73;1005.46;308.89;12.94;1808.19
6.92;1027.67;219.49;5.17;67.68
4.34;1023.72;163.03;7.35;331.88
2.6;1035.06;301.21;3.66;8.5
7.44;1013.94;290.97;17.76;2020.44
-1.53;1031.78;239.61;2.22;8.25
2.56;1033.8;296.43;4.65;8.46
4.7;1011.08;235.42;18.12;2018.66
6.19;1017.9;206.75;10.03;893.68
5.13;1019.69;227.08;17.29;2018.4
4.45;1029.19;287.3;5.6;8.48
0.46;1001.44;284.17;15.43;1844.21
-1.85;1001.93;285.48;10.25;1049.07
4.69;1015.03;291.94;3.38;4.28
2.29;1029.9;326.07;5.08;50.18
4.27;1028.35;250.41;7.62;395.57
4.42;1028.31;219.51;6.42;194.27
-4.25;1000.8;334.34;0.86;7.52
-2.32;1002.31;286.64;7.07;321.65
5.01;998.91;228.32;8.16;459.6
4.03;1035.44;330.52;4.74;7.79
3.31;1030.63;262.87;5.0;8.38
5.17;1014.63;197.14;7.14;326.49
7.22;1034.56;202.95;2.37;8.29
5.53;1029.72;180.83;10.03;879.46
2.76;1029.14;191.83;5.07;7.98
4.13;1022.37;212.4;5.98;3.78
3.54;1035.29;322.92;5.08;8.29
6.75;1028.59;320.67;6.04;124.6
3.47;1012.93;278.34;12.2;1370.62
4.57;1023.47;235.0;8.78;605.57
7.69;1034.31;200.83;3.11;8.25
1.3;1031.69;302.06;5.19;89.84
5.38;985.07;246.9;14.36;1948.91
3.85;1026.35;225.81;11.43;1269.84
7.1;1034.54;258.04;4.56;8.24
4.95;1030.19;174.1;8.84;583.24
4.45;1009.98;271.2;10.0;841.42
7.4;1028.48;179.49;9.61;777.25
4.86;1015.24;258.03;14.54;1978.25
4.62;983.05;270.58;15.27;1991.66
6.5;1027.93;187.43;6.35;192.2
2.59;1034.06;116.38;1.14;8.21
7.59;1034.42;214.85;2.43;8.15
4.99;999.03;258.17;17.74;2022.6
3.91;1024.53;217.12;13.35;1805.43
5.91;1020.61;292.39;12.54;1674.32
3.2;1009.76;265.27;5.36;3.65
4.12;1029.04;226.08;5.83;134.9
4.95;1008.76;260.62;6.92;3.57
5.21;1029.78;118.02;5.24;55.7
5.13;1027.01;291.34;8.13;490.18
2.65;1010.73;234.57;6.14;3.67
2.36;1011.11;306.25;6.4;3.93
3.56;1029.01;263.01;6.26;177.67
2.49;1032.74;287.07;8.24;480.47
1.88;1030.7;324.65;8.09;423.91
4.61;1023.38;244.53;9.69;815.21
5.39;1009.17;248.84;12.8;1665.86
5.41;1016.27;273.07;13.32;1795.18
-4.26;1032.2;317.62;1.31;8.16
3.37;980.05;275.42;12.87;1523.61
6.58;1022.16;252.07;6.65;226.66
3.46;1027.59;212.39;7.35;332.45
2.35;1032.92;277.79;6.04;8.29
1.82;1033.1;294.06;6.98;286.16
2.35;987.33;316.13;14.47;729.44
4.58;1002.66;308.02;14.84;388.09
3.65;1011.81;270.85;9.31;769.1
4.35;1019.95;200.53;7.35;346.68
5.36;1028.48;225.1;5.24;82.01
5.59;1016.03;208.53;10.61;1019.41
3.77;1028.51;287.58;6.97;327.75
3.61;1029.15;223.73;6.52;214.08
-0.71;1032.67;336.89;4.99;21.82
3.64;1004.93;305.87;15.87;2014.09
5.66;999.18;243.33;12.91;1690.15
5.23;1020.22;227.28;16.67;2020.24
7.34;1027.98;311.84;5.49;104.23
2.58;1011.06;241.76;6.21;3.65
4.26;1029.12;307.63;4.83;6.74
4.9;1028.63;195.3;11.08;1182.54
3.38;1030.45;260.66;5.6;8.38
4.0;1032.31;347.6;3.49;7.96
4.47;1027.99;287.68;6.71;230.99
-1.05;1031.84;331.27;0.4;8.28
4.32;1007.73;169.98;6.68;3.72
-0.25;1032.83;340.34;4.81;40.59
6.2;1018.35;203.64;11.06;1118.62
8.09;1026.72;171.39;6.51;175.81
3.42;1027.48;208.78;7.28;323.66
4.44;1027.76;215.05;5.07;15.1
4.67;1009.76;235.16;8.63;562.72
4.35;1007.96;252.47;10.25;944.23
0.26;999.62;346.42;6.53;162.46
5.86;1016.32;209.91;11.11;1188.82
5.99;1029.99;203.9;5.54;101.12
1.92;1032.84;318.95;5.23;67.66
4.04;1014.53;230.91;17.62;2020.83
3.07;1035.21;309.34;3.57;8.76
3.83;1012.37;290.61;12.36;1509.52
5.34;1029.61;176.34;10.04;852.0
1.97;1029.48;277.34;4.54;7.23
4.46;1027.65;211.34;6.85;273.79
2.79;1010.76;296.59;16.37;2022.26
3.38;1029.5;258.74;4.68;37.53
4.06;1028.0;292.91;9.33;756.77
3.08;1029.37;270.3;7.48;396.05
4.71;1026.0;220.39;7.33;335.99
4.34;1013.5;280.68;2.57;4.06
5.5;998.27;238.82;9.53;751.55
3.47;1035.12;310.23;4.73;8.28
5.64;1008.66;242.13;17.82;2018.61
2.6;1027.46;165.35;7.44;338.8
3.87;1026.53;203.66;9.7;803.02
-0.53;1028.47;157.25;3.47;7.89
4.67;1023.76;233.27;9.68;807.49
5.88;998.11;267.15;17.65;2021.19
0.76;1015.96;140.2;6.75;3.66
5.68;1019.32;202.52;8.82;641.79
2.07;1030.44;305.3;7.13;277.48
4.94;1024.88;223.11;6.93;293.95
5.62;1019.6;217.66;8.51;522.65
6.77;1029.5;115.28;5.4;74.45
1.13;1031.16;332.99;8.14;472.46
1.38;1028.19;139.45;5.2;43.53
2.96;1032.08;172.9;7.63;389.46
5.51;1015.26;277.68;14.02;1916.98
3.25;980.33;262.55;18.65;2022.69
4.19;1008.36;245.43;6.65;3.54
3.04;1028.31;231.43;6.74;241.54
-0.31;998.5;319.11;13.81;1829.07
5.58;1028.65;192.28;8.58;600.09
5.45;1016.42;263.46;12.79;1602.86
0.3;1028.53;174.63;4.12;8.09
5.96;1021.22;236.39;7.58;373.24
5.45;1034.13;233.64;2.17;7.78
3.61;1027.15;277.07;8.05;446.94
2.53;980.03;277.75;14.76;1960.03
2.97;1011.27;278.7;7.93;454.95
4.44;1027.74;213.74;7.08;303.31
2.94;981.79;272.89;11.25;1210.51
3.94;1025.49;221.79;12.41;1555.31
3.76;1029.77;196.08;2.99;6.83
6.23;1010.2;192.05;13.07;1653.94
1.9;1032.92;317.9;4.94;66.63
5.2;1030.42;200.26;4.19;7.09
6.28;1018.75;205.98;9.92;845.19
4.01;1029.33;280.11;6.16;8.39
2.49;1032.41;289.29;8.13;535.65
4.28;1029.14;206.35;4.16;7.25
4.85;995.13;208.25;19.36;2022.05
-0.1;1032.53;151.13;1.28;8.11
8.25;1024.31;114.12;7.06;213.72
4.08;1026.16;263.25;0.92;7.47
2.5;1010.31;202.63;5.56;3.75
2.73;1032.43;348.87;7.12;263.02
2.35;1011.26;265.52;5.43;3.78
4.68;1008.62;232.4;10.08;920.6
2.07;991.05;326.67;14.58;1873.19
3.03;1027.55;239.71;2.46;7.34
3.92;1026.08;224.12;11.82;1363.29
4.98;999.2;257.97;17.51;2019.13
4.31;1012.96;232.18;17.39;2018.09
4.46;1028.24;289.26;5.98;189.12
1.59;999.87;271.75;16.19;2012.26
3.51;1029.95;194.43;3.72;7.24
6.88;1027.75;185.44;6.06;146.35
2.9;1027.11;168.68;5.65;163.74
5.84;987.47;255.41;13.62;1825.09
5.85;1023.5;299.42;12.22;1513.63
5.8;1013.66;208.69;10.8;1076.93
4.92;1020.72;225.0;16.37;2012.97
-0.2;1028.62;173.94;4.22;8.07
3.52;981.28;262.53;13.89;1861.52
5.54;1030.11;210.03;4.69;7.1
5.29;998.04;241.55;8.39;528.18
6.48;1011.06;276.05;16.16;2013.14
2.63;980.54;272.32;12.08;1396.59
4.55;1026.2;289.56;6.92;336.15
6.32;1020.95;130.91;8.46;471.58
1.84;1029.91;321.98;4.68;20.02
0.82;1016.27;139.91;6.48;3.64
5.29;1028.29;218.25;5.1;7.17
2.04;1029.79;310.03;6.65;294.09
2.68;1034.51;307.76;4.38;8.64
-3.43;1032.16;259.32;1.61;8.2
5.66;983.18;250.07;15.16;2006.3
0.19;999.14;323.53;14.65;1984.04
4.06;1034.01;207.69;5.33;86.09
4.45;1029.04;308.2;4.66;6.69
6.2;1008.28;251.46;17.53;2018.72
3.06;1032.22;331.07;3.92;8.22
3.47;1030.06;266.77;6.39;8.35
2.42;1009.69;161.73;4.25;3.7
4.4;1027.72;222.54;4.86;31.9
4.85;1023.63;173.16;8.44;451.03
4.51;1023.38;242.71;9.68;805.25
4.59;1029.2;290.69;6.02;8.44
4.19;1030.78;102.79;3.17;7.14
3.78;1028.31;161.19;10.36;874.65
3.82;1006.41;317.04;13.04;1639.68
3.5;1028.6;247.62;9.09;703.04
5.32;1008.73;250.31;11.22;1188.68
4.32;1027.53;247.98;6.25;199.56
6.19;1017.71;207.82;10.32;945.61
-4.57;1032.52;355.28;3.26;7.75
3.04;1007.85;253.95;6.15;3.59
2.96;1023.55;151.37;8.88;564.97
4.02;1023.3;214.49;14.21;1956.15
6.55;1016.96;205.34;11.29;1188.08
5.58;1011.01;212.39;14.68;1981.74
4.51;1025.09;268.6;6.62;242.44
1.55;980.58;289.42;14.22;1832.5
5.79;1034.5;275.05;4.18;8.31
4.33;1030.57;116.46;3.92;7.03
8.8;1025.7;140.42;3.74;7.2
5.97;1028.63;313.16;6.07;153.22
5.48;1034.19;263.77;3.23;7.82
5.9;1028.12;313.26;8.3;461.19
3.61;1035.51;322.9;4.76;8.76
4.39;1015.97;273.14;14.66;2001.27
3.69;1026.9;276.32;8.46;529.8
6.87;1019.03;150.4;12.46;1358.69
5.53;1020.38;214.78;9.92;847.25
3.4;1007.97;272.18;6.98;3.26
4.89;1028.74;196.25;11.17;1219.16
2.19;1024.16;124.11;7.7;396.6
5.64;1011.48;214.9;15.17;2001.13
2.33;1024.33;125.77;7.98;398.04
3.69;1028.9;249.5;7.59;394.69
3.82;1025.9;288.32;7.05;313.46
4.95;1023.6;230.34;9.6;790.25
3.95;1025.56;222.29;12.4;1521.23
3.9;1032.3;351.65;4.96;7.86
1.77;1029.7;284.74;4.47;7.55
4.45;1028.82;322.13;5.46;106.12
3.43;1031.27;271.41;6.34;8.27
4.12;1025.99;141.42;6.1;127.33
2.87;1028.94;221.79;3.06;7.73
2.04;1032.99;287.68;7.3;365.38
4.37;1029.51;166.18;10.33;861.47
5.92;1030.05;209.54;6.15;58.04
6.43;1016.76;208.54;11.32;1214.03
4.88;1023.61;173.69;8.68;587.3
4.99;1028.07;293.21;6.03;211.46
1.97;990.02;328.69;12.93;1799.2
3.04;980.29;290.63;12.69;1626.97
-3.84;1000.71;356.74;2.7;7.31
2.97;1033.86;196.69;6.32;220.5
4.09;1016.74;228.4;17.44;369.19
3.22;1029.09;267.91;5.53;114.55
2.34;1029.47;308.48;7.12;368.93
4.62;1019.8;204.62;9.37;739.43
2.7;1031.74;270.34;10.99;1160.9
4.09;1013.97;231.41;18.05;2019.47
4.28;1023.94;258.33;7.01;294.88
5.2;1024.06;196.71;8.7;114.72
0.5;1032.37;319.45;2.65;8.41
3.82;1025.75;138.32;7.52;308.92
3.35;1029.73;252.41;6.6;190.77
2.7;998.11;275.16;13.11;1749.78
3.08;1029.09;237.61;4.79;7.86
5.29;1010.44;269.11;9.37;744.3
3.08;980.68;291.83;13.02;1567.27
2.55;1024.38;125.67;7.92;404.59
6.76;1020.78;305.26;18.31;2022.21
3.52;1011.39;249.47;9.67;821.52
0.73;1031.54;336.63;7.37;311.34
4.43;1025.37;209.19;12.8;1681.7
4.59;1025.87;179.72;12.01;1427.13
2.18;981.19;295.28;11.76;1496.14
5.6;1014.25;195.22;8.42;519.46
2.58;1011.12;313.47;6.08;4.01
5.49;1028.58;155.89;9.33;644.5
5.02;1023.62;231.27;9.65;775.32
3.84;1009.57;256.59;6.35;3.66
3.58;1007.96;269.92;6.62;3.35
5.75;1023.16;293.94;12.23;1446.57
4.66;1025.38;301.93;6.58;276.51
4.63;1008.02;249.03;10.06;892.69
4.74;1029.08;308.31;6.58;188.38
5.06;1023.54;175.37;8.64;390.21
3.95;1031.03;116.38;4.89;7.36
2.6;980.93;301.18;11.62;1358.46
1.87;1032.93;304.13;5.46;146.59
2.75;1032.37;266.12;6.95;8.28
5.2;1030.39;193.22;4.34;7.02
4.98;1028.91;254.16;6.24;196.8
1.71;1029.81;286.3;4.03;7.39
1.68;1029.82;288.67;3.95;7.44
7.4;1034.43;201.38;2.53;8.28
3.3;1035.27;312.65;3.6;8.24
6.79;1019.01;153.34;12.18;1317.43
4.35;1013.26;286.38;1.71;3.95
4.96;1009.59;249.67;12.93;1672.51
5.73;1026.49;246.16;1.97;7.21
3.63;1026.96;277.13;8.18;484.82
3.88;1035.49;342.52;3.73;8.75
2.93;1031.43;130.88;4.28;7.61
5.85;998.43;253.98;15.24;2009.11
4.6;1021.45;221.15;15.57;2009.59
3.64;1028.81;252.83;8.34;547.07
4.14;1023.74;166.41;7.38;317.01
5.06;1027.77;290.6;6.65;265.59
5.13;1010.02;266.15;10.63;1110.29
4.45;1027.86;215.78;6.42;197.02
0.95;982.6;301.86;12.0;1302.06
4.37;1028.58;231.42;5.12;58.99
3.83;1025.87;287.01;7.42;347.75
2.95;1009.63;271.3;8.21;488.42
1.9;1033.08;293.18;6.67;245.7
4.66;1023.53;253.44;7.54;381.21
3.27;1035.15;308.64;3.03;8.56
4.48;1009.93;275.02;10.01;863.01
2.58;1027.68;159.68;8.41;495.99
2.6;1032.38;260.76;6.28;8.23
3.88;1021.77;187.66;7.59;384.66
3.65;1027.65;234.52;9.46;774.65
5.86;1018.39;187.84;10.8;1014.08
3.07;1007.22;305.91;11.77;240.95
1.54;1032.71;316.22;5.29;8.37
3.07;1035.2;314.54;2.56;8.66
-2.06;1031.8;244.96;2.34;8.26
4.62;1016.41;265.2;13.7;1832.25
5.61;1009.1;250.34;12.78;1633.8
7.38;1027.95;310.69;5.45;104.54
5.31;1019.62;202.3;9.21;692.64
5.68;1013.76;209.19;10.1;913.91
4.53;1024.94;220.86;7.33;344.52
3.03;1032.86;355.86;6.47;167.26
5.87;1008.53;247.92;17.87;2019.51
4.32;1019.72;204.4;9.42;728.88
5.18;1009.73;237.45;17.98;1590.56
5.43;1009.19;249.59;12.98;1676.02
5.73;999.14;246.57;12.08;1397.31
3.71;1025.05;207.94;6.48;207.39
3.94;1027.74;278.61;6.91;8.6
8.22;1029.57;128.15;4.41;7.87
2.76;1035.05;225.45;2.02;8.17
1.69;1029.53;281.19;4.36;8.19
3.67;1026.2;263.8;8.11;484.14
6.57;1016.88;208.45;11.68;1285.17
5.3;999.31;256.04;15.84;2011.75
5.58;1009.14;248.74;13.03;1718.89
4.92;1015.07;212.0;5.35;101.78
3.7;1026.66;206.58;9.41;732.89
6.2;1018.32;197.08;11.31;1165.08
3.85;1029.41;281.54;6.24;8.31
1.8;1007.52;328.52;7.74;300.36
2.98;1032.8;354.24;7.01;228.42
7.45;1028.34;178.41;9.91;820.32
6.66;1029.36;182.53;7.67;382.5
3.29;1009.65;259.08;8.64;624.77
3.26;980.55;272.31;17.96;2018.6
2.38;1032.53;266.86;5.43;8.32
4.22;998.15;195.38;19.22;2023.07
4.4;1007.97;246.95;9.89;861.8
2.14;1029.92;317.06;4.86;7.63
5.25;1029.44;184.43;8.1;509.87
7.7;1034.37;225.53;2.23;8.15
4.75;1029.53;188.86;10.79;1073.68
2.36;1032.62;292.75;7.88;445.59
3.68;1035.62;334.77;5.39;8.53
6.28;991.68;245.76;16.08;2015.48
5.22;993.38;214.27;18.63;2019.69
3.48;1029.46;259.57;5.13;90.19
2.69;1033.47;188.49;6.43;228.34
5.39;1028.49;144.66;8.76;536.3
4.34;1029.16;320.24;5.0;48.4
6.34;1016.77;207.62;10.89;1105.69
6.13;1017.98;204.97;10.11;913.43
0.76;1028.75;179.25;3.59;8.05
4.0;1025.86;207.7;11.77;1361.07
3.31;1029.16;232.75;4.85;43.27
5.29;1019.98;275.51;6.89;3.89
2.32;1032.38;347.33;5.88;173.94
5.51;1028.7;190.77;8.48;574.27
6.24;1008.28;254.61;17.41;2015.46
2.78;1027.82;232.56;2.54;7.39
4.27;1026.5;227.48;1.7;7.41
4.46;1016.41;261.57;14.03;1967.41
3.25;1035.23;311.79;3.83;8.36
4.59;1023.72;170.86;7.87;426.31
6.34;1008.6;262.81;16.6;2016.0
7.69;1018.42;195.25;17.28;669.36
5.41;1015.95;274.28;13.01;1808.2
5.55;1019.49;219.79;7.8;391.17
4.27;1028.9;235.54;6.94;294.62
4.58;1027.76;250.49;6.67;245.51
1.98;1029.8;306.42;6.62;273.47
3.94;1026.37;125.94;4.29;7.19
6.06;1028.31;163.09;8.97;580.97
4.62;1023.39;238.35;10.22;938.18
3.83;1009.8;262.1;10.36;1006.37
4.43;1028.48;223.89;3.6;7.2
0.8;998.07;286.7;16.26;1645.2
5.54;1025.93;254.6;4.5;6.81
5.74;1015.29;307.88;5.85;4.18
2.18;1023.49;142.95;7.34;301.17
2.83;1010.97;251.11;7.35;3.69
4.99;1008.55;261.35;6.56;3.62
3.98;1022.03;200.53;5.9;3.88
5.72;1028.46;163.21;8.98;587.59
5.25;1028.14;178.3;8.22;499.41
2.69;1032.51;256.21;6.32;8.21
6.0;1008.52;247.42;17.15;2018.89
1.76;1030.03;306.02;7.71;460.26
6.64;1011.67;285.15;13.49;1892.56
4.57;1023.41;243.66;9.84;844.04
5.1;1014.84;206.92;6.0;163.54
-3.19;1031.19;358.67;6.55;260.43
2.89;1029.32;294.16;6.92;249.63
1.6;983.65;287.96;14.25;1747.99
2.44;1028.99;203.84;3.87;7.93
8.19;1024.04;111.16;7.64;295.37
-0.26;1000.46;344.26;8.35;432.9
5.23;1011.76;325.85;3.39;3.7
1.51;983.1;294.94;14.92;1930.86
3.38;1032.64;356.86;6.01;134.63
4.2;1025.01;212.05;6.71;264.91
1.81;1031.38;304.12;5.42;92.4
3.16;1029.43;172.57;7.2;297.72
3.35;1029.86;240.7;4.59;26.22
6.13;1027.79;222.1;5.57;102.64
1.97;980.73;304.46;11.95;1391.65
2.43;1008.45;307.98;6.28;7.21
2.37;1010.12;202.58;4.81;3.72
4.41;1027.94;284.99;6.22;193.58
3.23;980.38;282.16;16.98;2014.83
4.72;1023.44;252.51;8.36;526.83
3.52;982.28;269.63;13.66;1816.48
3.1;1032.23;170.65;8.09;443.27
6.58;1024.58;285.59;7.61;391.48
5.88;1021.03;300.41;14.73;1953.74
5.57;1014.08;209.05;9.03;649.3
4.93;1024.95;222.3;6.58;239.62
4.17;1029.57;201.82;4.64;8.41
4.4;1025.23;211.82;13.13;1704.82
4.38;1028.43;223.93;4.74;32.4
5.34;1015.38;243.67;12.76;183.85
6.1;1019.89;204.19;8.06;476.72
3.7;1029.52;245.17;6.3;194.31
4.96;1027.82;198.34;7.53;369.37
5.05;1020.71;228.02;16.67;2015.95
1.36;984.19;301.3;14.5;1929.01
2.64;980.82;276.3;17.96;2022.7
2.59;1029.47;296.82;6.51;258.23
3.89;1027.82;271.33;6.8;8.54
3.86;1006.25;309.78;14.75;1904.63
1.17;1031.19;338.85;7.67;379.81
5.9;1021.45;235.0;6.49;210.6
-0.65;1031.99;255.04;0.61;8.22
4.18;1023.82;201.6;6.28;177.36
4.76;1023.35;249.85;8.39;526.79
4.96;1012.32;335.69;3.42;3.78
4.27;1007.94;171.47;6.96;3.74
3.22;1003.96;301.57;13.6;1898.68
5.45;1011.83;322.81;5.81;3.74
2.61;1029.03;269.58;2.89;7.64
5.15;1011.73;319.38;6.0;3.56
1.25;1029.76;284.68;4.01;7.62
-2.16;997.08;333.7;12.51;1356.82
1.87;998.13;259.73;16.86;2012.63
4.73;1025.69;221.22;6.84;280.32
3.43;1027.29;273.28;6.59;241.67
4.11;1026.43;153.66;5.06;7.47
2.51;981.3;264.89;12.02;1427.2
5.25;984.78;238.43;14.43;1949.93
0.61;1016.81;144.27;6.65;3.65
4.5;1023.33;236.17;9.51;792.11
5.27;1029.56;112.72;5.67;84.86
2.88;1011.91;249.9;7.51;410.13
4.94;1019.94;204.11;8.51;557.46
4.25;1029.11;200.79;5.96;7.26
-2.33;1030.45;353.47;6.47;224.07
5.4;1028.45;230.76;4.95;7.16
6.0;1029.85;180.24;9.67;864.34
2.41;1030.59;321.56;7.68;367.83
2.94;1003.86;321.31;13.02;1584.69
0.4;1028.46;180.27;4.3;8.12
4.68;1026.45;178.79;12.27;1513.53
3.49;1028.17;240.55;7.83;438.52
3.96;1006.56;313.57;12.47;1485.41
5.07;998.44;234.5;8.09;470.16
-4.69;1032.43;354.22;2.84;7.73
5.5;985.49;250.09;16.14;2014.11
2.6;1010.55;266.0;5.41;3.64
5.85;1020.29;207.35;7.29;326.09
5.13;1007.93;233.54;11.03;1153.49
5.45;1016.75;266.32;11.89;1403.93
5.61;1016.17;208.09;10.77;1058.15
5.35;999.32;260.14;18.6;2021.09
1.99;1033.14;290.76;7.91;446.51
1.93;1030.11;311.74;7.91;494.65
4.09;1025.71;281.39;7.51;365.68
3.49;1030.67;278.26;4.8;8.3
5.5;1028.44;187.67;8.47;562.79
8.25;1029.46;161.96;2.88;7.88
5.48;1010.46;212.18;13.96;1941.49
3.86;1025.63;138.23;8.52;459.31
4.21;1009.52;253.9;6.64;3.67
3.69;1026.69;281.54;6.1;186.83
3.93;1026.36;207.91;10.15;915.93
3.44;1005.26;308.45;14.63;1995.83
-0.18;998.77;319.34;14.39;1845.22
5.32;1028.23;231.96;3.98;7.35
1.09;1001.47;306.68;10.64;1160.04
2.98;1008.14;282.56;6.68;3.28
4.8;1027.94;183.98;11.53;1309.16
5.37;1028.69;240.31;4.9;44.68
8.42;1024.43;117.24;7.13;258.11
5.04;1014.14;281.49;15.3;1994.44
4.92;1034.1;209.77;3.1;8.11
4.2;1029.52;166.54;9.43;683.43
2.05;1029.83;309.38;7.04;344.42
2.48;1029.04;182.08;5.06;7.72
5.49;1015.9;247.85;12.34;1525.23
4.12;1028.32;154.81;10.06;803.97
4.46;1034.01;213.08;5.48;7.99
3.98;1010.35;281.45;11.46;741.51
5.13;1023.81;184.36;8.56;543.44
3.81;1004.66;298.13;15.4;1985.86
5.27;1011.63;314.11;5.42;3.73
3.44;1026.59;270.05;7.81;421.36
3.93;1025.76;279.43;7.83;390.43
4.1;982.21;274.33;13.96;1747.69
5.63;1026.13;249.1;3.2;7.07
4.43;1025.41;210.59;13.01;1733.17
2.66;1011.01;240.68;4.69;3.67
1.79;993.07;314.27;16.59;2006.14
4.22;1026.63;229.63;7.03;320.67
2.61;1028.47;137.52;4.88;37.87
4.87;1028.26;148.86;10.24;849.28
4.69;1000.33;212.75;8.71;550.97
3.86;1034.9;226.15;2.24;8.12
4.66;1007.14;155.11;6.3;3.72
2.52;1033.26;282.82;5.19;8.36
4.41;1028.05;200.31;3.01;7.99
-0.32;1032.87;336.21;5.27;69.27
3.65;1029.18;220.38;7.02;299.42
4.6;1027.94;305.36;4.32;6.72
5.62;1015.85;204.81;9.85;842.66
2.06;1032.81;320.33;4.83;8.91
3.85;1026.36;119.17;1.94;7.86
3.92;1027.89;267.95;6.71;8.54
1.57;1011.08;307.59;8.23;567.59
-3.67;999.26;144.0;3.61;7.9
4.57;1025.31;266.6;6.02;156.88
2.69;1029.47;170.54;7.65;350.58
1.99;1029.8;311.06;7.39;378.53
4.22;1023.19;221.91;6.33;3.75
6.28;1018.3;178.52;11.42;1137.49
2.7;1027.68;156.28;8.72;540.18
3.87;1027.09;268.85;5.81;8.45
5.12;1028.03;211.02;4.44;7.72
6.1;1019.81;296.2;6.61;3.83
3.09;1029.77;253.47;5.16;59.73
3.85;1035.54;325.05;4.82;8.72
2.22;980.92;274.76;19.04;2023.86
4.57;1023.38;240.34;8.47;553.29
6.08;1008.38;248.96;18.0;2019.13
1.67;1001.0;317.21;12.42;1706.4
2.85;1010.94;248.2;6.7;3.66
2.58;1033.03;283.45;5.26;8.38
4.45;1028.15;229.58;4.38;2.24
4.72;1023.71;232.14;9.65;817.09
1.09;1001.53;283.28;13.45;1771.93
4.38;1004.67;192.87;8.65;579.23
7.89;1023.78;111.61;7.72;343.51
3.87;1025.89;268.9;8.66;594.16
4.63;1023.5;237.57;9.68;801.44
4.56;1023.42;229.71;9.31;701.68
4.53;1028.37;219.63;6.32;182.49
3.87;1006.47;314.51;12.54;1397.71
6.92;1012.6;285.19;14.73;1946.43
4.09;1016.46;229.75;17.03;2015.91
4.74;1027.95;315.84;4.61;7.37
6.28;1034.67;270.36;5.03;8.24
4.37;1019.83;205.83;8.16;500.74
3.88;1027.08;274.88;5.28;8.52
2.09;1032.99;294.46;6.98;264.09
2.44;1010.92;220.69;6.21;3.71
7.97;1026.81;167.67;6.34;147.05
6.52;1025.16;293.3;6.04;160.03
5.04;999.3;258.54;17.63;2020.04
1.3;982.42;302.48;11.16;1118.78
3.79;1026.1;256.21;6.76;8.43
5.42;1014.27;270.34;16.52;2015.65
4.92;1008.84;258.98;7.06;3.55
3.79;1025.87;138.4;6.81;231.57
2.17;1027.5;152.23;7.7;341.63
5.53;1029.29;104.97;5.3;72.83
3.29;1025.72;290.07;6.31;230.62
4.22;1012.35;283.35;11.9;1428.61
7.56;1022.1;122.78;10.9;980.23
0.15;1003.93;336.08;5.63;62.24
3.8;1027.25;233.24;10.94;1124.4
4.76;1007.26;226.49;10.41;967.36
4.75;1030.09;180.66;8.86;609.84
4.6;1009.7;233.35;8.87;612.49
5.44;1028.1;288.41;7.24;301.88
3.51;1027.19;276.62;7.72;390.21
3.06;1030.15;297.29;8.95;788.75
3.25;1029.42;162.08;8.24;470.67
2.71;1010.34;261.53;5.09;3.67
5.02;1023.55;168.74;8.05;403.19
5.53;1010.81;211.28;14.07;1936.4
3.61;1027.12;273.97;7.85;449.85
0.82;1016.29;137.62;6.5;3.66
5.42;1007.85;201.84;14.71;2005.95
4.96;1028.0;190.42;4.29;8.1
6.13;1016.41;201.94;10.64;992.34
6.35;1017.36;208.53;10.45;1007.26
2.21;1029.24;277.56;3.72;7.35
2.08;1023.96;125.78;8.37;468.62
4.2;1010.89;273.95;9.28;809.57
5.35;999.34;257.32;15.23;2006.71
4.3;1030.02;185.45;10.63;1040.1
5.12;993.9;212.12;19.48;2023.74
4.42;1027.73;193.59;7.41;334.66
3.87;1009.79;270.28;9.62;761.51
1.49;1032.26;147.79;1.8;7.78
0.53;998.95;342.29;6.17;163.7
6.23;1018.3;173.05;10.34;909.65
8.77;1029.47;152.16;2.57;7.86
5.23;1011.72;320.65;4.09;3.67
7.48;1029.3;180.93;8.43;539.55
2.48;980.96;277.72;16.67;2009.33
5.42;1009.89;229.27;13.36;1731.56
2.29;1033.95;117.29;1.65;8.17
3.01;1031.24;178.84;8.5;545.97
1.92;1033.0;308.73;5.89;162.86
5.11;1028.79;248.97;5.04;56.6
3.19;1013.08;288.38;15.5;1667.37
4.21;1029.34;200.67;5.55;86.2
3.09;1029.07;272.84;5.53;109.86
3.05;981.89;276.41;15.95;1969.57
4.17;1026.03;128.21;6.11;134.7
2.91;1004.01;304.99;12.18;1451.36
4.59;1033.97;211.7;4.97;8.0
6.01;1029.75;200.64;8.87;624.74
4.16;1026.51;153.18;4.86;31.24
4.75;1023.63;171.43;7.51;379.38
7.43;1015.27;293.42;14.0;1840.49
3.74;1026.23;256.98;6.32;8.39
-4.47;1001.05;316.03;1.42;7.63
2.59;1010.3;269.0;4.94;3.64
5.0;1024.38;217.58;8.56;525.69
4.74;1023.6;226.41;9.05;660.15
3.02;999.82;246.05;17.15;1676.44
4.87;1008.93;261.33;7.01;3.61
4.41;1030.69;114.29;2.74;6.99
7.62;1034.41;241.51;3.26;8.25
4.55;1023.85;254.26;7.49;376.39
4.39;1016.58;266.43;12.88;1708.74
4.65;1028.03;290.09;6.08;203.86
4.2;1023.08;170.08;4.54;7.27
2.22;1008.63;282.35;16.5;2009.38
3.29;1027.04;280.03;4.75;2.77
-4.63;1032.31;333.7;1.07;8.13
4.03;1029.32;281.87;6.35;8.39
4.1;1030.79;108.43;3.73;7.16
2.42;998.4;269.41;16.46;884.72
5.38;1014.26;267.41;16.45;2014.01
4.64;1023.58;250.07;7.93;447.48
2.76;1029.49;177.85;6.17;185.82
5.88;1020.16;206.58;7.32;332.73
7.7;1018.19;194.27;17.49;2016.54
3.91;1009.76;262.14;9.8;885.33
3.74;1009.54;226.92;10.63;1032.88
4.52;1023.68;241.21;9.61;792.59
6.43;988.96;253.97;13.7;1873.84
4.77;1029.79;188.38;9.7;767.87
4.39;1012.75;233.56;18.07;2019.07
3.9;1025.86;142.89;7.4;341.98
5.47;1012.9;208.62;14.39;1963.28
2.24;1032.45;259.38;4.6;8.5
6.08;1029.46;181.98;7.99;422.29
4.85;1019.94;210.06;9.69;797.74
4.08;1010.94;296.09;8.28;506.89
0.29;1032.83;325.12;5.37;65.78
6.24;1018.34;177.02;11.26;1176.93
3.55;1006.91;316.0;13.17;1670.06
2.19;1011.28;268.09;6.04;3.7
0.6;1007.29;286.09;15.71;2009.61
4.33;1030.61;119.85;3.54;7.08
1.97;1032.84;288.15;6.66;310.14
4.39;1012.5;233.24;18.03;236.18
5.3;1030.29;201.82;4.78;7.0
-3.96;1000.6;212.57;0.97;7.69
5.73;1013.59;208.29;15.17;2009.7
2.02;991.89;322.13;13.76;1810.3
5.47;1019.49;197.91;9.24;696.8
4.56;1028.52;234.08;4.72;16.38
3.0;1029.51;186.73;5.71;117.06
1.47;1030.82;334.85;8.26;491.95
4.07;1025.67;282.17;7.6;383.26
4.05;1015.54;230.5;18.03;2019.14
6.05;1018.86;201.96;10.5;962.48
3.28;1035.08;312.15;2.91;8.35
4.56;1028.5;225.01;4.4;7.23
2.66;1010.94;237.29;4.96;3.71
2.74;1028.94;177.88;5.35;7.86
2.79;1029.86;276.49;4.93;39.63
3.05;1035.18;307.08;3.23;8.74
6.78;1028.54;157.02;2.94;6.97
4.64;1026.15;178.37;12.45;1577.61
3.04;980.35;287.47;17.56;2005.76
3.63;1026.89;273.53;8.24;512.77
3.79;1028.08;277.67;5.23;8.62
5.22;1020.35;218.43;9.35;749.61
6.69;1020.99;304.35;18.0;2021.74
1.48;1029.55;278.75;4.91;7.21
4.01;1026.47;119.07;2.59;7.99
4.25;1025.69;205.95;11.96;1349.29
5.9;1020.1;209.14;7.46;369.94
2.63;1010.32;275.37;5.54;3.65
6.37;1015.03;211.34;18.25;1822.33
1.43;1031.18;307.5;5.32;111.4
3.65;1029.05;248.88;5.7;124.73
3.52;1029.62;184.31;5.14;7.34
5.37;1008.86;248.34;12.27;1495.25
2.07;1033.02;295.96;6.89;286.83
5.71;986.08;244.44;16.52;2017.35
3.22;1031.27;122.77;4.35;7.53
6.99;1028.11;314.17;7.13;260.57
3.59;1029.48;240.83;6.03;161.31
5.44;1016.47;266.77;12.68;1623.09
4.47;1009.65;290.67;7.76;418.67
2.2;1010.25;199.13;5.54;3.75
5.69;1019.71;218.09;8.4;497.98
1.05;981.73;308.46;9.87;634.35
3.66;1026.98;278.12;8.25;500.97
1.92;1032.92;319.85;5.77;90.77
7.06;1016.6;291.37;13.36;1736.16
-0.1;1028.36;165.01;3.5;7.91
6.06;992.6;239.23;16.95;2018.45
6.35;1021.07;130.45;8.67;323.83
4.93;1008.65;261.05;6.8;3.6
3.39;1030.39;260.77;5.78;8.38
5.88;1011.88;201.94;11.75;1372.79
6.27;1029.8;181.56;9.41;757.33
2.91;1029.28;162.58;7.56;354.48
4.39;1024.49;263.95;6.39;207.04
5.29;993.31;217.43;18.14;2019.86
4.62;1029.6;188.4;10.52;1027.69
5.87;993.02;232.96;16.97;2016.47
5.81;982.8;253.05;15.8;2009.04
5.57;1028.25;315.33;8.7;550.53
2.92;1029.22;278.7;6.42;216.83
3.37;1007.13;318.9;11.14;1234.57
6.26;1028.25;162.71;8.99;587.99
4.61;1019.77;204.7;9.36;714.77
1.4;1027.83;137.69;5.38;66.31
5.29;984.95;243.59;14.33;1953.62
5.46;1010.37;268.6;8.63;596.87
2.42;1029.11;189.71;6.07;122.48
1.48;1027.81;147.37;6.23;135.56
3.0;1010.84;322.28;6.61;3.85
4.14;1012.3;279.17;11.28;1290.21
5.46;1016.41;269.15;12.73;1673.07
2.26;1032.48;266.61;5.16;8.37
4.38;1013.33;287.59;2.39;3.96
3.16;1029.37;270.77;7.13;320.13
-3.51;999.12;146.88;4.25;7.96
1.13;1032.67;320.41;4.62;8.14
4.28;1026.01;287.67;6.62;290.61
5.27;1007.55;208.35;14.0;1870.2
5.02;1030.19;178.21;8.85;593.11
6.32;991.6;248.33;16.46;2013.52
6.42;1026.23;295.97;6.43;252.47
4.62;1027.71;244.72;7.03;308.5
4.84;1025.39;225.49;6.33;204.56
5.46;1016.17;252.91;12.64;1610.47
5.19;1028.3;209.73;4.6;21.7
3.26;1032.67;355.67;6.96;217.17
4.01;1016.25;230.1;17.63;2016.83
4.27;1029.22;199.55;4.66;7.4
1.54;1029.89;303.19;4.27;7.3
-2.6;1031.82;241.46;2.32;8.32
2.13;982.96;300.11;16.22;1949.43
4.93;1030.0;178.5;8.22;468.17
6.82;1012.12;284.94;13.89;1886.62
3.5;1012.23;297.11;12.82;1543.74
4.02;1026.43;147.48;4.42;7.58
6.33;1017.53;210.04;9.99;874.19
0.88;981.91;327.7;13.84;568.77
5.53;1026.46;220.66;2.83;7.51
2.39;1033.25;280.41;6.41;8.37
3.64;1027.12;274.83;7.52;398.83
7.33;1028.15;232.28;5.8;140.53
4.95;1015.57;246.89;13.34;1781.78
3.83;1026.6;270.5;6.49;8.48
1.97;982.99;296.19;15.11;1936.62
4.98;1009.65;261.78;9.53;814.7
4.46;1028.39;219.95;6.33;179.79
5.65;1028.08;312.28;8.35;550.4
5.08;1019.44;227.54;17.55;2015.38
2.57;1033.54;298.56;4.13;8.48
2.76;980.98;302.7;10.79;1193.46
5.44;999.07;255.88;17.78;2023.05
3.62;1028.99;280.91;6.69;233.5
8.78;1024.61;114.95;6.87;208.61
4.49;996.8;202.13;19.09;2021.29
6.54;1016.89;207.42;11.37;1207.29
3.3;980.47;288.13;14.65;1961.89
4.05;1025.89;151.27;8.33;424.65
3.4;1027.73;278.92;7.94;470.98
6.22;992.62;244.59;16.26;2014.18
6.28;1008.67;262.86;16.58;2015.42
3.97;1025.78;280.23;7.78;397.54
3.87;1028.04;293.82;7.4;305.48
4.74;1028.78;133.5;4.94;7.09
4.94;1028.64;173.26;4.07;7.13
4.03;1023.13;221.18;5.96;3.7
-3.52;999.74;161.45;1.79;7.9
4.01;1014.49;230.44;17.31;2016.09
2.84;980.47;258.18;14.92;2006.33
3.68;1035.57;322.07;5.33;8.72
0.69;1032.62;228.38;1.96;7.97
4.29;1023.33;224.33;6.02;3.73
7.24;1028.09;168.57;9.42;675.76
5.45;1025.84;263.54;4.31;7.02
2.7;1028.83;211.55;2.2;7.8
-0.55;1002.21;332.87;6.6;278.76
4.49;1028.54;319.8;5.32;129.98
1.28;1027.9;172.05;5.82;127.54
4.61;1026.06;221.16;7.68;401.86
1.75;1029.92;308.63;7.64;487.95
2.23;1029.62;306.31;5.5;16.9
2.54;1033.16;270.09;5.54;8.46
3.52;1029.79;244.07;5.6;76.64
5.54;1023.1;303.46;12.9;1749.91
3.4;1030.93;262.53;6.88;8.25
4.85;1023.44;225.68;9.5;746.48
4.45;1013.71;274.49;3.1;4.05
4.41;1009.12;237.7;11.65;1286.09
2.66;1027.74;158.4;8.48;502.34
2.56;1034.5;310.03;3.29;8.6
4.82;1030.04;180.96;8.48;509.35
4.18;1010.85;294.57;9.32;860.09
5.56;1022.81;295.9;9.78;785.87
4.01;1029.12;229.28;5.9;148.64
5.62;1019.51;220.16;8.3;484.69
3.06;1008.01;270.17;6.98;3.47
2.89;1029.61;178.6;6.15;190.45
2.59;1033.47;288.87;4.45;8.47
3.88;1026.05;210.96;11.81;1362.74
0.2;1032.81;326.62;5.19;50.29
4.54;1023.8;172.17;7.06;274.72
3.3;1007.03;311.99;11.52;1267.72
2.08;1011.01;239.9;3.54;3.68
1.26;1027.91;140.47;5.29;67.52
5.52;1015.11;275.8;15.28;2013.51
3.69;1028.93;194.7;6.57;244.88
1.64;1007.44;315.39;9.09;182.16
2.89;1029.52;173.02;5.87;143.26
3.58;1029.51;265.9;7.01;365.12
4.44;1008.37;247.03;6.93;3.55
4.83;1012.84;321.95;1.63;3.89
-3.67;999.94;166.79;1.08;7.73
6.4;1021.49;132.24;7.73;362.57
5.74;983.09;253.38;15.51;2013.57
2.14;980.75;278.45;15.88;2002.97
1.94;1032.93;313.99;5.64;151.65
1.47;1028.27;140.11;5.05;43.05
2.68;1029.03;188.99;3.99;7.71
7.05;1028.71;323.36;6.41;176.85
2.64;1029.09;193.29;4.02;7.69
4.85;1030.17;177.71;8.88;608.29
1.99;992.73;313.19;15.31;1883.34
4.17;1025.88;142.85;6.44;180.92
4.44;1026.33;203.46;8.55;591.67
3.45;1029.16;238.13;4.94;40.17
4.62;1025.38;260.23;5.74;127.72
3.44;1027.88;158.78;9.36;696.34
4.0;1027.84;289.74;7.51;503.0
2.31;980.38;280.83;14.34;1797.39
2.39;1032.83;283.4;3.79;8.34
3.19;1035.26;314.05;4.25;8.46
2.75;981.17;263.92;12.94;1695.7
4.79;1009.67;237.56;9.74;794.71
5.02;1014.83;262.51;15.65;2015.63
3.16;1029.48;171.71;6.61;218.35
2.35;1011.05;256.06;3.75;3.69
4.29;1022.11;217.66;15.13;2007.32
5.56;1016.27;205.34;10.42;969.65
4.94;1015.06;298.63;4.1;4.2
3.7;980.24;261.81;17.07;2018.31
3.26;1027.45;271.54;6.28;200.05
5.64;1012.32;209.76;15.42;2013.08
0.87;1032.79;326.49;5.0;18.92
4.68;1030.34;124.01;4.7;9.08
5.46;1016.08;252.22;12.72;1634.45
3.51;1028.47;245.07;8.41;548.94
5.07;1019.79;199.27;8.68;586.86
4.28;1019.96;203.2;7.72;413.74
5.06;1008.55;250.96;11.94;1372.45
-0.29;1000.91;342.54;7.81;408.27
5.61;1015.39;188.17;9.28;728.2
-4.04;1000.71;199.49;1.02;7.66
5.17;1011.58;316.92;5.8;3.56
1.45;1032.79;324.55;5.58;103.2
4.54;1026.14;222.46;7.72;409.03
4.95;1034.1;211.44;2.65;8.11
6.12;1034.74;164.17;2.89;8.15
7.28;1016.53;197.07;17.1;2015.44
6.61;989.5;249.93;14.25;1963.1
4.41;1026.51;225.84;6.58;260.63
3.15;1029.81;247.72;5.73;118.44
4.92;1015.16;260.09;15.08;2002.17
3.91;1026.48;127.51;4.12;7.13
4.87;1028.35;193.77;10.97;1126.24
5.56;1034.21;267.62;3.82;7.82
4.0;1022.74;218.93;4.75;3.74
4.25;1024.61;220.51;6.87;271.93
5.09;1023.66;172.37;7.6;291.52
6.32;1024.09;190.96;14.22;1986.01
6.1;988.52;262.37;13.86;1888.81
5.0;1025.27;304.62;7.65;395.83
7.29;1028.03;176.9;11.18;1131.19
3.34;1027.4;274.42;6.58;222.36
3.24;1025.01;129.32;6.66;206.54
4.59;1023.69;239.89;6.78;3.69
3.45;1026.51;274.44;8.27;512.14
4.27;1027.31;296.22;8.43;498.98
2.65;1028.82;200.26;2.49;7.6
7.19;1028.22;169.81;9.65;733.82
4.08;1016.98;227.8;17.29;2015.98
2.26;1032.71;318.68;5.42;117.68
4.36;1023.35;226.39;6.37;3.74
6.5;1023.15;272.35;7.1;325.78
0.97;1012.72;273.08;7.49;444.81
5.32;1014.21;271.22;15.94;2014.08
4.79;1025.9;219.78;7.39;373.37
0.61;1032.11;311.25;5.75;117.5
1.46;1032.34;337.77;6.07;181.1
-3.77;1000.07;129.22;0.43;7.76
5.71;1021.07;290.3;14.16;1906.1
1.23;1031.15;333.59;8.39;526.94
2.57;1029.96;272.72;5.06;45.96
2.34;987.1;310.97;16.61;2017.32
2.91;1027.69;157.23;9.2;640.2
4.43;1023.7;164.31;6.74;205.81
2.9;1029.23;245.97;3.89;7.77
4.45;1026.6;304.98;8.41;514.88
-2.96;1031.82;244.91;2.02;8.29
4.91;1025.31;305.15;6.83;375.13
1.98;1009.89;200.45;5.57;3.76
1.93;1031.33;309.51;4.14;38.29
1.91;1029.96;316.92;4.95;7.41
5.79;1008.67;244.11;17.89;2017.75
-0.43;1001.91;287.12;10.58;1077.94
2.73;1029.84;256.04;5.26;7.12
3.86;981.47;271.13;15.61;1970.04
1.68;1023.59;130.83;8.17;429.68
3.43;1027.35;274.56;6.73;254.25
5.29;1025.18;188.21;12.65;1574.96
2.59;1033.83;298.48;3.82;8.59
6.74;1018.91;153.93;12.16;1343.12
4.58;982.98;278.96;14.3;1794.08
7.75;1017.14;297.75;18.66;2020.8
3.13;1029.33;273.38;7.36;375.26
7.04;1015.41;201.89;16.87;2016.04
4.23;1027.16;300.08;7.77;417.1
5.47;1014.92;275.57;15.15;2005.96
2.48;1029.74;308.15;4.72;6.88
1.69;1033.03;296.26;5.58;142.56
0.46;1032.13;311.64;5.25;78.43
5.13;1007.96;237.22;11.54;1314.33
0.02;1032.62;129.04;1.02;8.07
5.41;1016.54;272.64;11.69;1398.66
2.99;980.35;284.23;13.63;1795.75
3.68;1028.05;159.85;9.72;765.25
2.75;1032.49;353.16;6.29;278.98
3.81;1027.98;292.47;6.96;307.4
6.39;1023.64;274.84;7.33;354.48
4.31;1026.17;215.66;8.36;539.01
1.75;1029.85;295.9;4.24;7.35
6.31;1024.24;281.98;6.68;238.38
4.47;1014.73;318.24;1.97;4.16
4.58;1028.34;319.68;5.77;145.28
3.49;1027.96;160.87;9.09;628.77
4.72;1015.4;277.42;16.74;2019.86
4.16;1001.99;199.58;16.41;2013.57
0.6;982.44;296.79;7.86;454.05
5.25;998.25;255.31;19.36;2026.75
6.12;992.57;243.68;15.41;1992.72
4.83;1027.79;183.84;12.1;1428.36
5.4;1028.46;159.03;8.72;538.18
7.56;1022.76;116.65;9.61;663.86
4.32;1009.92;280.68;8.73;611.09
1.71;1028.34;140.11;4.79;23.99
-4.37;1032.27;343.35;1.3;7.79
2.68;1027.54;162.47;8.89;548.95
-0.46;1028.45;152.28;3.34;7.8
0.81;1016.15;142.58;6.66;3.64
2.64;1034.51;292.61;4.07;8.54
3.9;1026.56;144.69;5.38;7.61
4.83;1028.23;192.34;10.87;1067.28
6.61;1022.98;270.45;7.33;341.52
3.87;1024.05;216.31;13.36;1803.34
5.74;1020.98;285.02;12.53;1551.02
4.28;1024.03;208.68;5.96;170.19
3.8;1028.93;246.56;6.78;257.13
3.75;1026.97;268.77;6.29;8.52
-3.46;998.92;139.32;4.54;7.77
3.98;1026.66;142.56;5.03;7.71
5.2;1011.67;284.12;16.7;2016.06
2.84;980.25;289.67;12.23;1638.7
4.21;1029.18;284.89;5.96;8.38
6.76;1022.65;266.49;7.19;342.47
4.95;1025.44;260.92;4.85;6.94
4.16;1000.95;196.55;17.64;2016.72
4.26;1017.92;227.88;17.76;2017.82
4.29;1029.18;288.28;5.44;8.48
2.52;1033.24;298.0;5.36;8.4
4.34;1024.17;259.06;6.47;214.38
2.65;1010.83;250.66;5.53;3.69
4.73;1009.95;276.92;9.03;647.03
5.54;1015.13;308.67;4.69;4.19
3.3;979.86;282.53;12.13;1430.92
4.97;998.8;227.23;7.85;406.28
6.72;1015.02;286.1;15.85;2011.81
2.9;1032.57;172.5;7.16;308.71
1.5;985.96;297.88;14.21;1969.76
5.26;1008.38;182.48;12.25;1456.83
2.22;1032.74;318.45;5.97;76.61
4.86;1025.65;229.52;6.28;218.51
3.37;1035.19;310.79;4.36;8.31
2.5;1033.31;179.93;6.66;276.39
6.45;1029.69;192.82;7.48;361.71
5.47;1023.17;306.05;12.37;1682.21
3.61;1004.0;300.46;13.69;1820.75
4.21;1028.37;237.84;5.16;63.32
-0.07;1001.72;280.53;10.12;999.52
4.65;1028.42;242.54;5.95;167.42
5.78;1021.15;286.68;13.36;1760.03
4.13;1014.05;231.02;17.85;2019.5
5.7;1034.29;277.67;4.5;14.09
-0.04;995.03;324.55;14.89;1976.73
6.42;1018.34;169.74;10.66;1023.09
4.2;1027.41;244.72;7.15;325.48
5.6;1022.58;297.67;9.95;808.59
6.08;1013.17;218.93;11.64;1296.21
2.62;1010.33;272.91;5.26;3.7
7.35;1029.35;183.19;9.01;680.61
3.2;1030.51;319.95;8.11;490.76
3.79;1030.81;183.61;9.85;826.07
3.1;1029.83;252.24;4.98;54.16
10.0;1025.27;130.53;5.58;7.29
2.48;1032.43;335.75;4.07;8.53
3.54;1030.99;295.5;5.89;8.23
4.64;1029.2;288.41;5.41;8.43
2.35;1027.22;158.44;5.56;98.25
3.61;1028.81;266.0;5.9;118.32
3.01;1035.3;321.58;4.69;8.5
6.6;1018.82;156.14;11.17;1080.64
2.05;981.1;298.32;14.37;1902.19
3.45;1027.36;275.37;6.72;267.63
1.54;1012.74;279.54;9.21;811.35
5.63;1034.83;158.67;3.14;8.18
8.03;1034.68;220.64;3.78;8.21
5.71;1019.62;216.93;8.58;557.0
-0.35;1028.62;173.31;4.33;8.05
6.22;1018.66;207.59;9.58;785.16
4.74;1007.51;226.33;10.43;987.16
1.93;1027.48;164.61;5.71;58.6
2.9;1024.88;131.65;7.09;257.36
2.78;1029.07;190.14;3.9;7.77
3.31;1027.76;162.57;9.4;724.77
4.7;1021.34;201.31;9.05;674.0
3.32;1029.81;263.74;6.92;302.97
7.43;1028.1;228.8;6.86;259.38
5.88;1011.12;199.1;12.3;1425.55
6.62;1029.66;105.28;5.18;66.53
2.54;1010.37;213.21;5.66;3.77
-3.28;998.7;127.14;4.25;7.65
8.82;1026.07;170.07;5.69;7.18
3.04;1032.32;269.83;6.15;8.24
1.8;1033.08;300.08;7.23;303.13
3.54;1009.03;156.37;4.74;3.73
3.18;980.55;280.13;18.57;2016.5
3.47;1025.08;127.65;7.04;268.51
3.44;1026.53;269.38;7.68;406.24
3.72;1029.27;226.68;7.22;304.97
3.87;1032.12;330.0;4.1;8.19
3.39;981.32;261.54;13.43;1823.72
1.99;1030.03;316.6;4.59;9.0
-2.23;1030.42;353.38;6.4;216.25
5.42;1015.92;271.8;13.29;1851.21
3.69;1009.64;248.53;9.96;849.32
6.01;997.9;267.55;16.85;2016.9
4.97;1029.99;190.83;7.22;6.35
2.74;998.03;276.9;12.89;1725.12
2.08;989.4;321.84;15.49;1945.96
3.58;1006.74;314.36;12.69;1760.36
5.35;999.09;254.23;15.92;2010.36
3.66;1027.44;283.88;6.12;169.1
2.52;1033.9;289.9;4.43;8.66
0.34;1032.56;161.61;1.48;7.91
3.81;1027.96;294.89;6.49;265.35
3.59;1027.89;239.89;9.16;697.87
3.54;1004.12;294.52;12.94;1905.04
2.58;1029.97;270.49;5.39;72.46
4.87;1010.71;271.77;11.32;1236.28
2.26;981.98;281.7;14.73;1923.03
3.57;1004.56;294.84;14.25;1952.22
6.47;1008.98;265.36;17.75;2020.71
3.66;1025.35;133.46;6.57;220.13
-4.52;1032.4;351.9;2.59;7.81
3.49;1028.41;242.08;8.27;526.34
2.63;1028.99;265.58;4.8;6.94
7.18;1016.54;293.42;13.51;1797.36
3.83;1026.69;231.37;11.38;1234.02
4.37;1028.34;220.72;5.15;58.35
4.12;1029.31;283.11;6.04;8.38
6.28;1010.25;271.45;15.97;2013.19
2.83;1010.8;234.53;6.04;3.62
7.48;1013.19;290.67;16.94;2019.09
4.38;1019.89;202.25;8.23;518.98
3.64;1006.75;208.81;12.11;1461.34
4.08;1028.02;291.3;7.65;364.29
3.01;1032.37;264.34;6.71;8.23
4.27;997.67;197.67;19.02;2021.79
6.42;1018.35;207.71;9.62;799.65
4.72;1009.91;284.59;8.9;611.57
2.54;1010.85;232.96;6.07;3.68
4.96;1028.61;147.17;8.31;438.76
2.43;1027.58;162.32;7.63;364.86
4.31;1024.68;218.65;6.41;208.93
5.23;1029.4;183.4;7.88;449.37
5.01;998.58;232.07;8.15;478.58
4.82;1030.05;178.55;9.59;761.85
5.09;1009.45;250.66;12.45;1534.63
5.37;1015.97;269.75;12.53;1599.93
4.84;1010.15;268.83;9.22;700.59
5.55;1019.42;212.61;7.75;404.66
3.6;981.42;265.57;14.12;1913.31
5.27;1007.9;239.0;10.82;1114.83
-3.72;999.55;143.55;2.32;7.82
3.39;1025.05;128.14;6.41;195.03
4.71;1000.63;210.22;9.5;728.83
5.4;1028.61;149.74;9.34;617.86
5.99;1029.8;201.18;7.17;292.66
3.23;1029.14;244.79;4.26;7.35
5.77;1015.41;306.97;6.49;4.22
4.54;1016.62;268.22;14.07;1974.68
2.69;980.86;302.51;15.03;1885.18
2.48;1032.45;256.58;5.15;8.38
2.57;1035.04;295.37;3.61;8.64
4.02;1016.15;228.95;17.14;2015.09
4.1;1029.29;281.82;6.12;8.43
7.06;1019.0;150.22;12.54;1428.6
0.75;1031.66;339.9;7.37;313.53
4.52;1026.5;228.43;6.02;172.02
5.49;1016.35;254.79;12.93;1681.59
4.89;1030.07;125.03;5.46;71.86
5.78;1018.63;210.64;9.69;780.48
3.57;1027.98;162.35;9.91;806.1
5.04;1015.3;191.99;5.69;143.04
2.43;1032.63;275.69;5.5;8.34
1.92;996.0;313.73;5.16;76.44
5.7;1013.72;208.59;10.23;923.79
0.29;999.48;343.15;5.97;169.0
5.93;1016.58;198.82;10.11;903.25
1.8;1030.78;303.74;6.36;168.25
4.6;1014.86;295.7;2.53;4.18
3.88;1009.82;265.81;11.09;1283.41
1.73;1029.72;288.86;4.39;7.58
2.44;1010.81;217.88;6.01;3.73
4.79;1028.62;179.41;3.52;7.13
3.57;1027.97;242.96;9.27;712.65
4.43;1009.67;291.66;8.1;532.19
5.77;1023.33;295.33;12.17;1527.34
5.3;1028.27;183.07;8.54;549.95
4.83;1028.5;188.94;9.86;892.91
1.86;1029.5;278.03;4.17;7.3
3.91;1032.34;346.27;4.39;7.91
5.81;999.54;247.89;12.83;1633.65
5.74;1027.86;290.4;7.21;417.42
3.85;1025.89;269.89;8.81;611.56
5.66;1014.18;206.05;8.84;610.2
6.15;1023.53;301.8;12.95;1613.93
4.73;1025.63;220.9;6.85;284.46
-4.58;1032.38;352.35;2.68;7.85
4.85;1009.69;241.15;9.94;885.96
4.96;1020.87;203.09;9.55;782.39
5.64;1013.94;206.59;9.66;798.56
7.67;1018.02;193.38;17.16;2013.94
2.33;1032.51;263.75;5.19;8.43
2.5;1029.61;302.45;5.23;75.14
6.09;1008.53;247.84;17.62;2020.66
4.75;1006.72;221.88;9.5;739.63
4.74;1025.84;178.28;11.88;1340.89
5.44;1009.32;252.65;13.02;1708.98
6.61;1009.77;197.53;13.42;1754.98
4.71;1006.88;161.48;6.51;3.74
3.66;1029.44;226.62;7.42;381.29
5.88;1029.37;182.71;8.15;455.09
5.12;1012.05;333.73;2.62;3.78
2.79;1010.77;230.7;6.0;3.67
4.81;1009.78;243.62;10.68;1036.44
5.44;1015.09;273.41;14.44;1995.17
5.16;1023.97;230.18;11.5;1262.98
5.38;1028.19;215.87;4.72;7.19
3.8;1029.72;198.18;4.13;6.83
5.35;1008.91;251.48;12.94;1676.08
3.31;1012.77;275.92;10.09;911.29
1.96;998.11;246.76;14.91;1971.41
4.91;1009.66;272.78;11.02;1110.37
6.26;1017.95;288.08;13.97;1911.22
2.07;989.75;326.68;14.54;1831.43
4.39;1029.11;322.08;5.05;54.97
5.03;1025.53;186.43;12.6;1558.92
2.12;1029.62;309.59;6.4;232.66
4.58;1001.35;204.68;9.43;716.28
3.79;1029.7;322.05;5.31;70.62
4.29;998.78;264.63;17.26;110.82
4.39;1022.58;186.75;6.15;172.74
4.24;1026.37;248.41;1.84;7.25
4.41;1023.36;228.39;6.49;3.69
2.81;1012.77;302.0;12.26;440.29
5.21;1025.26;188.15;12.72;1654.02
4.65;1018.6;228.09;18.24;2022.38
3.52;1029.22;312.27;4.29;6.68
4.74;1009.58;310.44;6.39;3.62
6.8;1019.09;153.42;12.43;1402.26
2.92;1009.99;268.28;5.41;3.62
5.4;1009.07;249.37;13.39;1796.44
4.43;1028.92;321.94;5.26;79.6
4.16;999.99;196.7;17.83;2020.54
5.96;1020.12;291.64;14.01;1780.49
-1.26;1031.85;226.16;0.94;8.19
1.79;1007.86;312.86;6.98;204.52
1.91;1029.86;290.52;4.1;6.48
2.5;1033.86;295.97;3.33;8.59
1.19;985.21;305.08;15.39;1970.26
0.79;998.97;258.17;20.06;2019.77
5.54;998.48;242.09;11.29;1185.41
5.37;999.07;252.64;15.81;2010.81
3.3;1029.59;182.11;5.98;153.01
2.62;1032.19;282.82;8.73;487.87
3.57;1029.13;263.62;6.57;230.86
3.47;1026.69;270.09;8.04;467.85
2.48;1033.73;304.78;4.16;8.42
1.81;1033.06;304.16;6.08;207.14
2.22;1010.97;236.21;3.97;3.71
3.79;1032.39;351.61;5.05;7.9
3.91;1028.1;290.76;7.69;457.84
2.51;1010.7;222.22;6.21;3.73
4.69;1023.82;234.26;9.95;871.34
3.39;1027.36;213.56;7.3;354.6
-0.58;1002.39;331.22;6.25;232.6
4.5;1010.19;266.44;9.17;713.82
5.13;998.76;262.26;20.29;527.05
6.32;1017.44;208.1;10.09;937.39
6.35;1018.06;207.06;9.86;863.64
3.56;1026.84;271.6;7.75;415.94
5.69;1028.3;177.23;4.76;7.21
2.86;1028.73;247.74;3.67;7.19
3.94;1029.13;220.38;6.39;221.7
3.25;1035.09;311.38;3.28;8.38
6.07;1019.85;204.43;8.38;496.69
1.93;990.38;328.94;13.11;1525.58
3.91;1029.15;223.67;6.89;276.84
6.38;1028.53;229.5;6.88;268.48
4.04;1009.92;271.73;10.17;908.09
-3.41;998.45;106.1;5.18;11.65
5.45;1028.4;185.22;8.17;508.58
4.92;1012.32;330.98;3.56;3.79
3.73;1028.91;241.82;6.51;234.9
2.68;1010.97;244.37;6.02;3.67
4.16;1026.41;211.58;4.3;7.09
5.39;1009.0;249.23;13.34;1755.35
-1.53;1031.82;218.28;1.44;8.32
2.72;1031.75;276.26;11.26;1187.41
4.2;1027.64;287.11;7.61;417.77
4.87;1029.89;180.03;10.06;875.52
7.75;1027.11;177.18;5.35;62.54
4.24;1029.18;201.37;4.47;7.23
4.6;1023.91;236.07;9.92;861.08
5.34;1016.02;272.82;12.61;1649.31
5.71;1019.61;216.85;8.53;545.04
1.95;1029.99;318.77;4.68;26.49
1.09;1032.27;346.84;6.21;199.71
1.41;997.97;254.25;13.29;1679.07
3.76;1010.08;233.39;9.92;855.51
3.77;1027.94;289.62;6.34;310.09
3.11;1029.44;177.3;5.92;125.71
5.61;1012.12;209.87;15.32;1995.21
6.32;1018.23;207.37;9.65;799.55
3.27;1004.06;298.23;13.46;1932.29
3.3;1028.86;274.48;7.83;431.5
5.91;1021.4;234.36;7.38;335.67
4.46;1009.03;237.8;11.0;1127.74
5.98;987.77;254.75;13.75;1870.51
7.35;1028.6;181.72;10.72;976.05
5.4;1028.85;188.72;9.26;720.01
5.45;999.16;258.03;15.15;1993.56
3.44;1012.29;258.57;12.01;1483.51
3.31;981.2;262.63;12.78;1706.05
4.54;1027.76;234.77;7.22;355.07
-4.13;1000.75;217.56;1.16;7.38
4.27;1029.21;208.23;4.2;7.34
6.48;1009.93;196.31;13.34;1772.06
4.14;1032.3;346.81;3.57;8.12
4.7;1023.44;250.0;7.85;430.82
1.0;1027.96;171.1;5.45;76.23
4.51;1027.9;278.42;4.83;41.33
3.74;1028.62;275.89;5.75;95.93
2.32;980.85;300.13;13.04;1521.19
7.26;1029.41;180.46;8.76;653.35
5.05;1014.46;262.79;15.95;2013.28
5.64;1019.22;217.79;10.86;1046.84
4.75;1015.09;274.11;16.12;2015.9
3.77;1008.64;167.13;4.29;3.85
8.06;1023.86;109.55;7.72;315.55
6.35;1009.43;266.35;16.84;2018.86
3.26;1011.44;293.49;14.37;886.2
4.6;1001.1;205.53;9.41;701.35
5.09;1030.17;173.18;8.65;549.72
4.28;1024.17;211.24;6.31;211.99
0.59;1000.41;326.72;13.94;1711.41
7.1;1020.15;306.06;18.58;2018.86
3.56;1029.42;262.1;6.02;180.12
3.81;1028.27;273.68;5.35;8.62
0.82;1032.05;343.88;6.56;223.65
2.32;1032.65;265.26;6.25;8.43
4.17;1028.37;286.4;6.1;186.87
1.39;984.35;297.83;13.23;1590.84
4.22;1028.95;231.75;6.41;210.83
5.74;1026.28;259.97;3.41;7.26
0.41;1000.29;326.23;14.49;1754.82
4.02;1027.49;191.67;7.79;390.32
3.68;1029.77;176.76;4.12;7.31
3.38;1027.28;261.63;3.35;7.36
3.91;1010.48;279.74;6.4;178.73
3.59;1005.83;305.94;13.44;1930.63
4.62;1021.24;222.27;16.07;2011.87
4.54;1034.97;155.5;1.94;8.13
4.39;1027.75;213.9;7.22;298.75
3.49;1011.13;287.26;11.06;1082.68
3.62;1035.11;317.44;3.66;8.31
5.41;1011.78;283.55;16.43;2019.01
5.88;998.48;261.25;15.02;2007.32
3.2;1027.19;266.84;3.64;7.36
3.12;1029.42;174.59;6.66;238.54
9.55;1025.11;126.49;6.2;126.76
3.06;1028.83;195.54;5.49;77.73
4.18;1026.47;229.39;3.01;7.12
4.65;1024.0;234.32;9.38;759.87
6.24;988.72;261.18;15.02;131.19
2.6;1030.59;271.53;9.85;862.34
-1.78;1031.82;250.75;2.21;8.32
2.74;1031.87;277.34;9.95;861.65
1.77;1029.56;278.52;4.6;7.59
5.58;1007.92;198.23;14.72;1945.19
5.97;998.56;260.92;15.68;2009.41
2.59;1011.13;248.03;6.8;3.7
4.91;994.81;207.94;19.42;2022.41
0.68;1031.99;305.25;5.68;134.27
5.74;998.48;267.73;17.05;2017.23
4.86;1027.46;181.34;12.13;1446.29
5.98;1013.24;214.31;10.88;1134.62
5.1;1029.65;191.79;9.9;831.91
5.23;998.43;257.25;20.2;150.04
4.41;1009.89;276.62;8.87;659.04
6.12;1008.4;247.61;17.96;2017.73
2.45;1032.59;279.35;4.73;8.35
0.71;1015.79;139.83;6.91;3.6
3.56;1035.14;319.85;5.32;8.36
6.16;1008.25;250.89;16.66;2015.37
4.67;1023.87;234.67;9.8;857.98
2.62;1035.25;302.79;3.33;8.54
5.34;1023.71;233.88;9.75;490.15
3.95;1026.46;138.77;4.65;7.55
-0.1;1032.82;334.85;6.03;141.75
3.63;1027.01;276.41;7.79;420.15
1.32;1030.88;333.47;8.1;464.66
5.48;1025.71;264.48;4.12;6.79
1.99;1030.14;282.13;4.35;6.66
3.27;1029.53;258.71;4.25;11.62
6.11;1019.91;204.52;8.27;515.1
2.38;980.83;275.08;18.23;2015.74
4.1;1023.53;191.44;5.34;78.64
2.12;1029.65;307.39;6.42;261.06
3.85;1025.87;265.6;9.16;702.13
4.22;1026.54;215.74;2.37;7.28
3.13;1011.32;299.32;17.09;2016.6
1.39;1028.7;186.74;3.05;7.99
1.3;982.65;291.91;10.98;1145.16
5.33;1030.18;201.97;4.86;7.0
4.26;1023.34;222.22;6.43;3.71
2.32;1028.36;140.08;4.88;42.52
4.17;1027.64;191.56;7.7;400.96
2.46;1033.13;178.91;6.7;241.87
5.92;1023.93;308.4;12.92;1670.06
5.54;1020.48;211.37;10.06;888.8
3.28;1029.03;263.71;5.17;76.81
7.63;1034.36;198.95;2.56;8.21
1.22;981.99;305.82;7.35;367.3
4.6;996.27;204.55;19.92;2025.08
5.97;1010.62;195.49;12.03;1376.94
3.32;1032.15;328.48;3.88;8.21
4.68;1027.76;191.07;7.62;365.07
2.31;1011.3;265.51;6.14;3.67
7.24;1028.49;326.77;5.89;169.75
3.89;1027.06;234.53;5.89;153.74
7.41;1027.39;186.5;6.59;194.32
4.95;999.27;225.6;8.86;579.72
5.48;1011.98;283.08;16.85;2011.08
2.39;1033.33;299.47;4.47;8.53
3.94;1029.37;280.89;6.29;8.34
4.07;1029.59;321.16;5.06;68.78
6.0;1016.43;211.5;10.73;1105.76
3.58;1027.08;274.34;7.76;439.96
5.42;1030.13;205.96;4.42;7.58
4.55;1002.92;179.28;10.21;860.69
4.36;1028.57;215.25;3.73;7.19
2.25;1032.34;346.89;6.78;174.34
3.01;1029.35;297.72;6.53;246.17
5.11;998.42;239.81;9.3;706.58
6.32;1012.54;215.68;12.43;1568.17
3.61;1029.1;218.21;6.23;193.15
3.75;1008.16;220.6;12.15;1454.34
3.41;1030.58;271.83;5.02;8.34
5.65;992.94;230.79;15.53;2005.6
3.01;980.3;285.56;13.94;1761.4
3.31;1031.9;265.13;6.23;8.23
2.79;980.18;277.04;17.26;2014.81
4.68;1007.98;224.7;8.77;573.57
2.02;992.0;319.48;13.19;1673.72
-0.42;1028.62;167.46;3.92;7.98
5.62;1028.06;292.42;8.52;564.73
5.2;1011.67;319.58;6.53;3.56
-3.33;1032.15;256.92;2.23;8.21
4.56;1026.64;306.32;7.68;455.19
3.96;1031.21;117.51;3.71;7.66
3.78;1029.57;276.74;6.42;8.32
5.56;1015.42;200.56;10.17;913.92
7.4;1013.56;288.82;17.51;2016.56
4.0;1026.36;131.85;0.99;7.57
4.15;1027.61;290.34;8.13;562.6
4.22;1027.95;294.56;6.86;271.91
4.93;1024.9;305.7;9.7;918.49
5.86;1016.26;209.13;10.53;1036.75
5.03;1009.84;265.66;10.43;1076.46
2.67;1029.4;296.39;7.02;313.4
5.63;1014.25;254.52;14.31;1062.22
5.42;993.18;219.77;18.07;2016.54
1.45;1027.83;139.25;5.6;78.17
2.74;1029.08;190.42;4.55;7.79
5.23;998.38;244.62;8.91;621.76
2.2;1032.75;315.1;5.45;130.25
6.49;1008.78;264.25;17.77;2020.24
5.54;1011.69;321.45;4.45;3.68
-0.45;1001.7;339.85;6.69;250.86
3.29;1030.4;315.7;8.7;591.37
6.47;1009.67;268.35;16.67;1133.1
4.18;1025.77;126.52;5.87;111.56
3.62;1026.73;280.05;6.12;161.84
1.18;994.59;337.53;5.75;76.54
5.06;1026.63;289.3;7.01;422.98
3.81;1025.98;261.71;9.02;641.67
2.39;1032.71;274.9;3.23;8.36
4.6;1029.18;287.9;5.07;8.43
3.35;1006.96;318.95;11.79;1488.27
3.71;1025.59;297.64;6.72;273.48
3.6;1028.03;217.08;1.91;7.75
3.44;1027.34;257.59;2.79;7.34
5.54;1008.05;195.81;14.01;1840.07
3.42;1034.92;230.33;3.09;8.12
4.93;1024.92;228.59;7.8;439.56
3.78;1026.46;264.71;6.37;8.44
-0.25;1003.49;309.51;4.72;7.76
5.61;1016.82;259.66;12.91;1664.29
5.55;1011.83;316.37;6.85;3.72
2.53;1028.73;203.33;2.42;7.87
7.0;1029.66;118.1;5.3;7.86
5.18;1029.74;175.72;8.94;619.77
-2.89;1030.87;357.35;6.08;187.47
5.45;1028.72;235.96;7.44;374.86
3.68;1029.51;237.78;6.44;223.96
1.85;996.23;306.37;6.56;7.39
0.91;1031.37;335.07;7.19;335.81
2.4;988.06;316.05;16.22;1750.25
-0.13;1003.68;320.95;5.16;7.67
2.36;988.44;319.21;16.43;873.27
-0.47;1028.59;164.04;3.45;7.95
2.5;982.88;287.36;13.71;1731.54
4.56;1023.85;236.98;9.74;863.56
4.48;1023.63;243.58;7.36;344.33
3.7;1008.73;156.13;4.74;3.83
6.21;1019.61;291.78;14.93;1916.2
3.73;1029.23;217.7;7.61;405.7
1.66;1033.87;101.01;2.29;8.1
5.54;992.93;223.39;17.79;2019.13
4.02;1030.07;208.95;3.91;7.07
5.69;1014.2;201.45;8.58;551.46
2.52;1010.71;222.06;5.62;3.71
4.02;1016.55;230.8;17.69;2015.65
2.04;1032.85;316.53;5.93;154.6
2.37;980.44;303.87;13.99;1814.94
2.32;1011.01;303.97;7.06;421.15
3.16;1029.44;180.01;6.09;135.87
5.15;1034.15;229.01;2.23;7.79
3.24;1027.73;162.23;9.37;695.96
1.16;984.06;291.86;15.16;1929.95
6.37;1009.15;264.93;16.21;2012.68
3.99;1015.02;231.98;17.57;2016.99
5.19;1010.07;265.95;10.2;972.7
1.07;1032.74;315.5;4.6;7.77
4.99;1026.47;289.77;7.79;483.35
5.48;1016.0;251.5;12.72;1627.74
4.95;1015.51;249.71;14.32;1919.6
0.63;1032.63;172.34;1.73;7.91
3.39;1031.98;290.53;5.88;8.25
5.88;1029.83;181.12;10.27;944.65
5.8;1028.04;142.68;4.96;20.02
5.27;1010.43;264.49;8.98;635.57
1.96;1032.82;321.82;4.93;43.28
3.23;1028.64;132.04;5.16;77.54
-4.0;1000.61;210.46;0.75;7.77
1.05;981.51;294.84;17.64;727.65
4.66;1023.31;237.83;10.59;1065.44
4.86;1012.75;329.56;2.06;3.85
5.76;1027.96;221.54;5.52;87.34
1.66;980.51;296.61;14.16;685.31
4.21;1022.3;217.99;15.18;2008.89
6.33;991.95;249.15;16.47;2013.5
4.27;1028.76;228.14;6.58;234.92
3.31;1029.99;204.03;3.27;7.16
5.18;1030.39;196.52;6.22;184.2
2.11;1029.85;287.47;4.24;6.54
5.04;1034.11;215.61;2.38;8.02
3.55;1010.78;296.98;10.1;965.77
3.92;1027.2;236.03;6.76;279.45
2.02;1032.97;284.73;7.74;335.32
3.86;1026.41;113.33;2.02;7.82
3.96;1004.51;296.69;15.4;1980.05
6.35;1026.75;295.27;6.6;196.2
6.46;1029.77;114.2;5.34;63.07
4.97;983.5;265.38;20.65;2030.47
1.32;1011.29;305.47;10.52;537.54
1.35;984.24;286.55;16.07;1971.09
4.88;1027.66;183.14;12.36;1510.01
4.06;1029.29;281.33;6.42;8.4
6.92;1028.17;312.83;7.28;355.62
3.15;979.79;289.35;11.48;1282.89
2.76;1029.1;241.47;3.48;7.72
1.83;1033.01;297.0;7.09;317.46
4.41;1014.01;284.31;2.59;4.13
5.88;1020.66;290.27;12.52;1690.66
3.75;1029.13;216.7;7.87;447.7
6.24;1008.43;261.95;16.22;2013.11
2.59;1010.85;233.31;6.3;3.66
6.13;1018.94;203.44;9.94;858.83
5.21;1028.16;296.46;6.91;267.67
4.41;1007.36;165.2;6.78;3.74
2.2;1011.28;261.36;5.49;3.68
3.3;1026.89;184.93;8.17;508.62
5.3;999.06;252.54;14.68;1995.76
5.31;1008.78;249.3;10.98;1148.52
3.75;1029.43;241.56;6.96;276.82
6.5;1009.61;196.87;13.17;1700.95
3.48;1009.79;249.56;8.77;645.69
4.31;1026.31;213.13;9.11;659.53
4.42;1024.75;218.82;5.92;159.8
3.85;1028.79;133.2;4.22;7.27
3.9;1022.98;235.85;4.91;3.69
5.05;1008.12;240.01;10.62;1024.11
1.36;1031.09;309.09;5.98;164.65
4.17;1026.71;230.97;6.89;302.19
3.95;1015.22;232.15;17.62;2023.61
3.92;1021.66;193.02;7.96;455.19
4.5;1023.26;230.49;9.57;765.97
4.37;1024.71;219.32;6.3;197.79
5.29;1027.03;291.94;8.4;267.5
4.65;1019.79;206.85;9.73;817.03
4.35;1022.86;180.75;6.87;241.89
5.16;1011.82;331.9;2.55;3.72
4.13;1023.08;220.95;6.31;3.72
5.41;1008.87;241.57;17.57;2014.51
1.44;995.12;342.2;5.47;102.02
4.2;1029.41;205.62;5.13;55.85
2.6;1029.85;321.33;4.95;45.79
2.94;980.48;278.01;17.19;2017.73
4.82;1029.05;194.39;11.3;1209.59
3.76;1029.5;280.62;6.24;8.38
1.9;1033.88;111.25;3.05;8.07
5.15;1030.43;203.83;4.25;7.07
4.42;1012.54;233.2;17.88;245.52
7.59;1016.77;196.63;18.02;393.52
4.21;1026.51;207.1;8.66;593.41
3.93;1027.6;189.35;7.19;307.48
3.44;1012.59;269.21;9.02;718.74
4.71;1010.84;279.09;12.88;1672.82
1.64;1030.98;308.03;6.06;187.2
3.34;1008.44;308.79;6.29;7.13
3.8;1025.87;289.37;7.38;393.25
7.61;1022.6;117.32;9.88;772.86
1.43;1000.96;312.6;11.93;1532.53
4.43;1028.26;235.87;5.17;67.72
2.66;1010.33;270.52;5.39;3.67
3.71;1008.73;224.26;12.56;1539.31
3.39;1004.53;296.69;13.02;1885.48
3.99;1027.41;192.52;7.94;415.02
7.25;1027.86;312.28;7.91;351.4
4.65;1011.63;236.1;17.94;2019.58
2.16;1027.52;157.43;7.07;267.92
2.55;1028.88;212.81;3.65;7.93
2.53;1031.9;277.8;9.6;796.98
2.35;981.24;295.3;15.72;1981.87
3.65;1028.8;263.21;5.7;126.25
4.02;1027.07;274.1;4.77;8.48
3.18;1009.57;170.22;4.49;3.66
2.66;1029.13;197.05;4.11;7.72
3.89;1032.25;355.04;4.55;7.88
2.8;981.28;303.94;12.73;1688.08
4.55;1023.7;237.47;9.36;733.42
7.25;1019.44;304.07;17.53;2022.28
2.01;1029.5;283.21;4.67;7.25
5.04;1008.55;262.3;6.72;3.53
2.94;1012.21;263.23;10.21;986.68
4.5;1027.76;229.13;7.21;335.67
3.0;1030.27;291.06;8.89;673.78
3.56;1003.66;313.73;13.88;1211.07
-1.83;1031.73;240.14;2.22;8.28
4.61;1023.92;231.29;9.54;796.75
4.33;1012.28;286.72;14.34;1953.18
4.61;1027.78;193.65;7.28;298.89
3.98;1022.85;225.39;4.51;3.68
4.49;1009.74;279.1;6.43;234.4
2.19;1032.58;268.52;5.71;8.4
5.64;1018.95;212.24;9.03;631.1
2.77;1010.84;316.45;6.22;3.87
4.64;1025.46;221.48;6.55;248.19
5.02;1019.17;226.59;18.08;2019.8
2.81;1010.14;268.96;5.7;3.65
5.87;1022.73;303.35;14.59;1915.53
5.67;1015.73;208.36;9.71;809.3
3.08;1029.31;298.52;6.09;196.48
4.65;1023.42;249.59;8.43;522.66
6.24;1008.33;255.99;17.13;2013.22
4.4;1024.63;215.11;13.5;1839.99
1.52;1007.59;321.92;7.37;330.45
5.23;1028.51;179.52;3.87;7.14
3.73;1008.45;223.17;12.69;1578.68
4.8;1025.91;308.76;8.32;642.72
6.07;1020.97;228.66;7.38;270.88
1.3;1032.32;338.84;6.35;173.95
6.24;1029.78;110.52;4.85;7.13
4.67;1002.19;189.22;9.67;723.92
6.58;1027.7;222.53;6.14;166.12
2.5;1031.94;277.62;9.25;716.69
5.13;1030.45;200.94;4.91;38.42
2.63;1010.93;237.55;6.32;3.67
3.6;1028.69;129.02;5.2;51.83
2.75;1003.84;296.97;14.02;1883.63
3.43;1029.74;256.28;7.15;315.85
5.1;998.42;237.32;9.16;671.45
3.63;1028.74;270.56;6.04;127.82
3.25;980.46;279.51;18.58;2022.59
2.7;1023.55;146.67;8.95;515.79
3.32;1009.94;269.32;9.42;797.65
2.04;1011.0;253.22;4.83;3.71
4.91;1024.48;216.35;7.99;450.28
4.45;1024.76;221.98;6.38;203.48
2.66;1010.28;271.92;5.63;3.68
4.77;1025.72;219.88;5.88;163.55
5.98;997.71;262.68;16.75;2015.76
6.38;1012.98;217.83;12.93;1673.85
1.83;980.94;287.9;16.48;1951.37
7.76;1028.96;181.89;9.24;701.25
4.77;1009.04;259.05;6.66;3.69
6.11;1019.21;200.7;9.23;707.02
7.17;1015.72;200.12;17.44;2016.64
3.76;1028.2;277.48;5.23;8.74
4.59;1002.48;185.52;9.25;647.0
4.81;1030.21;119.8;5.15;18.65
4.3;1023.38;224.13;6.12;3.75
2.2;1010.9;234.52;4.44;3.73
5.24;1020.32;226.87;17.7;2015.17
4.76;1029.79;184.27;9.79;794.1
5.35;1008.89;249.87;12.79;1659.41
4.84;1025.59;218.19;7.8;435.37
3.93;1006.38;315.99;14.1;1781.3
6.56;1015.28;213.72;19.3;2027.28
4.44;1027.78;221.86;7.4;346.6
5.81;993.93;232.31;16.74;2016.87
4.42;1027.75;216.61;7.41;348.75
5.23;1015.27;193.59;7.53;354.59
4.02;1028.66;282.41;4.23;8.58
-0.46;1002.93;319.21;4.38;7.93
3.8;1028.49;284.6;8.51;510.71
5.52;1019.42;203.54;9.18;693.08
4.72;1007.11;159.54;5.96;3.73
4.49;1028.67;295.04;3.82;8.47
2.78;1010.84;248.59;7.33;3.7
4.08;1027.67;281.8;6.77;8.48
3.96;1009.41;259.16;6.52;3.69
8.75;1025.84;148.01;3.54;7.15
3.87;1024.49;216.9;13.19;1760.45
2.87;1033.6;188.28;6.8;203.16
0.44;994.38;322.17;16.56;2002.14
3.65;1026.97;277.75;7.63;382.49
4.54;1023.74;238.15;9.56;798.66
4.14;1026.34;247.73;0.94;7.35
4.36;1027.67;209.63;7.14;314.97
5.52;998.03;244.71;10.31;960.73
1.06;1032.46;234.15;1.25;8.11
4.63;1008.64;233.53;10.75;1068.74
7.72;1034.65;231.76;3.73;8.27
6.54;1025.34;291.67;6.44;239.17
5.4;1015.07;305.25;4.38;4.2
2.94;1029.91;266.22;5.56;126.82
-0.49;1028.5;161.93;3.52;7.9
3.33;980.45;281.3;18.43;2016.37
4.22;1010.14;269.83;11.28;1186.6
3.82;1005.13;304.0;15.33;1945.36
1.92;1030.2;283.58;4.82;6.76
1.92;998.55;252.62;16.62;1957.32
5.01;1015.88;253.84;14.44;1979.02
3.05;1031.32;175.94;8.46;546.8
3.96;1026.88;226.56;5.78;143.33
4.07;1025.52;290.99;6.81;282.17
4.59;1023.35;238.31;7.19;326.33
4.5;1029.22;289.52;5.52;8.41
2.47;1011.06;265.35;6.04;3.67
4.14;1027.37;240.33;6.96;290.97
5.27;1028.25;213.52;5.36;94.97
3.88;1025.95;264.16;9.33;724.91
3.41;1025.62;293.19;6.29;197.4
4.23;1027.91;286.89;6.03;165.24
6.16;1019.17;203.97;9.31;742.93
2.78;1009.72;277.45;8.04;121.93
1.99;1033.13;291.68;7.19;379.17
5.44;1014.79;246.22;12.98;896.59
6.57;1021.2;304.54;17.6;2019.87
5.81;1021.24;301.49;13.59;1819.63
2.91;980.44;301.31;13.45;1722.07
4.88;1028.37;243.18;6.11;135.75
6.27;1017.98;206.07;10.04;900.91
5.97;1010.88;197.12;12.65;1530.5
0.8;1032.52;152.69;1.73;7.89
4.89;1027.91;294.24;6.9;265.42
7.69;1029.43;172.5;2.06;7.2
6.08;1024.59;190.16;12.86;1599.27
5.25;1028.27;211.99;5.36;62.81
5.63;998.78;244.85;11.43;1244.37
7.76;1023.58;112.42;7.7;366.33
3.79;1008.58;172.08;5.21;3.83
5.33;1028.49;233.17;5.66;118.4
3.36;1011.8;303.49;17.17;2013.49
2.2;997.36;307.77;8.39;210.81
-4.55;1002.24;272.81;3.32;7.55
5.47;1028.34;217.86;4.71;7.33
4.57;1027.74;240.43;7.36;361.87
5.32;1011.48;314.85;6.65;3.48
3.65;1012.7;279.56;13.48;1718.67
2.3;1010.72;221.32;6.1;3.7
-4.34;1032.15;309.9;0.83;8.27
0.56;1032.52;247.76;0.91;8.13
5.39;1029.51;175.35;9.09;596.75
4.4;1027.76;212.16;6.88;294.01
2.6;1010.93;242.97;6.22;3.66
0.91;994.22;338.75;5.83;137.95
5.25;1029.56;190.67;9.96;855.08
1.87;1032.83;291.32;5.45;105.26
5.65;1015.27;307.47;5.36;4.19
5.34;1007.66;205.05;14.41;1972.96
4.19;1009.96;270.92;9.09;729.56
3.31;1033.96;202.8;5.74;149.2
6.02;1024.68;187.63;12.82;1743.42
1.84;1031.32;311.37;5.16;82.07
2.08;1032.55;270.59;5.1;8.26
6.07;1019.76;290.19;14.07;1902.46
4.25;1028.84;212.8;4.65;7.19
6.76;989.73;252.43;15.52;2004.66
4.45;1025.48;298.74;7.13;299.71
3.11;1030.14;301.61;9.21;674.49
2.55;1033.39;185.9;6.94;288.47
0.83;1005.04;356.92;6.86;286.27
6.4;1017.12;205.25;10.67;1063.87
0.71;1032.0;339.66;6.82;238.39
5.54;984.14;238.66;14.37;1949.4
4.26;1028.28;245.28;6.62;244.03
4.57;1021.97;222.3;16.01;2011.32
4.63;1008.27;225.35;9.36;730.67
4.01;1021.92;182.7;6.51;240.9
3.27;981.01;268.02;16.8;2015.84
-0.58;1032.2;259.99;1.79;8.35
2.46;1011.01;229.88;5.52;3.75
3.93;1015.49;231.88;17.36;2016.14
5.2;1019.88;227.63;17.48;2018.14
2.74;997.88;282.27;11.24;1067.71
5.01;1014.91;210.91;5.37;87.08
5.53;1034.15;236.49;2.34;7.74
7.65;1017.29;197.25;17.5;571.94
4.67;1029.94;197.05;5.8;48.57
3.74;1027.78;282.43;7.48;333.93
6.0;1022.54;303.99;14.53;1934.67
4.78;1030.17;174.75;8.58;526.25
0.81;1032.47;320.63;2.94;8.49
5.14;1009.61;256.07;13.18;1721.3
2.74;1029.28;297.64;7.32;373.2
8.65;1026.15;170.0;4.81;7.17
5.09;1009.64;250.88;12.59;1566.47
5.04;1025.75;216.8;7.75;388.48
4.34;1007.49;168.73;6.52;3.72
5.45;1028.42;173.89;4.23;7.18
5.82;1024.84;189.55;12.91;1666.82
-0.05;1032.85;173.32;1.65;8.06
4.01;1023.9;219.85;14.45;2004.94
4.51;1028.03;215.55;6.84;253.2
4.38;1029.88;186.86;10.77;1065.98
5.43;1028.09;292.96;8.19;596.14
6.65;1029.64;187.61;7.87;409.8
1.99;986.59;302.32;16.01;2016.74
2.37;1027.49;163.97;7.49;334.11
4.21;1028.87;225.46;7.2;321.64
3.17;1032.07;270.0;6.04;8.27
5.48;1015.52;241.49;12.35;1530.48
3.78;1005.99;203.37;13.35;1725.02
-0.15;1032.75;343.82;4.74;24.46
5.52;1028.73;188.73;9.13;684.38
3.78;1006.62;312.55;12.46;1668.24
2.61;1027.59;162.43;8.89;568.23
4.4;1028.52;250.31;5.37;82.25
4.35;1030.61;123.91;3.26;7.03
4.46;1030.44;123.47;4.39;7.03
2.78;1024.68;128.39;6.5;216.69
6.89;1029.52;180.02;9.4;730.14
4.52;1028.97;292.92;4.06;8.47
4.45;1026.04;288.62;6.59;296.8
2.7;980.98;292.49;11.88;1407.74
5.36;1015.39;243.51;12.36;1487.09
3.12;1029.11;275.15;7.99;500.83
2.47;1011.0;247.48;3.85;3.62
1.43;1029.7;279.44;3.78;7.63
2.26;1027.72;141.14;5.51;74.58
7.14;1027.92;221.32;5.88;133.73
3.85;1025.86;272.29;8.5;540.62
6.44;1025.86;291.66;5.38;108.56
6.2;1028.4;157.29;4.19;6.9
2.77;1010.85;247.03;6.37;3.65
4.27;1027.45;290.28;8.07;547.83
4.21;1025.7;203.38;12.09;1389.43
6.4;1026.58;295.79;7.09;382.93
2.96;1010.77;231.69;5.44;3.67
7.45;1014.25;290.11;17.81;2018.69
5.46;1016.63;273.64;12.31;1551.49
3.85;1026.84;270.16;8.0;8.51
5.74;1023.47;295.96;11.65;1541.4
3.7;1009.24;227.9;11.35;1235.48
-2.05;1030.39;356.8;7.09;295.58
3.7;1008.46;262.88;6.49;3.43
2.52;1010.19;295.61;18.83;2013.94
-1.2;1031.93;265.2;0.94;8.28
3.73;1026.39;262.46;6.47;8.4
6.2;1014.57;209.32;16.02;579.45
-3.87;1000.81;218.84;0.99;7.75
5.38;1014.17;265.45;16.98;2013.63
0.31;1032.8;102.66;0.32;8.08
4.15;1030.07;201.82;3.98;6.89
2.07;1032.94;314.5;5.63;108.26
3.73;1010.77;294.24;9.7;871.28
5.52;1016.59;256.27;12.39;1552.11
4.92;1019.94;218.49;9.1;667.62
1.97;1030.59;318.99;7.09;288.74
6.75;1016.98;288.94;12.89;1651.69
0.35;999.3;341.6;6.05;139.86
6.35;1018.48;291.06;15.05;1981.9
4.27;1022.5;188.05;5.91;133.19
3.29;1012.94;277.37;11.08;1255.45
5.72;998.73;265.75;17.18;2016.17
1.73;1033.01;296.88;6.55;263.99
4.38;1016.35;266.76;13.55;1857.51
3.09;1035.28;313.69;4.32;8.71
6.94;1016.8;289.97;13.22;1704.61
5.34;1028.93;188.6;9.08;679.88
0.96;1031.87;307.54;5.46;108.41
5.25;1029.28;184.43;8.54;564.85
4.19;998.68;194.58;18.43;2018.53
-0.17;1032.35;315.96;6.25;150.91
7.5;1020.24;141.25;11.56;1257.63
4.16;1026.48;216.08;3.68;7.06
4.11;1017.22;228.65;17.46;2019.12
6.22;1017.49;207.5;9.38;764.9
3.24;1028.86;196.07;5.96;141.68
3.16;1007.7;245.9;6.85;3.49
2.61;1033.05;179.18;6.38;214.7
3.3;981.82;273.47;14.2;1721.38
2.93;1028.62;238.75;4.08;6.93
6.36;1017.27;207.0;10.24;942.61
2.49;1029.53;300.47;6.06;154.23
3.86;1024.95;206.6;6.12;187.63
4.84;1012.69;321.27;1.39;3.91
5.98;1027.92;313.7;6.05;350.71
2.96;1029.17;255.27;3.91;7.8
2.52;981.15;304.64;14.14;1750.88
4.45;1016.48;264.12;14.87;2005.09
5.78;1021.68;296.63;11.56;1183.58
-0.55;1032.61;319.85;5.29;7.54
2.48;1032.34;347.86;6.17;139.36
4.69;1002.01;193.79;10.04;856.12
-1.9;996.57;335.85;16.72;2000.85
3.96;1021.92;196.92;5.89;3.87
5.2;1025.23;305.54;8.73;687.1
3.97;1025.99;209.42;12.04;1474.25
1.87;982.77;292.53;13.16;1717.29
6.08;1008.31;250.64;17.23;2014.87
1.55;999.14;277.48;19.73;2021.57
4.34;1022.94;177.2;5.94;7.27
4.0;1028.09;293.09;8.1;448.68
5.99;1021.79;238.61;6.51;230.55
3.6;1029.12;233.03;6.01;156.15
6.13;1018.92;290.57;14.98;2000.32
-3.04;1031.25;358.92;6.69;279.9
4.21;1028.67;284.68;4.07;8.54
4.37;1014.22;283.28;2.82;4.23
5.39;1014.57;273.23;15.82;2016.32
4.13;1025.82;283.54;7.75;417.46
2.27;1031.21;261.56;10.11;929.2
5.56;1019.45;215.93;7.66;365.88
4.2;1025.8;128.78;6.15;143.58
2.13;998.33;269.49;15.28;2008.29
5.99;992.69;234.52;17.78;2019.85
5.16;1008.16;240.04;10.35;968.92
5.32;1009.37;250.87;13.14;1724.33
5.49;1015.89;245.73;12.39;1535.34
5.27;1024.97;306.86;9.29;779.66
2.99;1032.49;265.63;6.62;8.22
3.04;1010.77;232.05;4.75;3.66
2.38;1028.77;192.42;2.23;8.01
2.71;1010.88;231.91;6.66;3.63
6.79;1021.73;131.11;9.16;654.94
7.62;1017.7;193.29;16.52;2015.04
1.76;1023.6;128.35;7.88;441.19
6.28;1016.4;199.53;9.96;882.05
4.84;1009.59;310.93;6.9;3.56
3.48;1012.45;283.65;9.55;661.61
4.93;1025.23;225.98;6.37;205.89
7.47;1028.01;312.21;6.72;307.74
4.58;1024.73;219.49;12.77;1601.17
0.76;1032.02;307.36;5.53;107.46
0.58;1028.57;178.76;4.48;8.4
4.67;1023.61;255.92;7.82;420.98
-3.42;1032.21;257.24;2.03;8.1
4.43;1024.79;219.04;13.06;1712.87
3.54;1026.44;275.12;8.3;508.65
3.95;1014.95;232.01;17.42;2016.2
3.03;1029.24;165.21;7.46;321.4
4.65;1023.39;247.91;9.61;780.95
7.02;1021.93;125.77;9.65;805.28
3.5;1030.15;264.35;6.12;8.39
2.67;1032.57;265.39;5.76;8.28
5.24;1023.87;231.16;11.53;1302.02
8.75;1025.88;153.07;4.07;7.24
5.34;997.89;242.23;10.11;878.61
4.64;1023.43;238.1;9.64;799.73
4.59;1023.54;234.85;8.56;579.46
2.34;1029.77;308.07;4.89;6.77
2.5;1009.71;156.97;4.42;3.73
2.48;1027.74;237.12;2.21;7.41
6.06;1024.4;188.8;13.81;1889.55
4.07;1010.72;290.82;10.12;914.67
0.19;1032.63;152.33;1.22;7.85
2.58;998.19;274.34;14.79;1951.79
2.76;1027.43;164.55;8.1;466.35
4.12;1026.5;139.32;4.23;5.25
3.84;1009.91;264.16;11.37;798.32
2.45;1033.12;285.78;5.35;8.23
3.92;1026.95;232.64;6.09;174.52
2.07;991.35;323.48;14.08;1834.6
2.63;1029.0;191.28;4.17;7.91
3.27;1027.43;272.82;6.32;194.96
4.7;1025.4;271.7;5.06;73.99
5.28;1007.9;242.65;11.41;1256.12
5.14;1025.34;187.27;12.88;1575.66
3.98;1015.49;231.37;17.53;2015.4
4.18;1024.57;219.65;6.22;154.87
2.14;1029.23;268.1;3.24;7.42
4.65;1027.82;196.5;7.73;425.92
5.35;1028.12;136.98;5.72;115.32
2.29;1032.52;269.32;6.51;8.37
6.68;990.07;252.52;15.7;2013.67
4.25;1029.15;203.08;3.95;7.32
3.67;1031.28;124.45;3.66;7.38
7.39;1027.65;310.22;6.76;314.31
6.6;1016.94;205.88;11.05;1158.32
0.9;1031.47;338.99;7.47;343.87
4.12;1028.61;279.17;6.54;213.46
5.48;1028.88;315.65;5.34;125.62
5.08;1010.43;267.16;9.17;746.21
7.67;1017.36;298.51;17.75;1466.81
4.36;1023.7;250.22;7.44;350.76
3.42;1032.17;271.26;6.63;8.24
5.34;1028.17;228.09;4.42;7.27
2.71;1010.88;232.68;5.35;3.72
3.95;1021.66;193.8;6.52;3.84
4.69;1008.48;229.34;10.02;874.12
4.95;1019.9;214.98;8.83;617.24
4.42;1024.72;212.96;13.39;1841.31
3.98;1026.42;130.31;2.18;7.92
5.99;1019.95;290.66;13.73;1798.34
6.15;1029.72;191.73;7.08;284.96
6.35;1009.32;266.43;16.38;2015.38
3.62;1010.75;294.34;10.15;948.11
-2.18;1002.24;296.35;8.66;489.94
1.75;1032.74;328.01;5.88;38.01
5.4;1016.36;271.17;11.71;1358.32
4.38;1016.09;272.23;14.2;1983.66
1.84;1032.78;319.15;5.8;118.68
1.62;1023.53;133.59;8.59;521.6
1.79;1033.08;301.48;6.46;226.65
-0.56;1002.55;329.48;5.11;63.2
4.07;1004.6;302.17;16.21;2014.22
3.67;1032.54;354.72;6.87;205.67
0.2;1032.81;155.8;1.0;8.07
2.72;1033.8;296.6;4.38;8.71
4.33;1028.51;255.31;5.91;152.12
5.89;1020.13;209.92;7.15;300.15
3.97;1025.87;224.15;12.1;1468.58
4.68;1023.44;251.95;7.98;452.8
4.41;1025.11;211.1;13.57;1874.83
1.53;1023.56;131.7;8.15;419.33
4.9;999.5;220.27;8.91;612.12
4.6;1023.43;238.39;10.09;909.78
3.59;1035.03;313.52;3.31;8.45
5.38;1010.06;219.88;12.84;1610.88
3.35;1026.84;178.85;7.73;421.85
5.3;1008.52;182.43;12.15;1436.77
5.18;1009.47;251.45;12.82;1645.03
5.84;1024.58;308.8;11.72;1489.43
3.49;1028.89;196.41;6.35;175.68
1.96;980.32;289.14;13.0;1566.2
6.01;1023.63;304.16;13.61;1796.22
-0.65;1032.61;328.61;4.72;7.69
2.69;1028.76;209.2;2.09;7.83
4.23;1009.94;277.85;7.78;460.74
2.46;1029.08;270.05;3.1;7.61
1.98;1030.07;312.08;8.41;567.99
4.43;1027.84;222.05;6.55;241.94
8.21;1026.57;173.85;6.48;171.45
5.35;1011.36;314.86;6.38;3.37
3.69;1028.91;194.58;6.58;226.51
3.3;1035.25;324.0;3.59;8.27
4.78;1007.65;226.57;9.81;822.24
0.97;1001.6;285.61;14.68;1727.37
3.2;1028.91;193.75;6.35;187.12
3.8;1025.2;213.75;6.92;281.33
6.26;1010.12;270.98;15.88;2011.4
4.04;1023.37;185.45;4.62;29.51
-3.5;999.07;144.24;4.27;7.9
2.56;980.99;298.87;14.81;1923.57
4.1;1023.45;188.01;5.24;85.91
4.99;1021.12;198.66;8.34;528.95
3.36;1032.05;270.78;6.36;8.21
1.99;1033.07;284.55;7.12;304.18
1.92;1010.16;204.73;5.39;3.74
4.68;1026.28;289.91;7.2;446.31
5.4;1014.25;271.8;16.31;2014.74
2.27;1027.69;142.61;6.15;127.13
4.22;1026.62;216.22;2.39;7.15
4.58;1023.61;241.87;9.32;747.29
2.5;1010.95;233.71;4.97;3.76
4.56;1023.89;236.44;9.85;890.33
3.49;1031.01;294.63;5.08;8.25
4.83;1030.11;181.76;7.97;430.78
4.09;1028.79;134.64;4.44;7.23
4.88;1014.84;278.27;15.24;2010.77
0.45;1032.56;163.26;1.46;7.9
3.07;1029.54;308.05;4.47;6.88
4.96;1029.02;314.49;8.83;594.11
4.54;1023.73;238.22;9.28;732.29
4.11;1009.49;253.97;6.86;3.68
4.6;1021.71;221.52;15.63;2011.11
4.73;1023.58;227.33;8.56;564.8
1.12;1028.43;178.18;4.9;8.39
3.96;1022.5;217.11;6.0;3.84
4.9;1025.68;215.72;8.16;498.25
5.66;999.11;242.35;13.33;1800.53
6.06;1029.78;194.47;7.66;388.83
6.03;1008.34;249.11;17.11;2016.16
3.49;1029.42;163.11;8.07;453.74
5.61;1013.15;207.97;15.47;2011.3
4.51;1028.87;293.52;3.88;8.5
3.37;1028.99;239.32;4.74;35.94
5.98;997.75;259.77;15.58;2012.15
1.83;1029.59;276.84;4.77;7.53
5.25;1007.86;243.16;12.0;1410.92
3.78;1029.27;220.71;7.06;337.27
-2.05;996.75;338.34;13.92;1740.79
1.34;1030.8;334.51;8.32;506.55
3.31;1012.84;284.81;10.54;993.0
6.38;992.12;252.18;16.06;2014.74
6.19;1018.86;202.1;10.38;993.33
5.37;1008.94;251.36;12.0;1421.5
4.53;1028.49;319.34;5.4;95.09
5.3;1016.0;269.14;12.43;1553.88
4.29;1029.29;319.65;4.91;60.25
5.47;1010.26;213.54;14.24;1948.02
4.02;1032.13;335.58;2.85;8.11
3.41;1027.27;274.27;6.66;263.17
5.25;1020.01;226.56;17.15;2016.72
5.04;1027.84;187.2;9.67;804.86
5.08;1026.79;291.32;7.97;522.15
6.84;1015.53;209.81;17.85;2020.82
5.05;1024.23;208.11;8.21;494.66
1.83;1030.04;311.17;7.91;471.2
1.96;1009.93;194.48;5.73;3.78
6.0;1020.43;291.53;13.5;1702.58
5.38;1028.52;153.98;9.48;677.4
4.02;1027.47;191.15;7.56;378.11
5.82;1019.86;217.92;7.64;378.21
3.98;1026.21;108.45;1.08;7.66
4.47;1024.74;264.7;6.78;263.57
3.91;1028.5;284.91;4.48;8.6
0.85;1028.81;193.26;3.55;8.0
5.5;997.86;246.65;10.9;1090.05
-0.31;1032.51;316.63;6.09;155.67
2.0;1033.11;302.42;7.04;386.91
7.4;1019.95;145.92;11.97;1181.91
6.06;1018.34;193.11;11.14;1143.36
6.58;1016.8;208.83;11.38;1239.56
7.04;1019.06;148.65;12.48;653.87
5.49;1029.63;191.48;8.96;647.56
2.44;1029.03;182.19;5.17;7.72
6.67;1027.92;316.36;7.3;181.27
2.54;1033.12;288.5;6.25;8.29
-1.52;1031.84;240.88;1.82;8.33
5.73;1029.4;179.35;7.8;416.65
0.75;1001.5;281.54;12.04;1343.53
4.12;1032.23;340.75;3.88;8.06
1.6;1029.68;279.21;4.7;7.25
4.17;1029.03;236.2;6.7;259.59
4.4;1028.15;242.57;7.35;337.18
4.53;1024.64;220.07;13.15;1739.62
3.34;1010.68;288.05;4.73;57.15
4.51;1007.25;159.31;6.9;3.74
-0.56;1002.62;331.27;4.5;22.85
1.48;1030.81;332.71;8.02;462.21
4.66;1029.0;290.56;4.77;8.5
4.15;1029.01;244.0;5.85;141.18
2.16;1012.71;272.63;8.84;705.18
4.27;1008.01;257.59;11.02;1175.93
6.45;1021.59;131.0;9.19;596.5
-2.48;1030.47;354.28;6.21;201.57
3.7;1032.08;330.04;3.98;8.19
3.52;1029.23;243.02;5.87;141.53
4.52;1003.25;175.29;9.19;655.09
2.25;1027.4;154.38;7.61;354.58
2.44;980.65;268.41;12.07;1425.83
2.83;981.96;281.48;11.54;1233.33
4.58;1013.2;303.95;1.57;3.93
9.23;1024.77;117.1;6.48;174.87
5.45;1008.69;250.55;10.72;1064.8
4.19;1022.48;218.25;5.36;3.8
3.61;1029.3;240.86;5.91;160.91
2.57;1033.78;297.19;3.48;8.48
-0.11;1032.57;152.44;2.04;8.09
5.94;1028.19;181.7;5.61;7.31
2.82;1035.13;302.91;4.48;8.49
3.43;1007.22;307.6;9.26;1031.9
4.61;1024.92;227.89;6.9;293.47
5.78;1030.12;208.49;5.12;7.03
5.3;1023.68;235.26;11.6;723.0
-3.97;1032.2;285.24;1.29;8.3
2.79;1033.68;192.19;6.95;280.4
0.04;1003.92;330.43;5.45;106.92
4.64;1027.88;199.11;7.35;387.07
0.67;1016.68;141.52;6.81;3.62
3.82;1032.36;357.59;4.59;7.83
3.2;980.22;258.13;14.37;1975.0
5.32;1029.65;119.85;5.18;56.56
4.81;999.98;219.09;8.77;559.22
3.68;1010.4;233.82;9.4;771.92
4.49;1022.68;181.92;6.45;215.72
4.97;1021.22;199.63;8.26;519.98
5.68;1016.95;264.35;12.7;1579.81
4.83;1035.3;187.98;1.02;8.16
3.15;980.32;293.94;17.53;2007.11
6.56;1029.64;181.34;9.62;809.74
6.21;1008.49;259.79;15.8;2014.47
3.05;1035.19;315.85;3.92;8.46
5.04;1030.08;188.5;7.07;6.37
7.45;1028.36;176.73;9.78;780.95
6.07;1027.06;297.87;6.16;173.72
5.11;999.28;258.99;17.02;2018.98
5.59;1026.34;236.66;3.2;7.54
0.19;1032.6;113.19;0.42;8.11
1.87;1027.58;155.57;6.38;199.81
4.61;1016.3;260.65;13.99;1931.46
4.46;1009.44;235.63;10.66;1058.16
4.82;1023.57;230.97;8.85;630.84
7.4;1029.56;175.87;2.01;7.33
4.05;1016.34;229.42;16.88;2016.78
5.08;1024.1;201.59;8.33;418.09
4.6;1019.94;204.08;8.77;631.23
4.23;1023.66;160.49;7.49;304.84
3.14;980.64;281.4;17.91;2022.29
4.58;1009.2;256.43;6.53;3.68
8.94;1024.74;117.24;6.41;152.65
5.77;1026.25;261.06;3.35;7.22
4.26;1010.04;265.49;10.86;1122.55
1.58;1032.24;144.37;1.61;7.79
4.62;1023.86;231.87;10.02;885.2
2.54;1031.84;169.82;7.97;436.58
4.61;1024.77;234.84;7.11;332.66
4.79;1009.82;244.47;11.05;1146.99
4.05;1027.92;290.38;8.6;631.96
2.58;1032.24;284.63;8.71;576.5
4.39;1013.62;269.86;3.46;4.05
6.34;1029.73;181.52;9.73;818.16
5.03;1027.8;189.59;9.59;785.18
5.19;1028.75;252.54;6.06;183.65
4.53;1028.04;209.82;6.24;182.05
3.5;982.23;272.45;14.99;1973.7
4.47;1025.18;208.59;13.76;1878.84
3.63;1026.97;277.54;7.87;405.72
4.74;1029.81;189.3;9.41;727.91
2.9;1008.11;273.37;6.75;3.31
4.62;1033.95;207.94;4.84;8.04
3.89;1023.12;225.67;6.42;3.71
5.67;1034.46;271.72;3.96;8.3
2.62;1024.67;129.71;7.48;313.86
3.53;1028.48;247.28;8.69;620.22
-5.13;1001.96;272.6;1.73;7.76
2.04;980.51;293.45;10.26;676.09
5.43;1020.06;219.53;9.84;828.09
3.44;1023.29;152.14;8.34;376.86
3.69;1032.71;358.19;4.73;55.9
3.64;1006.14;307.11;14.77;1992.48
5.44;1020.44;213.39;9.97;873.21
5.88;998.27;270.91;18.56;2021.39
8.96;1025.59;138.58;4.32;7.21
6.65;1028.47;154.09;3.89;6.93
3.86;1028.91;281.66;7.1;294.26
5.67;1030.05;102.7;5.72;104.78
4.42;1019.8;207.2;9.29;717.67
6.25;1028.64;311.23;6.12;206.78
-2.48;1030.63;356.07;6.1;208.31
3.54;1035.48;322.75;5.13;8.74
0.64;1000.75;321.01;9.7;630.92
5.84;1028.47;165.2;9.21;641.51
4.39;1028.28;214.79;6.23;169.65
2.65;1028.94;188.77;5.3;87.92
1.93;1033.11;295.76;7.74;443.47
3.4;1031.41;125.19;3.64;7.34
3.51;1031.62;269.97;6.95;8.26
6.04;1010.37;192.07;12.62;1547.93
2.17;1033.01;289.3;7.25;377.47
3.07;979.94;281.14;14.87;1844.22
3.43;1009.65;269.76;8.12;528.21
6.99;1034.66;210.94;2.41;8.32
4.15;1028.46;281.32;5.8;142.27
1.74;995.84;326.77;6.07;7.36
3.87;1025.73;273.48;8.51;548.17
0.72;1028.13;164.83;5.03;7.94
0.51;981.63;290.92;17.57;2013.03
2.23;1027.6;145.57;6.81;208.9
3.88;1027.41;188.63;7.49;356.08
4.87;1025.36;232.16;6.24;199.9
3.23;1027.62;274.4;6.25;181.39
5.61;1028.54;314.37;8.65;522.78
6.16;1019.38;292.95;14.8;1954.99
0.93;1031.42;338.82;7.19;298.44
3.99;1025.77;280.67;8.11;435.5
1.52;1011.63;295.73;8.84;650.86
3.83;1026.47;228.13;11.26;1237.11
4.43;1027.65;245.33;5.43;93.02
5.82;1021.35;290.61;12.8;1685.21
3.28;1030.67;265.24;5.34;8.42
7.55;1034.57;223.91;3.33;8.22
3.9;1021.52;191.23;7.68;418.29
6.28;1009.44;266.05;16.11;1315.13
1.71;1029.64;276.27;4.23;7.4
3.39;1012.85;275.62;10.67;1176.53
2.15;982.77;291.74;12.04;1488.92
4.4;1029.03;322.91;5.43;76.39
3.6;1028.88;197.94;6.76;237.03
5.29;1014.24;268.44;16.11;2011.88
4.02;1016.63;230.88;17.04;2016.11
2.27;1009.7;186.46;4.93;3.71
2.56;1010.66;264.56;5.53;3.58
5.99;1013.52;211.8;11.27;1217.06
5.53;1015.05;276.55;15.83;2014.29
6.17;1009.11;191.43;12.17;1400.23
3.27;1030.57;262.82;5.01;8.39
6.16;1017.59;207.97;9.8;846.62
3.92;1025.7;276.9;8.03;477.54
7.35;1028.38;174.58;10.08;873.94
5.29;1009.27;238.66;17.74;2020.65
3.47;1004.37;298.59;14.15;1953.62
4.22;1026.38;212.32;4.67;7.05
4.41;1022.77;182.01;7.12;312.93
3.6;1029.32;267.93;5.93;172.34
5.59;1026.29;241.15;2.81;7.31
4.96;1029.62;170.12;9.44;665.81
4.69;1010.17;267.76;9.27;735.07
4.04;1030.85;109.72;3.84;7.18
-5.05;1001.78;334.32;0.96;7.73
5.59;1028.53;189.64;8.48;567.67
4.62;1011.72;235.97;17.82;2019.84
1.17;993.91;322.28;16.23;1930.7
2.54;1011.11;261.06;6.34;3.67
1.82;1030.79;328.94;8.28;564.22
-0.37;1032.79;342.29;4.62;7.89
5.29;1028.35;145.25;9.38;652.99
5.32;1029.66;177.66;9.87;825.37
-0.29;1000.72;343.16;7.92;508.97
5.09;1028.7;235.89;6.75;256.37
3.03;1003.93;298.75;14.26;1970.59
4.14;1028.95;228.44;7.37;350.6
4.01;1025.75;281.18;7.61;388.1
7.15;1015.95;198.9;17.14;2018.04
8.49;1029.41;142.6;2.42;7.78
1.15;1028.8;192.22;3.31;8.02
4.8;1023.49;232.31;8.79;629.93
3.55;1030.97;291.07;5.78;8.29
5.41;1009.0;251.85;13.11;1718.8
5.07;1029.65;175.95;10.18;896.21
3.52;1028.08;242.44;8.84;643.75
2.56;1029.64;304.09;4.56;8.87
7.77;1029.3;158.67;2.1;7.12
7.41;1013.32;289.04;16.86;2017.74
4.53;1028.11;207.8;6.0;149.42
3.76;1011.9;292.62;11.09;183.27
2.08;998.09;250.21;17.13;2015.26
2.22;1033.86;116.72;2.42;8.21
3.04;1029.81;256.15;5.32;42.0
4.17;1026.41;239.51;1.64;7.29
5.34;998.21;246.18;8.98;648.53
4.98;1023.52;166.98;7.68;74.15
5.24;1028.34;215.84;4.46;3.48
0.41;1032.18;315.56;4.98;42.21
6.39;1010.04;269.11;16.17;2010.64
4.84;1025.51;217.99;7.59;386.83
6.79;1011.88;284.45;13.97;1860.54
7.56;1029.25;159.74;2.45;7.06
7.84;1029.34;155.83;2.18;7.8
2.07;1027.54;163.68;7.28;281.12
-4.3;1032.12;346.5;0.44;8.19
3.45;1029.12;238.54;5.39;92.22
1.84;1033.12;289.46;7.04;351.27
4.89;1025.81;219.84;7.36;357.53
1.36;1032.63;314.58;5.25;8.39
6.65;1014.77;282.31;15.51;2009.21
2.55;1011.13;302.83;6.92;3.92
7.43;1021.97;123.44;10.91;1173.33
1.8;1031.26;308.4;4.45;54.29
2.65;1027.63;156.03;8.68;562.5
3.93;1026.42;123.4;2.53;7.89
7.36;1028.52;180.26;10.28;903.61
7.36;1028.4;323.29;5.78;162.53
4.64;1021.36;199.06;8.87;629.54
6.67;1022.39;257.62;7.25;330.63
5.45;1014.33;191.55;8.25;504.01
2.62;1034.97;229.26;1.91;8.14
4.04;1023.94;220.3;14.76;2006.64
6.66;989.58;252.0;14.4;1962.96
5.51;1028.38;222.02;4.83;6.04
4.62;1008.82;240.29;10.84;1119.24
3.12;1032.46;173.89;7.14;315.34
4.91;1006.27;244.42;7.82;5.96
2.0;1028.34;139.3;5.0;42.61
5.65;1019.23;217.82;8.76;598.04
4.57;1023.57;250.21;7.33;326.15
4.46;1014.6;319.01;2.32;4.25
4.91;1015.17;200.52;5.86;158.69
2.56;1032.64;287.37;7.65;464.1
3.66;1029.42;264.01;6.44;233.17
4.52;1028.04;211.76;6.93;263.68
1.84;1023.64;130.57;7.35;340.93
4.15;1028.34;242.97;5.26;86.49
4.3;1027.73;287.44;6.84;322.72
4.54;1009.62;234.25;9.41;725.98
4.05;1015.61;230.11;17.46;2019.6
4.72;1016.23;258.64;15.16;2001.36
4.7;1020.04;205.9;8.28;511.48
3.8;1029.19;296.19;5.82;124.95
6.11;1008.32;251.77;16.5;2014.12
5.38;1015.43;242.44;12.16;1437.81
5.85;998.23;257.42;15.02;2003.6
-5.29;1001.96;304.68;1.43;7.76
7.45;1014.55;291.73;17.2;2018.52
4.16;1025.96;141.44;6.39;175.98
5.24;1010.12;265.34;10.11;949.7
7.39;1029.53;187.49;2.56;7.69
2.16;1030.3;313.59;8.5;559.04
5.5;1029.44;175.72;8.62;527.45
-0.45;1032.73;344.34;4.94;7.86
6.37;1018.23;289.5;14.81;2004.19
6.57;1018.74;156.86;10.92;1046.54
2.43;1033.26;291.88;3.84;8.62
4.35;1026.42;213.25;4.44;14.85
2.73;1029.07;178.43;4.67;7.76
0.27;1028.52;171.62;3.77;8.1
3.98;1026.2;209.24;10.86;1044.23
4.87;1016.15;256.34;14.4;1979.09
5.64;1019.23;219.75;9.9;837.15
1.68;1027.76;141.99;5.82;132.09
3.51;1029.83;197.71;4.05;7.31
0.07;1032.86;330.03;5.78;112.64
5.1;1029.91;121.53;4.79;20.95
3.65;1009.61;258.92;6.14;3.64
2.54;1027.58;162.17;8.02;404.63
4.41;1027.54;284.54;6.32;8.41
4.13;1023.08;222.52;6.51;3.69
3.82;1032.55;356.3;4.92;14.41
2.51;1027.48;164.92;8.3;492.24
1.2;1032.26;342.11;6.19;178.61
-0.35;1001.18;340.16;6.99;372.43
-0.05;1032.86;331.22;6.07;149.26
3.51;1004.48;299.73;13.54;1833.76
6.29;1008.4;258.02;16.48;2016.4
4.62;1023.52;241.32;9.71;797.15
4.84;1020.95;199.46;9.06;681.19
6.79;1018.81;156.08;12.07;1271.76
2.19;1032.81;284.03;6.97;252.13
4.8;1027.31;178.27;11.6;1296.95
2.71;1034.57;310.45;4.29;8.61
0.02;1032.26;318.41;5.34;64.0
1.77;1033.02;300.03;5.68;168.63
5.19;1030.38;192.87;6.52;6.92
5.87;1024.41;309.29;11.98;1523.37
1.74;1032.44;341.39;6.16;120.71
3.34;1029.36;305.43;3.99;6.83
4.24;1030.13;183.75;10.8;1112.83
4.12;1025.08;224.4;13.12;1744.09
6.42;1009.09;265.52;16.79;2016.13
3.81;1028.3;287.39;6.66;268.61
5.01;1012.34;336.23;3.7;3.8
1.96;1030.06;312.46;8.23;534.76
1.41;1029.96;312.33;4.75;7.4
4.53;1023.62;242.55;8.22;495.31
4.68;1023.46;250.59;7.88;421.23
2.59;1032.31;287.14;8.03;555.1
4.04;1022.32;216.66;5.38;3.8
5.0;1027.89;193.73;8.86;629.67
3.06;1035.18;308.34;2.37;8.63
4.02;1028.39;157.52;9.58;707.92
2.86;1031.55;141.22;4.37;7.6
2.62;1032.84;268.32;5.34;8.4
2.7;1006.89;306.93;10.54;1029.14
2.72;1027.58;155.76;9.1;623.17
3.23;1029.78;249.86;6.37;168.66
3.24;1011.39;266.46;9.19;739.8
5.11;1024.09;230.72;11.25;1228.1
4.55;1034.03;210.65;4.93;7.96
5.41;1016.57;264.52;12.43;1556.29
4.55;1016.37;261.9;13.61;1894.95
5.46;1014.89;273.52;14.92;2009.83
4.02;1023.09;214.02;14.17;1990.74
5.42;1029.69;193.38;8.73;602.59
6.71;989.65;252.6;15.04;1996.03
3.73;1026.07;284.83;6.88;252.99
4.64;1008.41;225.29;9.74;771.09
5.3;1028.21;213.36;4.12;7.26
4.14;1000.48;196.77;17.65;2016.55
5.66;1011.69;197.98;11.61;1298.07
5.36;1028.2;222.1;4.67;7.23
3.25;1035.32;321.81;3.62;8.4
7.77;1023.29;110.92;9.13;592.29
5.28;1023.4;229.82;9.79;792.33
7.75;1022.97;111.81;9.78;716.16
-4.33;1032.32;319.13;1.58;8.16
3.64;1008.91;157.21;4.99;3.78
2.66;1010.69;228.61;6.21;3.64
1.88;1030.63;322.11;8.29;483.14
4.06;1029.14;295.99;5.57;110.33
4.41;1024.56;265.12;6.95;288.29
3.19;1028.92;271.79;5.83;176.28
4.71;1016.56;268.0;14.28;1976.04
2.01;1030.0;281.24;5.35;6.65
4.57;1028.99;289.97;4.2;8.47
4.78;1029.8;187.86;9.68;823.41
7.52;1029.48;185.41;1.92;7.74
5.8;1013.84;211.59;15.02;2006.07
4.17;1022.6;218.45;5.29;3.75
2.81;1032.3;336.43;3.82;8.25
6.16;1020.18;212.86;8.21;488.02
0.9;1031.79;307.01;5.55;114.07
4.61;1023.37;244.14;7.79;412.1
5.35;1029.73;190.73;8.12;494.0
1.73;1029.98;308.72;7.53;492.19
2.39;982.86;290.33;13.37;1737.83
0.77;1004.48;343.81;6.34;155.52
3.8;1023.16;232.45;5.66;3.71
3.76;1026.79;200.11;7.4;389.74
2.54;1032.55;265.78;5.75;8.31
6.15;1014.46;209.49;15.54;2007.84
5.1;1009.53;250.19;12.38;1530.85
4.17;1022.4;185.72;5.42;99.01
7.3;1015.47;289.17;13.94;1847.38
0.53;1028.74;179.7;4.33;8.17
4.89;1024.52;216.01;7.75;406.61
2.1;1011.03;258.93;3.44;3.69
3.85;1032.3;352.76;4.77;7.88
2.78;1033.82;193.05;6.99;299.09
1.46;1029.75;274.4;4.54;7.32
1.74;999.52;268.13;16.42;2012.28
0.18;1028.51;170.5;3.85;8.13
4.81;1009.72;244.86;11.5;1279.78
3.93;1031.02;114.85;5.17;7.29
3.49;1030.98;286.92;5.1;8.22
2.8;1029.03;251.09;1.84;7.74
1.92;1032.76;322.2;5.12;78.25
0.69;1000.48;321.22;14.65;1863.35
2.51;1010.73;224.44;6.41;3.71
1.92;1023.68;126.86;8.23;412.83
5.66;1012.24;209.92;15.06;2004.91
4.61;1026.46;309.54;7.78;413.39
5.02;1028.46;150.41;9.45;674.68
3.48;1009.88;255.21;10.0;924.57
3.32;1009.73;259.67;10.02;887.25
5.39;1016.68;266.8;11.37;1275.15
4.63;1008.69;235.04;10.97;1139.83
6.59;1022.87;267.37;6.91;271.02
-0.57;998.16;335.36;16.04;2001.72
7.65;1015.0;297.47;18.07;2018.01
4.82;1023.47;230.13;9.74;803.4
4.06;1011.0;269.94;10.28;930.27
4.21;1026.38;237.33;2.34;7.26
4.56;1023.59;237.4;6.81;3.69
4.67;1015.52;279.21;15.39;1973.93
3.48;1029.66;253.48;6.33;149.72
4.16;1023.12;221.95;6.83;3.71
-3.16;1002.26;271.48;5.39;7.75
3.91;1027.19;233.18;6.3;211.59
4.34;1028.97;239.45;5.62;132.42
5.79;986.78;245.24;14.49;1976.67
5.13;1007.5;220.15;13.2;1720.04
4.57;1029.03;292.78;4.69;8.49
5.43;1015.8;273.08;13.36;1811.07
5.2;998.36;254.74;19.79;2030.17
5.79;986.48;246.79;14.64;1961.1
4.26;1034.96;204.58;2.43;8.14
3.14;1029.69;255.25;4.64;7.21
4.75;1006.61;220.85;10.41;976.09
4.9;1015.03;259.86;14.97;2001.56
5.68;1022.9;304.14;13.97;1916.9
6.28;1021.74;306.74;14.06;1952.85
6.41;1021.52;308.61;15.26;1960.26
4.77;1009.74;240.12;9.79;820.76
2.4;1009.76;166.63;4.13;3.72
5.49;1028.49;230.35;4.67;21.29
4.44;1013.84;281.29;2.94;4.11
5.62;1018.92;209.96;9.5;731.56
3.93;1015.46;231.23;17.11;2019.01
1.95;986.43;305.68;17.46;2018.6
4.69;1026.65;181.22;12.12;1430.79
5.22;1013.67;284.02;16.57;2008.08
4.06;1016.14;231.12;17.28;2021.96
4.79;1023.63;228.18;8.24;477.04
3.98;1032.06;329.41;3.12;8.14
3.42;1005.29;306.96;14.96;1991.05
6.38;992.05;250.86;14.8;1983.6
4.74;1025.45;218.65;6.66;273.04
4.45;1011.87;283.52;13.67;1727.91
4.17;1025.86;284.21;7.41;355.61
4.68;1026.58;178.93;12.44;1511.81
-0.2;1032.8;334.99;5.64;105.43
5.43;1009.24;252.72;13.08;1713.64
7.34;1028.21;231.21;5.72;137.2
0.14;1032.3;307.04;1.66;8.31
4.82;1029.91;192.72;6.6;6.27
5.35;1008.93;179.92;10.54;1035.88
4.34;1010.08;270.08;10.88;1126.64
1.51;1029.69;270.61;3.88;7.61
2.57;1010.64;219.31;5.22;3.73
3.44;1007.27;314.14;11.3;1228.88
6.46;1023.64;192.52;14.51;378.69
4.49;1009.82;289.13;9.49;813.79
4.83;1010.48;238.43;17.83;2020.4
3.69;1028.82;252.58;7.96;462.72
5.53;1016.35;255.03;12.82;1642.87
5.04;1015.76;251.95;13.9;1932.51
2.68;1029.14;199.4;4.14;7.75
3.94;1026.23;126.78;4.99;7.12
7.32;1027.66;313.64;7.08;359.03
0.61;1015.68;140.22;6.52;3.53
-4.0;1000.73;211.59;1.19;7.7
4.85;1030.12;175.18;8.11;429.81
4.13;1027.28;282.17;5.58;8.46
